id,sb_nummer,sb_name,flaeche_qm,stadtbezirk,bevolkerung,einwohnerdichte,anzahl_wc,geometry,wc_pro_10000
vablock_stadtbezirk.1,4,Schwabing-West,4363287.49516,Schwabing West,68610,157,13,"list(c(691821.83680084, 691767.29080084, 691722.86450084, 691549.29580084, 691466.06530083, 691382.24680083, 691295.23590083, 691289.82320083, 691265.52180083, 691255.39640083, 691210.30650083, 691165.38640083, 691109.14820083, 691103.68190083, 690936.69560082, 690873.52280082, 690817.53180082, 690770.55880082, 690706.13410082, 690614.63070082, 690400.25370081, 690192.08720081, 690182.29920081, 690269.28050081, 690302.25730081, 690337.63310081, 690343.63230081, 690344.54580081, 690344.82760081, 690345.69150081, 
690347.05390081, 690348.96220081, 690348.96360081, 690351.44990081, 690354.42500081, 690357.66900081, 690360.31310081, 690361.08920081, 690364.66920081, 690369.12750081, 690374.36310081, 690378.56500081, 690379.61020081, 690383.62470081, 690385.48190081, 690372.17400081, 690370.27200081, 690397.21890081, 690453.01180081, 690334.35160081, 690275.06180081, 690215.38380081, 690156.23800081, 690104.1559008, 690053.1824008, 690003.1106008, 689969.5909008, 689928.8056008, 689903.5505008, 689874.2803008, 
689852.3373008, 689838.2028008, 689829.2304008, 689827.3725008, 689837.1979008, 689721.5025008, 689675.9594008, 689592.96830079, 689593.59260079, 689785.0039008, 689951.6795008, 690084.9257008, 690378.26860081, 690413.28760081, 690422.63240081, 690430.99550081, 690533.46800081, 690552.93660081, 690657.28180082, 690674.87720082, 690805.41590082, 690826.58590082, 690981.59510082, 691017.34410082, 691030.02720082, 691131.37740083, 691167.75790083, 691176.99390083, 691186.50320083, 691511.01580083, 691526.17200084, 
691537.01540084, 691580.27030084, 691598.17650084, 691636.18680084, 691788.32780084, 691820.34970084, 691838.93230084, 691850.67250084, 691851.60040084, 691852.83090084, 691859.89800084, 691861.50710084, 691869.06350084, 691870.40950084, 691878.56290084, 691879.17130084, 691824.49690084, 691832.60170084, 691837.66390084, 691838.25460084, 691803.88440084, 691801.75950084, 691799.87350084, 691760.76520084, 691760.05090084, 691758.19520084, 691765.08480084, 691776.12460084, 691908.81490084, 691925.75380084, 
692021.91640085, 692020.04030085, 692023.51560085, 692032.97280085, 692046.13070085, 692052.82000085, 692031.14000085, 692016.55350085, 692013.57000085, 691987.91180084, 691960.01020084, 691914.26970084, 692035.61140085, 692087.98470085, 692117.46820085, 692160.96090085, 692190.29140085, 692180.00510085, 692179.25200085, 692148.49970085, 692029.66540085, 691876.16610084, 691821.83680084, 5339259.12469795, 5339263.31749795, 5339268.31979795, 5339287.89879796, 5339294.34539797, 5339295.38439798, 5339290.29779798, 
5339289.37539798, 5339285.49579798, 5339283.91969799, 5339275.05559799, 5339260.87849799, 5339235.85689799, 5339233.40199799, 5339155.987798, 5339125.18879801, 5339098.04139802, 5339075.96899802, 5339054.64179802, 5339042.09099802, 5339040.44859804, 5339038.69129805, 5339016.86669805, 5338916.27999805, 5338881.53299805, 5338832.88259804, 5338823.35239804, 5338800.43639804, 5338788.35939804, 5338768.36829804, 5338748.39569804, 5338728.49309804, 5338728.48309804, 5338708.64319804, 5338688.86459804, 
5338669.12069804, 5338653.71209804, 5338649.21849804, 5338629.54159804, 5338610.06139804, 5338590.78429804, 5338575.46789804, 5338571.51589804, 5338558.44899804, 5338552.40519804, 5338550.20799804, 5338549.89219804, 5338384.69769804, 5338194.29949804, 5338204.60599805, 5338207.60399805, 5338206.11249805, 5338200.22219806, 5338191.17979806, 5338177.05519806, 5338156.49769807, 5338134.43359807, 5338099.41809807, 5338068.00109807, 5338022.85329807, 5337973.47689808, 5337921.60129808, 5337848.25699808, 
5337768.20219808, 5337401.42919808, 5337395.47389808, 5337375.22299809, 5337303.32279809, 5337302.67599809, 5337081.47609808, 5336889.23089807, 5336735.53299806, 5336990.40079804, 5336983.82349804, 5336979.08169804, 5336975.45729804, 5336948.53929804, 5336943.89479803, 5336923.30559803, 5336921.71459803, 5336910.01989802, 5336912.51269802, 5336914.41699801, 5336909.278298, 5336907.538998, 5336899.935498, 5336892.336398, 5336888.64599799, 5336884.86079799, 5336758.18789797, 5336753.37029797, 5336749.99269797, 
5336740.59509797, 5336739.38519797, 5336734.01169797, 5336714.15619796, 5336710.01169795, 5336828.78749795, 5337045.41919795, 5337059.76919795, 5337075.02959795, 5337162.70779795, 5337182.70219795, 5337288.81699795, 5337306.68729795, 5337414.95849795, 5337423.62819795, 5337428.31269795, 5337539.21099795, 5337613.62749795, 5337622.30419795, 5337732.92159795, 5337741.99049795, 5337750.28689795, 5338019.19739796, 5338026.07199795, 5338042.46929795, 5338091.40459795, 5338091.47509795, 5338093.31639794, 
5338094.98939794, 5338103.50759794, 5338172.07079794, 5338232.61739794, 5338296.61709794, 5338314.35229794, 5338346.64299793, 5338430.56689794, 5338521.40169794, 5338539.69179794, 5338675.27049794, 5338825.60719794, 5339115.22809794, 5339134.38309793, 5339142.68639793, 5339147.26519793, 5339154.15049793, 5339158.82499792, 5339268.67179792, 5339276.72119792, 5339274.92429793, 5339267.99389793, 5339259.65429794, 5339259.12469795))",1.894767526599621
vablock_stadtbezirk.2,19,Thalkirchen-Obersendling-Forstenried-Fürstenried-Solln,17763489.71034,Thalkirchen - Obersendling - Forstenried - Fürstenried - Solln,103717,58,18,"list(c(685540.46640071, 685543.41010071, 685533.91110071, 685526.67010071, 685524.06800071, 685510.31850071, 685514.18260071, 685512.87130071, 685488.19810071, 685494.16830071, 685518.82060071, 685520.76370071, 685528.49980071, 685533.85060071, 685540.46640071, 5327534.64919833, 5327538.09229833, 5327546.26659833, 5327552.49469833, 5327554.73269833, 5327538.73369833, 5327535.38139833, 5327533.84359833, 5327504.92319833, 5327499.86179834, 5327528.61639833, 5327527.01869833, 5327520.65669833, 5327526.91189833, 
5327534.64919833))",1.7354917708765196
vablock_stadtbezirk.3,19,Thalkirchen-Obersendling-Forstenried-Fürstenried-Solln,17763489.71034,Thalkirchen - Obersendling - Forstenried - Fürstenried - Solln,103717,58,18,"list(c(689968.4955008, 689963.0302008, 689962.9825008, 689958.3600008, 689958.3703008, 689944.2243008, 689942.6877008, 689942.6899008, 689942.6911008, 689942.0827008, 689942.0391008, 689938.6537008, 689938.1759008, 689942.1535008, 689937.7885008, 689937.5289008, 689940.9198008, 689938.8894008, 689936.6257008, 689933.5187008, 689930.5371008, 689927.4499008, 689924.1556008, 689922.6218008, 689918.6318008, 689913.7206008, 689909.3673008, 689902.2717008, 689895.4375008, 689882.3530008, 689874.6461008, 
689848.0508008, 689861.3726008, 689861.9595008, 689863.9443008, 689864.8267008, 689768.8701008, 689746.7440008, 689739.0305008, 689677.9674008, 689648.9940008, 689596.9207008, 689562.24730079, 689544.4312008, 689489.43780079, 689444.27530079, 689386.50810079, 689356.46360079, 689336.20810079, 689318.52140079, 689293.15070079, 689278.72860079, 689259.27270079, 689211.52190079, 689189.41260079, 689182.85500079, 689182.12280079, 689187.89560079, 689188.50700079, 689182.05150079, 689180.17230079, 689179.58950079, 
689179.11690079, 689178.61800079, 689177.50740079, 689176.80290079, 689174.79930079, 689170.93280079, 689158.68860079, 689155.36180079, 689152.15280079, 689152.59370079, 689151.93230079, 689151.35990079, 689140.91130079, 689138.94810079, 689136.31930079, 689133.40710079, 689129.77120079, 689129.19340079, 689114.90500079, 689026.54850078, 688930.74950078, 688817.68230078, 688818.29010078, 688818.51390078, 688819.05490078, 688818.91620078, 688811.86830078, 688808.06120078, 688804.34700078, 688799.36170078, 
688798.27850078, 688792.15050078, 688790.18540078, 688778.88670078, 688760.88960078, 688762.94950078, 688763.28180078, 688763.32850078, 688763.46780078, 688755.04200078, 688752.37740078, 688730.39860078, 688641.52410078, 688607.66910078, 688611.60230077, 688603.82650077, 688599.28760077, 688600.71250077, 688609.71280077, 688611.20230078, 688602.00200077, 688602.89010077, 688600.26570077, 688586.23900077, 688583.78070077, 688573.48680077, 688564.59220077, 688552.26000077, 688550.44900077, 688544.83780077, 
688522.48800077, 688497.12780077, 688484.33940077, 688472.11780077, 688468.23180077, 688449.72640077, 688437.85500077, 688433.89890077, 688417.70700077, 688416.32270077, 688413.64560077, 688413.44730077, 688405.80550077, 688398.57210077, 688391.88680077, 688370.77080077, 688301.49620077, 688299.82020077, 688285.44860077, 688281.57650077, 688273.84950077, 688263.28350077, 688245.01830077, 688236.65520077, 688226.34740077, 688214.60010077, 688203.53110077, 688194.66810077, 688192.38050077, 688178.65390077, 
688178.46660077, 688168.48740077, 688151.57400077, 688131.16410077, 688120.93500077, 688111.95680076, 688093.97300076, 688084.72430076, 688084.15850076, 688076.43760076, 688057.64500076, 688040.61030076, 688030.96710076, 688021.61620076, 688022.46310076, 687940.62440076, 687923.62990076, 687905.55120076, 687812.50880076, 687778.71090076, 687761.01340076, 687740.42020076, 687730.50310076, 687674.39810076, 687618.31130075, 687603.37300075, 687596.27940075, 687588.44920075, 687573.63760075, 687558.97740075, 
687544.84500075, 687531.41760075, 687530.13850075, 687518.71980075, 687514.92510075, 687509.61790075, 687501.96830075, 687486.12250075, 687478.21030075, 687476.00660075, 687468.46960075, 687462.33940075, 687456.90440075, 687453.44980075, 687451.44710075, 687449.84280075, 687446.40120075, 687444.26020075, 687443.25190075, 687442.04210075, 687439.89560075, 687421.78790075, 687409.92910075, 687249.54070075, 687186.60160075, 687173.27710075, 687120.80500075, 687071.40010074, 687020.33290074, 687008.99880074, 
687007.27260074, 687004.77300074, 686981.45650074, 686970.64240074, 686957.71640074, 686945.94760074, 686934.43970074, 686917.94280074, 686902.40750074, 686887.50990074, 686881.77880074, 686875.89680074, 686874.34510074, 686869.41950074, 686874.26680074, 686870.26980074, 686831.92780074, 686819.10770074, 686785.53550074, 686776.90300074, 686777.94400074, 686778.74690074, 686779.08650074, 686779.34630074, 686777.96800074, 686773.78700074, 686773.24290074, 686768.11020074, 686767.11420074, 686765.37200074, 
686764.27200074, 686762.77050074, 686762.06040074, 686761.29820074, 686758.49640074, 686760.00990074, 686760.95420074, 686763.47270074, 686763.69370074, 686763.91440074, 686766.88620074, 686768.99320074, 686769.40730074, 686770.13880074, 686769.65550074, 686758.81400074, 686744.63980074, 686739.11280074, 686733.33340074, 686727.40260074, 686721.11290074, 686701.63800074, 686689.23830074, 686680.73860074, 686677.75010074, 686644.26780074, 686641.75350074, 686610.05930073, 686598.38240073, 686571.88390073, 
686484.69260073, 686448.16700073, 686425.80000073, 686390.42230073, 686348.89240073, 686318.05220073, 686287.74590073, 686262.91280073, 686242.95240073, 686237.42010073, 686228.85450073, 686222.07200073, 686183.24580073, 686175.76570073, 686174.69930073, 686156.83550073, 686155.45330073, 686139.19940073, 686137.00800073, 686137.42270073, 686136.86090073, 686136.74970073, 686135.36700073, 686133.73980073, 686114.90020073, 686116.72900073, 686114.10990073, 686111.97580073, 686112.22900073, 686108.09520073, 
686087.15420072, 686055.32860072, 686049.99470072, 686047.76070072, 686056.42390072, 685777.75010072, 685720.43260072, 685702.55770072, 685385.85060071, 685205.21250071, 685195.21620071, 685189.23920071, 685179.67340071, 685178.45390071, 685169.93770071, 685170.80820071, 685170.51990071, 685127.80120071, 684809.2708007, 684805.5990007, 684799.6305007, 684798.5041007, 684797.9905007, 684799.1166007, 684796.0790007, 684794.7404007, 684793.8912007, 684790.4309007, 684784.4306007, 684715.2803007, 684695.8089007, 
684693.1034007, 684686.4220007, 684684.6268007, 684661.3184007, 684652.0819007, 684649.6632007, 684634.2802007, 684632.0581007, 684610.4305007, 684590.5364007, 684563.4572007, 684544.4537007, 684524.93090069, 684432.86970069, 684405.92910069, 684371.97510069, 684363.37900069, 684323.13980069, 684290.43190069, 684257.72390069, 684225.15240069, 684219.10000069, 684198.93520069, 684196.96030069, 684196.16320069, 684196.19500069, 684211.25670069, 684211.04860069, 684210.45960069, 684209.85890069, 684209.04080069, 
684200.97330069, 684194.56850069, 684193.37820069, 684189.22530069, 684180.46160069, 684179.29530069, 684177.73380069, 684176.02560069, 684172.69290069, 684141.84190069, 684140.96800069, 684136.59550069, 684124.30010069, 684107.22110069, 684092.92090069, 684088.30340069, 684083.43730069, 684078.19570069, 684127.03570069, 684151.69760069, 684199.39430069, 684223.37180069, 684240.82860069, 684250.80830069, 684261.69660069, 684282.14140069, 684282.25280069, 684282.47300069, 684280.12530069, 684302.48390069, 
684315.73950069, 684320.80010069, 684335.80070069, 684359.58690069, 684391.98400069, 684401.00740069, 684399.83160069, 684396.99910069, 684390.21350069, 684383.45260069, 684371.34290069, 684356.86790069, 684354.53160069, 684345.64640069, 684327.33510069, 684324.35180069, 684315.27960069, 684303.51670069, 684293.33820069, 684286.67890069, 684278.83630069, 684271.08560069, 684261.31020069, 684236.53460069, 684223.34970069, 684221.98380069, 684216.57490069, 684214.42300069, 684206.17350069, 684191.91480069, 
684171.69100069, 684168.74710069, 684162.10330069, 684160.46510069, 684137.95040069, 684126.91410069, 684116.16080069, 684083.02700069, 684071.88280069, 684069.01180069, 684067.44290069, 684056.78340069, 684052.80540069, 684050.23040069, 684044.01790069, 684042.92910069, 684041.29370069, 684038.65810069, 684032.81170069, 684032.46860069, 684026.67840069, 684022.81180069, 684016.75040069, 684017.12250069, 684033.18910069, 684050.43650069, 684067.70190069, 684084.97140069, 684093.58510069, 684102.23930069, 
684119.49990069, 684133.86490069, 684141.08430069, 684142.87690069, 684143.76790069, 684162.68770069, 684165.32990069, 684179.83810069, 684189.33220069, 684193.49190069, 684194.38260069, 684170.68670069, 684164.17530069, 684139.99160069, 684135.80770069, 684128.58960069, 684098.03160069, 684127.35940069, 684144.53670069, 684145.02090069, 684173.50220069, 684206.89660069, 684178.09330069, 684178.62340069, 684203.03600069, 684230.37010069, 684252.06880069, 684272.87980069, 684292.87860069, 684313.73180069, 
684324.98820069, 684336.23700069, 684344.78580069, 684354.54190069, 684374.49740069, 684374.95820069, 684394.96130069, 684417.44020069, 684429.45360069, 684441.78740069, 684459.02040069, 684460.73040069, 684462.47110069, 684471.82970069, 684479.11010069, 684479.68310069, 684487.53660069, 684490.15780069, 684495.71860069, 684512.87970069, 684521.4638007, 684530.0455007, 684547.1885007, 684564.3332007, 684581.4695007, 684598.5950007, 684647.0929007, 684668.0978007, 684680.8715007, 684692.0270007, 684705.2690007, 
684713.1202007, 684714.1014007, 684720.8096007, 684759.3789007, 684794.0816007, 684816.1337007, 684822.5990007, 684850.8549007, 684898.7580007, 684911.0659007, 684940.0406007, 684946.7123007, 684992.6384007, 685021.4303007, 685069.28170071, 685094.86870071, 685143.13260071, 685155.17790071, 685159.63370071, 685170.62530071, 685179.32270071, 685185.92930071, 685191.59660071, 685192.53790071, 685192.96760071, 685199.98660071, 685214.48230071, 685215.89580071, 685219.17680071, 685224.66600071, 685239.09610071, 
685241.65360071, 685200.95710071, 685185.50810071, 685177.94030071, 685179.60940071, 685181.55490071, 685188.69530071, 685193.15920071, 685184.36180071, 685157.48740071, 685258.04990071, 685319.00230071, 685220.21790071, 685216.09720071, 685256.74510071, 685258.41620071, 685275.86590071, 685276.38290071, 685278.47490071, 685286.15320071, 685291.72610071, 685292.58090071, 685294.11540071, 685315.38970071, 685319.15940071, 685336.34380071, 685345.79770071, 685355.61280071, 685366.12280071, 685376.15830071, 
685386.29760071, 685395.91750071, 685411.34300071, 685414.93750071, 685431.57020071, 685433.32210071, 685447.32720071, 685463.07350071, 685465.74710071, 685589.30000072, 685589.53960072, 685706.00220072, 685747.97980072, 685825.81250072, 685977.83140072, 686140.83090073, 686291.40740073, 686409.44330073, 686436.81980073, 686498.03880073, 686449.59000073, 686440.48330073, 686441.38870073, 686445.47040073, 686466.11030073, 686452.94960073, 686432.76730073, 686459.32710073, 686472.41900073, 686520.14230073, 
686520.32410073, 686533.68810073, 686535.25810073, 686543.94900073, 686562.48780073, 686571.07110073, 686663.87970074, 686723.50860074, 686724.55450074, 686794.60330074, 686880.01250074, 686913.22940074, 687107.22020075, 687206.51060075, 687216.10030075, 687246.25950075, 687326.73660075, 687416.84820075, 687418.57110075, 687422.80470075, 687426.29020075, 687438.92670075, 687442.39380075, 687448.01990075, 687461.79620075, 687473.15060075, 687484.23110075, 687488.70700075, 687488.87080075, 687493.09770075, 
687495.44390075, 687497.75450075, 687501.83690075, 687506.21400075, 687509.99290075, 687510.60230075, 687513.51300075, 687521.85710075, 687540.61530075, 687552.74790075, 687554.54390075, 687556.29850075, 687556.74750075, 687560.75780075, 687600.58200076, 687599.27560076, 687598.66280076, 687598.41960076, 687597.85850076, 687640.09650076, 687641.42230076, 687643.96030076, 687646.23320076, 687651.48270076, 687656.57200076, 687651.59140076, 687641.52470076, 687643.04140076, 687765.20710076, 687774.85130076, 
687875.12270076, 687887.39390076, 687889.08840076, 687898.75450076, 687889.56500076, 687889.02810076, 687950.15590076, 687953.24010076, 687954.88210076, 687958.51710076, 687958.93060076, 687959.09190076, 687993.99150076, 688015.35000076, 688051.48510076, 688112.14460077, 688150.67930077, 688189.08130077, 688191.64300077, 688191.79330077, 688191.92360077, 688192.15770077, 688192.15960077, 688192.22690077, 688192.27380077, 688192.31400077, 688192.54260077, 688225.54960077, 688230.67940077, 688242.01890077, 
688254.56850077, 688256.40660077, 688291.38890077, 688291.93830077, 688296.54460077, 688301.78740077, 688307.01240077, 688316.53420077, 688338.10990077, 688338.14350077, 688338.25820077, 688338.26660077, 688338.51750077, 688342.12740077, 688343.30370077, 688345.56850077, 688359.70760077, 688360.15360077, 688360.85480077, 688362.32330077, 688364.19440077, 688365.09890077, 688366.40910077, 688367.98040077, 688369.16440077, 688369.95730077, 688374.35940077, 688375.41650077, 688378.27900077, 688380.16460077, 
688380.40420077, 688382.38100077, 688383.50530077, 688383.82520077, 688386.37950077, 688387.00090077, 688389.73610077, 688393.09880077, 688395.46410077, 688395.99340077, 688410.91760077, 688422.55540077, 688434.60970077, 688442.29440077, 688442.64900077, 688443.91860077, 688445.17950077, 688443.30130077, 688447.96850077, 688450.52350077, 688450.97090077, 688452.95140077, 688453.66480077, 688456.34230077, 688457.11800077, 688463.85650077, 688470.23210077, 688471.42140077, 688475.64390077, 688486.08670077, 
688489.17580077, 688502.60500077, 688505.14430077, 688506.65130077, 688527.25700077, 688527.53230077, 688529.45360077, 688537.81080077, 688542.96390077, 688555.98840077, 688571.77890077, 688598.75420078, 688600.72770078, 688605.50060078, 688612.87960078, 688613.70280078, 688633.87530078, 688643.51450078, 688646.31380078, 688648.09120078, 688659.19960078, 688661.95970078, 688671.22080078, 688680.80900078, 688686.00440078, 688690.95070078, 688694.55010078, 688697.66340078, 688701.17010078, 688704.40160078, 
688707.47690078, 688710.20780078, 688710.87590078, 688712.55630078, 688713.96230078, 688712.69080078, 688713.41410078, 688713.62250078, 688713.98420078, 688715.39160078, 688717.51230078, 688717.94970078, 688718.66280078, 688719.48330078, 688722.10540078, 688723.49160078, 688723.75810078, 688729.91830078, 688732.50410078, 688737.19220078, 688753.59670078, 688761.43310078, 688781.38070078, 688789.29060078, 688796.17490078, 688805.95940078, 688815.64420078, 688830.09410078, 688839.81350078, 688849.67750078, 
688852.71940078, 688856.20500078, 688857.31330078, 688864.90400078, 688869.19170078, 688872.95460078, 688877.22750078, 688886.52690078, 688899.14030078, 688905.32890078, 688946.68690078, 688948.38800078, 688952.94060078, 688963.51120078, 688975.97470078, 688994.84460078, 689037.33660078, 689067.63060078, 689156.23190079, 689226.14880079, 689279.47190079, 689281.54600079, 689285.08740079, 689289.21730079, 689293.87800079, 689299.13390079, 689304.47330079, 689311.85950079, 689320.18900079, 689412.41030079, 
689418.99490079, 689433.46700079, 689447.91090079, 689458.89230079, 689468.99540079, 689477.14430079, 689485.00080079, 689498.37510079, 689513.93450079, 689545.38240079, 689566.8419008, 689594.5883008, 689734.0923008, 689778.6776008, 689824.7294008, 689869.4222008, 689874.6476008, 689883.9461008, 689892.5972008, 689900.3088008, 689906.3913008, 689907.7256008, 689911.0799008, 689912.7916008, 689918.1552008, 689915.7633008, 689915.5532008, 689914.1308008, 689908.4275008, 689907.8280008, 689908.8141008, 
689907.9245008, 689907.2881008, 689904.9575008, 689903.2413008, 689902.5333008, 689901.2095008, 689901.9544008, 689903.1381008, 689904.5084008, 689905.2299008, 689906.7294008, 689902.4924008, 689898.6224008, 689895.3010008, 689893.7112008, 689890.0911008, 689884.6314008, 689859.4319008, 689853.2592008, 689852.4594008, 689851.9708008, 689851.3964008, 689851.1696008, 689850.8679008, 689850.6310008, 689852.6721008, 689853.3888008, 689854.2889008, 689865.3017008, 689865.9717008, 689866.8477008, 689868.5503008, 
689870.2172008, 689871.7571008, 689873.2022008, 689875.2241008, 689879.3440008, 689881.6354008, 689884.3575008, 689887.1810008, 689889.7564008, 689890.3349008, 689897.7778008, 689901.4493008, 689905.2924008, 689908.0478008, 689914.2917008, 689919.2033008, 689924.7028008, 689930.5034008, 689936.3555008, 689940.3374008, 689947.5173008, 689953.6781008, 689960.8589008, 689970.5589008, 689980.7761008, 690007.5793008, 690009.8824008, 690016.7479008, 690020.5135008, 690022.0908008, 690023.2834008, 690031.7238008, 
690083.82360081, 690118.90300081, 690126.95650081, 690133.11980081, 690139.17550081, 690145.29580081, 690153.27820081, 690159.71750081, 690165.58180081, 690171.92740081, 690180.18900081, 690182.64690081, 690203.98010081, 690208.46810081, 690202.63660081, 690194.67860081, 690143.42110081, 690150.52900081, 690148.32720081, 690140.22040081, 690125.22050081, 690102.87410081, 690099.34700081, 690118.66080081, 690121.85700081, 690116.84900081, 690098.34720081, 690093.36980081, 690076.20820081, 690050.8386008, 
690050.6394008, 690049.9952008, 690045.7000008, 690013.8404008, 689995.9185008, 690003.4221008, 690004.2832008, 690004.7053008, 689994.7924008, 689988.9885008, 689989.0593008, 689988.8409008, 689988.6291008, 689988.4445008, 689988.3175008, 689988.2590008, 689988.2985008, 689988.4603008, 689988.7159008, 689988.9662008, 689988.9655008, 689988.3538008, 689988.4547008, 689988.9345008, 689989.0188008, 689988.4082008, 689988.4373008, 689988.9990008, 689989.0044008, 689988.4938008, 689988.5596008, 689987.2627008, 
689972.8912008, 689972.9347008, 689968.5093008, 689968.4955008, 5331316.39589808, 5331316.44229808, 5331314.57879808, 5331314.56879808, 5331314.81939808, 5331314.99829808, 5331311.01629808, 5331310.44609808, 5331302.95189808, 5331302.89809808, 5331301.70569808, 5331301.56329808, 5331256.20629808, 5331256.09199808, 5331206.12669808, 5331198.93099808, 5331198.71359808, 5331186.89379808, 5331176.15579808, 5331162.09189808, 5331151.48599808, 5331141.04689808, 5331131.38119808, 5331126.32749808, 5331115.72409808, 
5331104.34439808, 5331095.12779808, 5331081.62799808, 5331068.21009808, 5331073.76149809, 5331077.06229809, 5331088.46389809, 5331106.75139809, 5331107.60489809, 5331110.33399809, 5331111.80239809, 5331155.00819809, 5331166.15949809, 5331170.17829809, 5331191.5663981, 5331110.4228981, 5331127.9534981, 5331136.3788981, 5331138.96879811, 5331140.69559811, 5331149.21089811, 5331147.82769811, 5331122.18039812, 5331101.71909812, 5331070.52669812, 5331022.95439812, 5330999.86099812, 5330973.53369812, 5330915.58779813, 
5330887.73359813, 5330872.46669813, 5330859.89909813, 5330785.35409813, 5330747.82669813, 5330748.13199813, 5330748.31929813, 5330754.28169813, 5330757.16039813, 5330760.19909813, 5330766.21869813, 5330770.03709813, 5330779.83749813, 5330797.11059813, 5330846.85189813, 5330860.83289813, 5330873.84909813, 5330874.85699813, 5330877.48859813, 5330879.63169813, 5330918.67969813, 5330926.54629813, 5330937.04889813, 5330951.07799813, 5330972.37139813, 5330976.99539813, 5330973.89599813, 5330954.09379814, 
5330937.57999814, 5330922.73129815, 5330928.86849815, 5330931.09919815, 5330936.76479815, 5330936.72939815, 5330934.20579815, 5330932.84229815, 5330931.51249815, 5330929.72679815, 5330929.33879815, 5330927.14639815, 5330926.44339815, 5330922.40159815, 5330915.96599815, 5330922.43159815, 5330961.58549815, 5330967.05099815, 5330983.74799815, 5331013.86229815, 5331023.40679815, 5331101.92939815, 5331087.10829816, 5331081.46349816, 5331056.78009816, 5331057.28799816, 5331017.44729816, 5331017.35259816, 
5331016.77229816, 5331003.73959816, 5331003.01119816, 5330992.53029816, 5330992.32799816, 5330991.18099816, 5330990.84449816, 5330989.51059816, 5330988.19209816, 5330986.42869816, 5330986.16999816, 5330985.31089816, 5330982.00829816, 5330978.27809817, 5330976.38879817, 5330974.68149817, 5330973.99959817, 5330970.60629817, 5330968.60569817, 5330967.93289817, 5330965.35499817, 5330965.17099817, 5330960.68689817, 5330960.35489817, 5330946.13519817, 5330931.46089817, 5330916.57779817, 5330912.49019817, 
5330947.75859818, 5330947.36309818, 5330943.78109818, 5330942.73959818, 5330940.69739818, 5330938.28429818, 5330933.72039818, 5330931.88349818, 5330929.61929818, 5330927.01919818, 5330924.91599818, 5330923.26919818, 5330922.91969819, 5330920.84269819, 5330921.53599819, 5330919.32499819, 5330915.56219819, 5330911.03259819, 5330908.75179819, 5330906.75939819, 5330902.75289819, 5330900.70189819, 5330900.57979819, 5330899.63859819, 5330897.33289819, 5330895.25709819, 5330894.08029819, 5330892.68439819, 
5330886.81339819, 5330879.6828982, 5330880.0477982, 5330880.3669982, 5330873.02649821, 5330870.79629821, 5330871.71849821, 5330870.52449821, 5330870.30949821, 5330861.66219821, 5330856.91649822, 5330855.63139822, 5330854.89739822, 5330854.08789822, 5330851.67969822, 5330848.47029822, 5330843.45349822, 5330836.76279822, 5330835.95209822, 5330828.81949822, 5330833.47639822, 5330838.91609822, 5330845.38619822, 5330857.56739822, 5330863.67439822, 5330865.78009822, 5330872.97229822, 5330879.74779823, 
5330886.92139823, 5330891.83109823, 5330898.54849822, 5330906.08219822, 5330926.68909823, 5330939.50809823, 5330945.54629823, 5330950.40239823, 5330954.90209823, 5330982.24659823, 5330985.91379823, 5330867.47859824, 5330819.17529824, 5330808.86069824, 5330762.10929824, 5330712.02459825, 5330654.85949825, 5330657.17069825, 5330657.28349825, 5330657.46659825, 5330659.13379825, 5330659.86049825, 5330660.31749825, 5330660.07169825, 5330658.96069825, 5330656.93499825, 5330654.97159825, 5330652.80569826, 
5330651.72179826, 5330650.61199826, 5330650.31919826, 5330649.38959826, 5330599.78249826, 5330598.86569826, 5330590.07059826, 5330587.11859826, 5330578.46199826, 5330575.80199826, 5330559.30919826, 5330546.35969826, 5330536.87489826, 5330536.88509826, 5330527.84329826, 5330500.53609826, 5330497.03169826, 5330463.44159826, 5330457.43739826, 5330446.20939826, 5330439.28049826, 5330428.80269826, 5330423.16989826, 5330417.33539826, 5330403.52809826, 5330403.45739826, 5330400.03269826, 5330391.91719826, 
5330391.12549826, 5330390.34369826, 5330379.84469826, 5330369.98119827, 5330366.30539826, 5330359.89039826, 5330352.79629826, 5330347.04839826, 5330354.11879826, 5330356.46589827, 5330358.10279827, 5330359.00339827, 5330358.64929826, 5330358.45249827, 5330357.99639827, 5330357.77479827, 5330357.69889827, 5330355.81939827, 5330357.40249827, 5330360.86759827, 5330350.01979827, 5330378.41999827, 5330476.70649828, 5330512.01419828, 5330531.65069828, 5330557.27659828, 5330586.62879828, 5330609.79589829, 
5330635.97419829, 5330666.46069829, 5330700.73329829, 5330714.50449829, 5330737.97239829, 5330732.48429829, 5330701.06749829, 5330698.6144983, 5330698.25239829, 5330695.5370983, 5330695.32689829, 5330694.0908983, 5330691.2529983, 5330690.3684983, 5330690.1462983, 5330690.43219829, 5330688.4164983, 5330686.7718983, 5330671.3283983, 5330669.0783983, 5330666.9452983, 5330669.5734983, 5330669.7534983, 5330674.8855983, 5330677.0333983, 5330651.2639983, 5330646.9439983, 5330625.7592983, 5330615.1275983, 
5330389.59929832, 5330343.21949832, 5330352.02089832, 5330137.33179833, 5329993.34779834, 5329985.46629835, 5329981.74179834, 5329979.40729835, 5329979.10949835, 5329977.02539835, 5329969.34299835, 5329969.29169835, 5329951.50949835, 5329882.98429836, 5329903.51929837, 5329909.81399837, 5329908.15919837, 5329908.49959837, 5329910.16449836, 5329912.23489837, 5329913.14739837, 5329913.72569837, 5329916.08189837, 5329920.34089837, 5330013.69569837, 5330002.29239837, 5330000.83639837, 5330019.44969837, 
5330024.18189837, 5330088.34789837, 5330112.95719837, 5330119.05619837, 5330112.36039837, 5330111.34259837, 5330101.43439837, 5330088.80179838, 5330077.33019838, 5330065.60779838, 5330059.14039838, 5330018.86979838, 5330007.45109838, 5329995.24999839, 5329986.53009839, 5329965.66499839, 5329950.69109839, 5329935.72899839, 5329918.27649839, 5329915.40839839, 5329905.8383984, 5329893.65259839, 5329885.9052984, 5329863.07069839, 5329861.81769839, 5329860.54019839, 5329856.92559839, 5329853.23709839, 
5329848.28179839, 5329798.85439839, 5329752.2943984, 5329741.4703984, 5329703.4509984, 5329659.8096984, 5329654.0303984, 5329632.6831984, 5329609.1916984, 5329563.4015984, 5329468.3871984, 5329465.6408984, 5329452.2408984, 5329414.3319984, 5329361.7409984, 5329317.7724984, 5329303.5608984, 5329288.5773984, 5329272.4000984, 5329243.6166984, 5329227.8071984, 5329193.68299839, 5329177.0775984, 5329166.5825984, 5329161.90589839, 5329156.79369839, 5329148.63769839, 5329147.07069839, 5329144.00679839, 
5329141.10249839, 5329134.93349839, 5329132.63489839, 5329132.00049839, 5329131.26589839, 5329131.39729839, 5329132.53719839, 5329132.86079839, 5329130.42269839, 5329124.79709839, 5329111.28989839, 5329098.20399839, 5329074.72989839, 5329049.05219839, 5329044.31589839, 5329028.95989839, 5328996.75079839, 5328991.42039839, 5328976.48759839, 5328956.77409839, 5328939.64089839, 5328930.82299839, 5328925.13399839, 5328920.42039839, 5328915.77599839, 5328904.53299839, 5328898.6461984, 5328898.0027984, 
5328895.82169839, 5328895.3179984, 5328892.5863984, 5328867.0975984, 5328823.3740984, 5328817.0054984, 5328801.9930984, 5328798.2958984, 5328747.4564984, 5328726.6006984, 5328707.9815984, 5328650.8635984, 5328631.6126984, 5328625.6564984, 5328622.0023984, 5328600.4755984, 5328592.3951984, 5328585.7915984, 5328569.8225984, 5328566.9480984, 5328562.4309984, 5328555.5932984, 5328539.98399841, 5328539.0298984, 5328518.37589841, 5328507.94549841, 5328498.90229841, 5328498.85679841, 5328489.31679841, 5328479.2165984, 
5328469.1189984, 5328459.0255984, 5328453.9666984, 5328448.9279984, 5328438.8316984, 5328430.4463984, 5328426.2241984, 5328425.1734984, 5328424.6578984, 5328413.5994984, 5328412.0408984, 5328403.5701984, 5328398.0263984, 5328395.5762984, 5328395.0704984, 5328368.3061984, 5328373.3252984, 5328391.9541984, 5328395.1773984, 5328400.7385984, 5328348.4715984, 5328325.8391984, 5328307.1596984, 5328306.8082984, 5328286.0930984, 5328332.0425984, 5328352.9535984, 5328362.1920984, 5328390.0922984, 5328374.4671984, 
5328362.06049839, 5328350.17239839, 5328338.72989839, 5328326.81669839, 5328320.39229839, 5328313.95399839, 5328309.06059839, 5328303.48549839, 5328292.07659839, 5328291.80429839, 5328279.95559839, 5328266.64969839, 5328259.53349839, 5328252.21929839, 5328242.03529838, 5328241.03139838, 5328240.00869838, 5328234.52049838, 5328230.24069838, 5328229.91259838, 5328225.30249838, 5328223.76259838, 5328220.47489838, 5328210.33849838, 5328205.27149838, 5328200.20269838, 5328190.07239838, 5328179.93389838, 
5328169.79779838, 5328159.68129838, 5328131.06239838, 5328118.65039837, 5328111.08499837, 5328104.50979837, 5328096.70909837, 5328092.03969837, 5328091.45609837, 5328087.55189837, 5328064.85309837, 5328044.46679837, 5328031.43839837, 5328027.64089837, 5328011.17719836, 5327982.61489836, 5327975.29099836, 5327958.01709836, 5327954.04409836, 5327926.66839836, 5327909.49459836, 5327880.81889836, 5327865.55529835, 5327836.80499835, 5327829.63029835, 5327826.97229835, 5327820.43489835, 5327815.24949835, 
5327811.32409835, 5327807.88229835, 5327807.34859835, 5327807.10519835, 5327802.93589835, 5327794.36709835, 5327793.50329835, 5327791.49809835, 5327788.26909835, 5327780.07219835, 5327778.63069835, 5327667.62979835, 5327640.69609835, 5327620.64139835, 5327619.95009835, 5327619.14419835, 5327616.18379835, 5327614.33369835, 5327593.29139835, 5327538.19479835, 5327491.91929835, 5327626.57959834, 5327667.82129835, 5327669.54199835, 5327768.79129835, 5327767.76559835, 5327757.10729834, 5327757.95819834, 
5327756.67869835, 5327751.99919834, 5327748.60269834, 5327748.08159834, 5327747.22069834, 5327735.53879834, 5327733.33509834, 5327723.20549834, 5327717.62909834, 5327711.84249834, 5327705.65449834, 5327699.74269834, 5327693.76239834, 5327688.10069834, 5327679.03409834, 5327676.91249834, 5327667.11019834, 5327666.07719834, 5327657.81889834, 5327648.55459834, 5327646.98749833, 5327574.03989833, 5327574.30939833, 5327506.12759832, 5327481.21049832, 5327434.99989832, 5327345.79839831, 5327249.5319983, 
5327160.36539829, 5327088.93429829, 5327072.36519829, 5327034.07009828, 5326956.42029829, 5326900.13229829, 5326890.55929829, 5326846.83099829, 5326776.32719828, 5326771.24879828, 5326770.90199829, 5326689.86639829, 5326633.60869829, 5326609.42889828, 5326608.35509828, 5326522.64989828, 5326509.31179828, 5326435.74489828, 5326321.68739828, 5326268.92569828, 5326246.93009828, 5326238.59459827, 5326238.46549827, 5326218.03629827, 5326198.35729826, 5326194.46019826, 5326509.31269825, 5326475.56629825, 
5326472.31019825, 5326462.06009824, 5326434.70769824, 5326404.06439823, 5326410.69749823, 5326430.13979823, 5326448.90249823, 5326539.26119823, 5326559.41959823, 5326582.98619823, 5326636.27219823, 5326633.32359823, 5326630.42439823, 5326649.33569823, 5326650.01269823, 5326667.89149823, 5326677.78999823, 5326687.57749823, 5326704.79969823, 5326723.34409823, 5326739.21469823, 5326741.81079823, 5326741.08389823, 5326739.09839823, 5326734.64209823, 5326731.75099823, 5326740.10699823, 5326748.24259823, 
5326750.33189823, 5326768.90459823, 5326772.96449822, 5326789.34739822, 5326796.88989822, 5326800.06309822, 5326807.04709822, 5326822.38069822, 5326819.67019822, 5326814.07459822, 5326815.08429822, 5326817.55099822, 5326819.94239822, 5326830.75689822, 5326852.59789822, 5326852.71679822, 5326862.23259821, 5326861.48859821, 5326863.27739821, 5326862.73609821, 5326839.51939821, 5326839.30649821, 5326781.99749821, 5326772.65939821, 5326766.78979821, 5326766.4898982, 5326799.40049821, 5326873.1774982, 
5326892.6502982, 5326900.0829982, 5326953.8504982, 5326981.2712982, 5326992.3284982, 5326984.03069819, 5326983.22289819, 5326982.93009819, 5326982.91999819, 5326998.03399819, 5327005.97329819, 5327028.85489819, 5327031.10619819, 5327035.26109819, 5327038.42459819, 5327039.70679819, 5327055.45409819, 5327055.96709819, 5327056.04709819, 5327056.22929819, 5327056.71119819, 5327056.79329819, 5327058.14719818, 5327058.16849818, 5327058.30719818, 5327058.54079818, 5327058.72869818, 5327059.07109818, 5327059.85049818, 
5327067.48579818, 5327089.76809818, 5327090.83879818, 5327090.81849818, 5327090.59809818, 5327103.57669818, 5327127.46319818, 5327124.44239818, 5327129.45099818, 5327141.54429818, 5327141.09999818, 5327173.52729818, 5327189.30199818, 5327203.67609818, 5327220.83649818, 5327230.75259818, 5327234.28649818, 5327253.82479818, 5327258.53999818, 5327275.72629818, 5327296.08729818, 5327298.65879818, 5327326.19139818, 5327341.32289818, 5327346.23119818, 5327383.94469818, 5327390.30439818, 5327389.69039818, 
5327398.34889818, 5327397.73049818, 5327399.03229818, 5327435.63019818, 5327464.15039818, 5327493.64299818, 5327512.13789818, 5327513.31239818, 5327516.43339818, 5327519.51419818, 5327520.20209817, 5327530.36009818, 5327535.90369817, 5327537.00199818, 5327541.87319818, 5327543.58249818, 5327550.09229817, 5327552.00419818, 5327568.47089817, 5327584.09819817, 5327586.96609817, 5327597.26579817, 5327622.78299817, 5327630.33969817, 5327663.04079817, 5327669.26449817, 5327672.96639817, 5327728.49589817, 
5327729.65749817, 5327737.66909817, 5327772.59749817, 5327808.31559817, 5327863.94619817, 5327898.66439817, 5327941.83079817, 5327940.48639817, 5327947.66779817, 5327958.42199817, 5327959.64499816, 5327985.41909816, 5327995.90899816, 5327999.05019816, 5328000.93189816, 5328012.41889816, 5328014.51879816, 5328021.88569816, 5328028.55559816, 5328032.10219816, 5328037.43919816, 5328038.57019816, 5328038.82139816, 5328038.73769816, 5328038.26289816, 5328037.42179816, 5328037.43799816, 5328037.75429816, 
5328038.54029816, 5328039.69599816, 5328041.00769816, 5328041.70639816, 5328041.49429816, 5328042.22899816, 5328043.28749816, 5328044.88809816, 5328045.21539816, 5328045.91369816, 5328045.14509816, 5328045.89779816, 5328046.78249816, 5328046.36249816, 5328047.21419816, 5328047.61609816, 5328048.50099816, 5328049.20369816, 5328047.96769816, 5328049.93559816, 5328051.07489815, 5328052.34619815, 5328054.42159815, 5328057.07189815, 5328061.55979815, 5328064.01979815, 5328065.59459815, 5328065.60319815, 
5328065.27909815, 5328065.60259815, 5328067.81049815, 5328068.99849815, 5328070.03619815, 5328071.32459815, 5328074.07159815, 5328076.22269815, 5328077.11109815, 5328083.13879815, 5328083.13499814, 5328083.13199815, 5328083.13699815, 5328083.12609814, 5328083.11899814, 5328082.65929814, 5328082.46599814, 5328081.90219813, 5328081.44969813, 5328081.10519813, 5328098.47849813, 5328123.13979813, 5328147.90119813, 5328172.40229813, 5328196.78709812, 5328221.26519813, 5328251.42719812, 5328281.96699812, 
5328582.76959812, 5328602.81989812, 5328643.64209812, 5328682.50009812, 5328710.48149812, 5328735.87829811, 5328755.58989811, 5328773.79859811, 5328805.26729811, 5328838.95769811, 5328903.80879811, 5328946.09629811, 5328997.59969811, 5329252.6528981, 5329335.03179809, 5329419.19949809, 5329501.51239809, 5329511.94379809, 5329532.20839809, 5329554.24149809, 5329578.18909809, 5329601.53779809, 5329607.63539809, 5329625.36209809, 5329638.40759809, 5329693.08689809, 5329693.08439809, 5329693.77739809, 
5329698.46999809, 5329717.27849809, 5329718.79629809, 5329719.17529809, 5329721.72219809, 5329724.18889809, 5329732.27469809, 5329738.22899809, 5329740.68479809, 5329752.83249809, 5329752.94089809, 5329753.11379809, 5329753.31349809, 5329753.41849809, 5329759.08139809, 5329851.48149809, 5329933.06329809, 5330002.39709809, 5330034.65929809, 5330109.32969809, 5330169.77859809, 5330409.61729809, 5330470.03239809, 5330482.88239809, 5330490.29979809, 5330506.35729809, 5330512.96249809, 5330526.63009809, 
5330533.99669809, 5330552.83489809, 5330558.88779809, 5330565.39619809, 5330638.07939809, 5330642.93739809, 5330647.78059809, 5330659.21409809, 5330670.70829809, 5330680.04439809, 5330687.46949809, 5330696.65259809, 5330713.32849809, 5330721.37679809, 5330729.18879808, 5330735.92329809, 5330741.45249808, 5330742.42879809, 5330758.77159809, 5330766.54389809, 5330774.01259809, 5330779.03799808, 5330789.50989808, 5330796.99349808, 5330804.68479808, 5330812.19149808, 5330819.26479808, 5330823.83799808, 
5330831.56439808, 5330837.64149808, 5330844.42549808, 5330852.08189808, 5330860.27919808, 5330878.55799808, 5330879.79839808, 5330883.61839808, 5330885.84699808, 5330884.91789808, 5330884.87459808, 5330890.15959808, 5330924.42009807, 5330961.22429807, 5330970.45979807, 5330978.08109807, 5330986.24019807, 5330994.97399807, 5331006.76379807, 5331017.60929807, 5331028.38699807, 5331041.30409807, 5331058.90279807, 5331062.63289807, 5331088.36219807, 5331093.02729807, 5331096.65199807, 5331101.59889806, 
5331133.45929807, 5331140.34979807, 5331142.65669807, 5331135.96779807, 5331145.41259807, 5331159.48189807, 5331161.70279807, 5331174.22959807, 5331176.97699807, 5331176.53079807, 5331168.83999807, 5331165.62259807, 5331176.39549807, 5331192.20109808, 5331192.80739807, 5331192.78859807, 5331195.43279808, 5331215.48869808, 5331226.76899808, 5331270.17249808, 5331276.58999808, 5331286.32209808, 5331295.90379808, 5331296.09939808, 5331299.67509808, 5331299.62659808, 5331299.66849808, 5331299.78139808, 
5331299.95669808, 5331300.17459808, 5331300.44639808, 5331300.66279808, 5331300.78279808, 5331300.78249808, 5331304.66569808, 5331304.69209808, 5331306.21729808, 5331306.23589808, 5331307.15989808, 5331307.15629808, 5331308.72879808, 5331308.70039808, 5331309.59139808, 5331309.59169808, 5331312.53669808, 5331314.73849808, 5331314.77669808, 5331314.42809808, 5331314.49479808, 5331316.39589808))",1.7354917708765196
vablock_stadtbezirk.4,15,Trudering-Riem,22453921.62629,Trudering - Riem,76280,34,15,"list(c(698523.624501, 698428.43840099, 698326.87930099, 698326.11160099, 698329.55870099, 698331.52130099, 698336.04260099, 698339.22670099, 698339.61960099, 698342.50900099, 698338.92690099, 698337.48190099, 698336.83370099, 698339.07810099, 698342.58420099, 698344.77940099, 698346.55490099, 698353.01670099, 698352.08040099, 698347.34050099, 698342.73730099, 698333.45820099, 698326.74860099, 698322.46870099, 698313.68930099, 698306.04240099, 698294.27730099, 698281.20000099, 698271.65740099, 698264.77860099, 
698250.65430099, 698233.69030099, 698223.64370099, 698222.96890099, 698221.88890099, 698220.26580099, 698215.09350099, 698213.59710099, 698221.11720099, 698237.80770099, 698242.20750099, 698245.99340099, 698247.27680099, 698246.27440099, 698245.81290099, 698241.93590099, 698240.30080099, 698231.54150099, 698210.03990099, 698205.29410099, 698204.87310099, 698213.30580099, 698209.24800099, 698207.30360099, 698192.91750099, 698194.68230099, 698196.16290099, 698196.33820099, 698195.47050099, 698190.79800099, 
698175.38050099, 698163.36860099, 698159.96350099, 698151.42740099, 698189.38490099, 698218.11780099, 698249.65990099, 698271.34770099, 698283.30080099, 698273.56960099, 698218.19130099, 698161.13580099, 698143.23230099, 698145.18010099, 698110.70280099, 698110.21070099, 698092.92850099, 698076.05790099, 698075.38410099, 698058.82190099, 698025.57990099, 698006.78180098, 697985.49220098, 697975.65250098, 697968.66210098, 697945.21550098, 697865.42200098, 697830.78850098, 697778.60360098, 697763.76010098, 
697582.57270097, 697489.70000097, 697429.27220097, 697437.05040097, 697441.37480097, 697444.35500097, 697449.67760097, 697462.15080097, 697487.32580097, 697493.16430097, 697494.89100097, 697514.83170097, 697517.69200097, 697533.40910097, 697548.83410097, 697551.76180097, 697548.48450097, 697553.86960097, 697554.45260097, 697558.78780097, 697562.48460097, 697564.07150097, 697564.94060097, 697581.74920097, 697597.13020098, 697600.09160098, 697622.14150098, 697647.65780098, 697649.30520098, 697652.29870098, 
697656.44610098, 697660.09340098, 697664.78680098, 697656.70650098, 697614.13350098, 697561.92760097, 697501.01630097, 697497.10680097, 697491.86810097, 697403.66550097, 697412.33270097, 697342.21140097, 697338.03290097, 697266.99760097, 697213.42580097, 697212.48100097, 697206.58650097, 697198.41770097, 697194.27170097, 697172.79600097, 697108.29920096, 697083.43140096, 697057.82260096, 697029.43880096, 696978.82300096, 696969.11980096, 696865.27830096, 696801.81590096, 696761.02300096, 696811.57430096, 
696945.68710096, 697038.57650096, 697110.42970096, 697150.56990096, 697179.11000097, 697214.81970097, 697241.86800097, 697321.97970097, 697345.96040097, 697354.12640097, 697354.55240097, 697355.80540097, 697357.15370097, 697358.57760097, 697360.07680097, 697361.62050097, 697363.21910097, 697364.84230097, 697366.50000097, 697368.15180097, 697399.04450097, 697399.88170097, 697459.38990097, 697473.87210097, 697493.46130097, 697507.06060097, 697520.67230097, 697534.28920097, 697547.88870097, 697561.48910097, 
697575.09160098, 697595.70580098, 697595.91990098, 697610.47290098, 697624.96560098, 697625.27130098, 697813.99780098, 697835.15260098, 697835.51480098, 697853.08290098, 697853.42750098, 697871.00090098, 697871.34820098, 697888.91650098, 697889.26400098, 697906.84260098, 697907.19010098, 697924.76870098, 697939.27920098, 697953.78980098, 697968.31040098, 697977.84450099, 698084.79670099, 698207.25980099, 698213.00060099, 698218.72930099, 698234.30510099, 698234.97260099, 698254.14040099, 698393.542701, 
698470.777101, 698465.719501, 698464.260001, 698463.681501, 698462.055901, 698528.282301, 698526.727601, 698524.798301, 698471.040201, 698460.428501, 698452.851101, 698444.386301, 698439.360501, 698436.688201, 698428.399501, 698424.752701, 698419.929701, 698415.608401, 698411.620701, 698409.964401, 698404.440701, 698395.827901, 698390.990801, 698388.558701, 698388.053201, 698387.284101, 698384.445501, 698382.966101, 698381.144001, 698383.985501, 698386.863401, 698393.078901, 698397.165401, 698403.013901, 
698405.399301, 698404.930901, 698406.827201, 698409.164601, 698437.052701, 698442.020601, 698447.192301, 698495.761101, 698504.548801, 698518.248001, 698524.049401, 698538.424501, 698552.811201, 698567.190101, 698581.555601, 698602.879201, 698608.539901, 698622.175801, 698636.660401, 698651.165001, 698652.146101, 698672.455201, 698680.808501, 698698.423801, 698703.498601, 698716.348501, 698734.148501, 698750.932001, 698759.834501, 698765.553901, 698779.83740101, 698794.08100101, 698802.15970101, 
698808.11970101, 698821.90100101, 698835.66280101, 698851.75930101, 698861.45780101, 698869.42630101, 698887.34100101, 698909.58100101, 698928.72510101, 698946.48600101, 698948.19920101, 698957.71690101, 698975.84920101, 698984.77000101, 698990.46420101, 699004.87570101, 699019.27870101, 699032.13190101, 699033.67380101, 699048.37370101, 699063.07740101, 699077.78160101, 699092.42490101, 699107.05820101, 699114.12570101, 699121.78460101, 699136.58840101, 699142.37550101, 699151.31760101, 699165.98630101, 
699180.65570102, 699189.24380102, 699195.42400102, 699210.23910102, 699225.08940102, 699239.93120102, 699254.71600102, 699269.49140102, 699274.84160102, 699284.17440102, 699298.91180102, 699306.39530102, 699308.16320102, 699311.00530102, 699314.32610102, 699317.20180102, 699320.19570102, 699324.19270102, 699342.25670102, 699360.52920102, 699378.28380102, 699378.80090102, 699397.03820102, 699397.23200102, 699414.95250102, 699418.62220102, 699433.44060102, 699452.09870102, 699456.71770102, 699463.04210102, 
699476.26140102, 699489.66500102, 699497.16080102, 699517.81290102, 699524.26460102, 699538.46160102, 699559.12190102, 699571.45950103, 699586.97080103, 699604.75650103, 699598.29910103, 699603.10770103, 699622.29160103, 699668.41140103, 699698.69240103, 699734.74090103, 699752.92230103, 699754.52990103, 699764.97450103, 699806.17200103, 699808.40240103, 699813.41360103, 699831.89760103, 699839.88690103, 699842.23040103, 699869.72540103, 699890.66730103, 699906.29850103, 699915.22780104, 699945.24090103, 
699960.38680104, 699973.22450104, 699986.70550104, 699987.28970104, 699989.49290104, 700004.22170104, 700010.65130104, 700013.74730104, 700037.76040104, 700044.23280104, 700060.59910104, 700075.73080104, 700090.48510104, 700151.46140104, 700219.31910104, 700202.26440104, 700232.09530104, 700288.93440104, 700350.85030105, 700425.96920105, 700474.99130105, 700543.45970105, 700564.84640105, 700590.63140105, 700593.58360105, 700596.47670105, 700621.98630105, 700639.90720105, 700680.36320105, 700688.37660105, 
700697.96060105, 700737.13920105, 700770.20520106, 700784.79030106, 700804.48020106, 700834.75550106, 700836.68440106, 700844.01270106, 700905.46150106, 700938.77280106, 700939.76750106, 700940.83920106, 700941.61920106, 701020.17140106, 701027.86760106, 701117.05430106, 701118.63020106, 701121.21310106, 701122.95530106, 701192.34610107, 701194.13440107, 701211.24370107, 701256.66270107, 701288.12570107, 701314.94610107, 701333.88190107, 701384.13290107, 701406.26800107, 701409.15740107, 701414.38230107, 
701440.95620107, 701446.67310107, 701459.37510107, 701475.90260107, 701519.86430108, 701535.85570108, 701561.43380108, 701579.61650108, 701611.59200108, 701632.81290108, 701664.67760108, 701695.80120108, 701751.45910108, 701783.33150108, 701812.88150108, 701845.26070108, 701857.81040108, 701873.58700108, 701908.80520109, 701909.58760109, 701916.39080109, 701921.00950109, 701921.86290109, 701937.03850109, 701938.35300109, 701940.72350109, 701942.28230109, 701943.79720109, 701945.04430109, 701960.83330109, 
701961.55750109, 701962.24410109, 701962.86130109, 701963.44290109, 701969.24420109, 701968.72860109, 701968.69340109, 701968.17510109, 701967.87590109, 701968.71390109, 701969.81140109, 701971.06280109, 701971.41730109, 701978.69950109, 701985.63260109, 701992.41320109, 701997.60630109, 702005.48090109, 702006.52350109, 702011.31260109, 702013.56980109, 702018.55610109, 702020.37630109, 702020.44730109, 702023.53510109, 702024.57450109, 702025.63080109, 702027.72820109, 702029.83910109, 702030.69770109, 
702030.92030109, 702031.28090109, 702031.64180109, 702032.25680109, 702036.59930109, 702039.54050109, 702042.53800109, 702043.65480109, 702044.82950109, 702044.86170109, 702045.33740109, 702051.17910109, 702051.31270109, 702051.68610109, 702051.90670109, 702053.06940109, 702053.76540109, 702053.85910109, 702054.22640109, 702053.57090109, 702053.29840109, 702053.06240109, 702053.04860109, 702052.98990109, 702052.84830109, 702052.65870109, 702052.75350109, 702053.11640109, 702053.38640109, 702054.42090109, 
702040.75600109, 702029.43190109, 702017.65140109, 702013.49040109, 702010.92200109, 702004.56070109, 702003.10120109, 702000.62350109, 701999.03930109, 701966.07180109, 701937.51910109, 701929.03350109, 701903.09430108, 701894.40600108, 701876.49450108, 701866.50650108, 701865.66190108, 701864.42080108, 701860.27200108, 701851.41070108, 701847.50180108, 701842.21380108, 701836.45920108, 701831.77260108, 701823.14620108, 701816.40680108, 701813.09960108, 701796.31270108, 701791.53300108, 701783.51590108, 
701781.60030108, 701771.17830108, 701770.95950108, 701760.53850108, 701758.28020108, 701755.88340108, 701750.59720108, 701740.79030108, 701730.98340108, 701726.68140108, 701723.51020108, 701720.06710108, 701716.23900108, 701709.97150108, 701699.52900108, 701689.09060108, 701687.73800108, 701675.79050108, 701662.40050108, 701649.32010108, 701634.89820108, 701623.54870108, 701623.53730108, 701618.04070108, 701625.73780108, 701626.55060108, 701633.76840108, 701645.53080108, 701657.59350108, 701681.43780108, 
701685.85450108, 701687.59520108, 701719.68460108, 701740.51970108, 701744.70800108, 701710.90790108, 701702.11930108, 701691.72850108, 701672.29240108, 701635.44380108, 701611.75870108, 701596.78430108, 701587.25870108, 701562.53210108, 701537.19080108, 701525.13430107, 701513.07160107, 701488.91390107, 701464.79290107, 701458.59850107, 701447.09900107, 701427.13110107, 701392.38640107, 701372.55800107, 701360.96880107, 701332.97550107, 701328.15990107, 701316.22230107, 701304.08060107, 701291.41120107, 
701274.04440107, 701259.86820107, 701243.11150107, 701229.69350107, 701216.27550107, 701206.67210107, 701197.00830107, 701175.46260107, 701161.27980107, 701133.42070106, 701116.11980106, 701093.51090106, 701070.15140106, 701053.79160106, 701042.91900106, 701034.83210106, 701016.70990106, 700990.51990106, 700980.75210106, 700971.12580106, 700952.09780106, 700946.32910106, 700932.77060106, 700921.72110106, 700920.36650106, 700912.13550106, 700911.19360106, 700861.81420106, 700848.42120106, 700842.87990106, 
700825.92500106, 700816.03320106, 700797.86190106, 700793.50240106, 700787.70050106, 700766.93880105, 700766.02340105, 700754.50980105, 700717.53220105, 700693.22040105, 700690.64920105, 700683.82480105, 700671.87270105, 700671.18790105, 700669.74010105, 700586.86510105, 700555.60900105, 700543.59410105, 700491.36520105, 700492.69990105, 700493.66210105, 700494.52630105, 700497.79220105, 700498.41870105, 700498.86490105, 700531.67690105, 700542.07920105, 700546.98560105, 700544.37390105, 700560.93460105, 
700567.80080105, 700568.18900105, 700570.75340105, 700586.24880105, 700611.91020105, 700639.81140105, 700660.67220105, 700661.24060105, 700675.12770105, 700698.26110105, 700706.68350105, 700711.88140105, 700722.50930105, 700733.12230105, 700746.70700105, 700738.56980105, 700711.18660105, 700684.47130105, 700669.14990105, 700653.93280105, 700646.40220105, 700638.87160105, 700623.99970105, 700609.17270105, 700601.85050105, 700594.53830105, 700579.99670105, 700576.84590105, 700565.59530105, 700551.34970105, 
700537.20250105, 700523.21940105, 700508.93840105, 700506.58490105, 700487.64190105, 700546.74610105, 700612.29180105, 700649.77050105, 700655.08220105, 700700.76120105, 700743.35820105, 700805.18540106, 700816.93870106, 700858.35510106, 700861.60240106, 700865.28570106, 700866.21690106, 700869.69330106, 700877.80380106, 700885.90220106, 700889.76070106, 700902.10430106, 700919.94300106, 700939.13950106, 700955.50770106, 700961.68520106, 700968.56660106, 700981.62280106, 700997.35970106, 701013.13410106, 
701028.90750106, 701045.06570106, 701061.23120106, 701077.40760106, 701088.90960106, 701105.34010106, 701111.57960106, 701124.12950106, 701139.59160106, 701154.97300106, 701162.76080107, 701170.36260107, 701178.10140107, 701185.75780107, 701193.52720107, 701201.14070107, 701224.52390107, 701240.68760107, 701242.82790107, 701244.59590107, 701262.15240107, 701312.58870107, 701344.93240107, 701359.96750107, 701377.79710107, 701393.71930107, 701418.89000107, 701442.73910107, 701450.25470107, 701451.73580107, 
701452.85940107, 701466.06580107, 701475.33640107, 701474.98400107, 701472.64950107, 701491.21560107, 701513.20420107, 701521.65090107, 701557.45430108, 701562.66050108, 701571.76010108, 701580.78980108, 701613.28120108, 701706.37340108, 701712.00370108, 701714.15470108, 701715.55220108, 701811.88990108, 701813.14870108, 701904.61540108, 701928.25800108, 701953.30580109, 701965.65000109, 701987.21040109, 701993.83150109, 702034.77300109, 702062.84960109, 702103.43030109, 702102.86130109, 702095.21450109, 
702026.87110109, 702042.35280109, 702036.88860109, 701975.23860109, 701938.61980109, 701914.73790108, 701911.71140108, 701893.46950108, 701892.95250108, 701774.29470108, 701768.69780108, 701763.89680108, 701769.48730108, 701775.75210108, 701865.38400108, 701936.48320109, 701957.45200109, 701943.08900109, 701938.11960109, 701907.96110108, 701879.39690108, 701820.82340108, 701813.90470108, 701792.53510108, 701795.26420108, 701799.71740108, 701874.13000108, 701953.21690109, 701983.83030109, 701998.01860109, 
702018.49180109, 702099.21700109, 702102.82180109, 702144.34870109, 702167.82300109, 702222.17840109, 702282.39740109, 702354.4714011, 702358.8429011, 702397.3171011, 702398.2674011, 702372.3933011, 702337.7469011, 702336.3884011, 702454.2332011, 702569.2959011, 702569.7734011, 702533.7681011, 702512.2687011, 702478.1950011, 702457.0742011, 702393.7378011, 702380.0886011, 702275.22330109, 702191.60470109, 702187.20180109, 702025.74380109, 701980.31180109, 701976.60850109, 701971.91140109, 701925.52010108, 
701890.07020108, 701886.22110108, 701882.96140108, 701876.42830108, 701873.26450108, 701872.05080108, 701868.07020108, 701855.84170108, 701850.56000108, 701789.13750108, 701727.37180108, 701719.14320108, 701707.14420108, 701656.26820108, 701593.42790108, 701590.68150108, 701589.60610108, 701587.93480108, 701585.18850108, 701589.47430108, 701591.05000108, 701592.87420108, 701607.02940108, 701639.54500108, 701653.77120108, 701665.14050108, 701669.75810108, 701676.68160108, 701680.13470108, 701681.52130108, 
701779.00140108, 701793.48090108, 701650.73930108, 701786.32980108, 701818.60700108, 701824.76650108, 701822.05970108, 701819.28120108, 701816.56520108, 701767.03320108, 701699.05990108, 701696.41420108, 701693.44790108, 701690.74180108, 701631.92740108, 701591.66660108, 701591.54290108, 701591.13360108, 701587.33390108, 701571.07990107, 701569.33680107, 701543.99270107, 701522.50380107, 701460.86970107, 701385.20700107, 701321.17160107, 701238.12840107, 701132.67230106, 701044.15870106, 701038.38590106, 
701031.17820106, 701022.45290106, 701018.14140106, 701023.35100106, 701028.32710106, 701033.64090106, 700925.19130106, 700863.66900106, 700791.21530105, 700751.95000105, 700725.44840105, 700720.19010105, 700718.50390105, 700708.83150105, 700704.62790105, 700714.16670105, 700716.62060105, 700648.49960105, 700621.86030105, 700509.50880105, 700448.34970105, 700431.35030105, 700431.21160105, 700427.13150105, 700357.75960104, 700286.83340104, 700212.37220104, 700197.46500104, 700192.57940104, 700198.02920104, 
700203.25480104, 700124.75830104, 700108.40620104, 700075.97650104, 700005.49150103, 699954.04450103, 699935.63220103, 699900.61210103, 699871.54520103, 699860.75960103, 699826.22770103, 699774.69880103, 699733.52290103, 699717.62150103, 699705.29700103, 699683.63480103, 699625.42430102, 699608.77460102, 699606.82890102, 699601.97510102, 699594.01610102, 699575.39950102, 699413.66130102, 699289.95360102, 699213.35390102, 699213.56290101, 699217.48250101, 699219.49810101, 699224.09100101, 699228.85220102, 
699228.95560101, 699233.18150101, 699233.37330102, 699238.39540102, 699244.14250102, 699245.34860102, 699249.90230102, 699252.32830102, 699259.65910102, 699259.90090102, 699259.95740102, 699264.79750102, 699267.19320102, 699270.03270102, 699274.47870102, 699279.46690102, 699289.48990102, 699289.88960102, 699290.54900102, 699299.34880102, 699300.48600102, 699199.00070101, 699081.29140101, 698954.49330101, 698908.76810101, 698905.55960101, 698901.06060101, 698897.40860101, 698894.57200101, 698851.07840101, 
698872.04750101, 698857.38170101, 698858.07400101, 698858.65440101, 698857.50070101, 698710.608401, 698706.113601, 698664.120101, 698620.453601, 698608.312701, 698597.703101, 698526.750801, 698526.640001, 698523.624501, 5337387.29879746, 5337405.85949746, 5337432.91109747, 5337394.33299747, 5337269.17519747, 5337227.56629747, 5337149.31889747, 5337090.48869747, 5337045.71329747, 5337040.88199747, 5337029.74169747, 5337004.97699747, 5336989.89269747, 5336966.45899747, 5336898.07359747, 5336854.38819747, 
5336818.85609747, 5336756.67989747, 5336727.62819747, 5336681.34009747, 5336647.21849747, 5336602.38809747, 5336560.18239748, 5336533.26989748, 5336496.85129748, 5336457.62719748, 5336394.70899748, 5336319.55719748, 5336264.74659748, 5336225.16629748, 5336149.40009748, 5336049.08909749, 5335996.38629749, 5335981.22669748, 5335975.24959749, 5335975.54709749, 5335946.24319749, 5335926.13789749, 5335906.09419749, 5335862.18959748, 5335848.70089749, 5335829.65089748, 5335808.07189748, 5335778.31139748, 
5335763.71199748, 5335741.52469748, 5335735.75639749, 5335705.92929749, 5335642.46009749, 5335627.48279749, 5335610.07229749, 5335554.52299749, 5335553.60319749, 5335553.15659749, 5335549.90379749, 5335535.70919749, 5335523.92579749, 5335522.51129749, 5335503.19029749, 5335484.93299749, 5335434.10029749, 5335394.50909749, 5335383.27539749, 5335355.25659749, 5335356.14679749, 5335352.44109749, 5335344.69779748, 5335338.65149748, 5335335.41249748, 5335326.37819748, 5335280.99159749, 5335234.22629749, 
5335219.56879749, 5335219.15479749, 5335197.1111975, 5335196.8340975, 5335182.8544975, 5335169.2567975, 5335168.5450975, 5335151.0531975, 5335102.77099751, 5335093.60679751, 5335078.79809751, 5335070.89879751, 5335062.05159751, 5335043.14169751, 5334977.77229752, 5334949.39509752, 5334907.23849752, 5334895.25139753, 5334749.13489754, 5334664.71519755, 5334613.66099755, 5334583.82929755, 5334546.83229755, 5334537.16839755, 5334540.26899755, 5334495.75809755, 5334406.03459755, 5334385.71519755, 5334379.69739755, 
5334310.24509755, 5334300.81049755, 5334246.99839755, 5334194.17969755, 5334192.75289754, 5334185.98069754, 5334169.57759754, 5334170.79129755, 5334157.69099754, 5334152.21219754, 5334150.01299754, 5334149.53669754, 5334114.05879754, 5334084.96809754, 5334079.35909754, 5334046.93319754, 5334017.19879754, 5334011.91959754, 5334007.29369754, 5334003.60289754, 5334001.17299754, 5333998.04269754, 5333980.07599754, 5333884.67659754, 5333749.06119754, 5333598.36669755, 5333583.58459755, 5333564.55459755, 
5333342.59979756, 5333329.19649756, 5333165.68589756, 5333156.64139756, 5332996.46859757, 5333020.86819757, 5333018.84529757, 5333006.22989757, 5332988.72409758, 5332980.02519758, 5332943.69069758, 5332779.83689758, 5332718.38199758, 5332655.35739759, 5332581.21359759, 5332437.2436976, 5332409.64429759, 5332463.1402976, 5332491.58389761, 5332472.02549761, 5332429.19559761, 5332308.1153976, 5332229.33739759, 5332163.66969758, 5332128.64269758, 5332104.03309758, 5332047.21179758, 5332048.64329757, 
5332053.26279757, 5332054.06579757, 5332054.34579757, 5332053.94209757, 5332052.86039756, 5332051.90249757, 5332051.05769756, 5332050.33599757, 5332049.75619756, 5332049.30859757, 5332049.00209757, 5332048.83709757, 5332048.82209757, 5332049.85319756, 5332024.87889756, 5332026.86769756, 5332027.35719756, 5332028.01799755, 5332028.47239755, 5332028.93489755, 5332029.38359755, 5332029.84169755, 5332030.28989755, 5332030.74799755, 5332031.43809755, 5332024.94039755, 5332025.42529755, 5332025.89789754, 
5332017.06159754, 5331880.67119753, 5331881.41509753, 5331871.11029753, 5331871.73949753, 5331861.82409753, 5331862.44899753, 5331852.53629753, 5331853.16569752, 5331843.25309752, 5331843.87699752, 5331833.96139752, 5331834.58449752, 5331835.10159752, 5331835.62559752, 5331836.14059752, 5331836.47009752, 5331782.12169751, 5331636.2559975, 5331630.5253975, 5331624.6762975, 5331608.4860975, 5331607.7912975, 5331582.02919749, 5331455.14829748, 5331415.55699748, 5331405.65409748, 5331402.79519748, 5331401.72179748, 
5331398.55609748, 5331353.38439747, 5331350.25769747, 5331346.35989747, 5331238.07879748, 5331216.71409748, 5331201.50449748, 5331185.45299748, 5331176.78129748, 5331172.16279748, 5331159.65089748, 5331154.55589748, 5331147.81529748, 5331141.57439748, 5331135.80679748, 5331133.12119748, 5331124.15229748, 5331105.50389748, 5331093.18329748, 5331080.85769748, 5331075.60389749, 5331067.61779748, 5331058.56109748, 5331055.70169749, 5331049.82619749, 5331049.24039748, 5331048.64709748, 5331037.57089749, 
5331020.53759748, 5330989.70779748, 5330979.17119748, 5330965.61009748, 5330954.63779748, 5330953.97889749, 5330945.77829748, 5330944.87979748, 5330943.93969748, 5330935.13029748, 5330933.52929748, 5330931.05189748, 5330929.34649747, 5330925.11449747, 5330920.88319747, 5330916.65139747, 5330912.41269747, 5330906.13739747, 5330904.47679747, 5330900.94649747, 5330897.18649746, 5330893.42309746, 5330893.16109746, 5330889.11089746, 5330887.45569746, 5330883.93829746, 5330882.92309746, 5330879.41679746, 
5330874.57749746, 5330870.00889746, 5330867.58439746, 5330865.95629745, 5330861.88039745, 5330857.80279745, 5330855.48629745, 5330853.09759745, 5330847.57359745, 5330842.04069745, 5330835.57429745, 5330831.67939745, 5330829.09809745, 5330823.29209744, 5330816.08359744, 5330809.86789744, 5330804.11309744, 5330803.54939744, 5330800.42809744, 5330794.47649744, 5330791.53949744, 5330788.99969744, 5330782.59839743, 5330776.19199743, 5330770.48459743, 5330769.94429743, 5330764.80319743, 5330759.66199743, 
5330754.50079743, 5330749.13699743, 5330743.77269743, 5330741.17659743, 5330738.75399742, 5330734.06869742, 5330732.22329742, 5330729.02019742, 5330723.75529742, 5330718.47939742, 5330715.41139742, 5330713.51049742, 5330708.99409742, 5330704.45879742, 5330699.92359742, 5330695.16069741, 5330690.39539741, 5330688.67299741, 5330685.19419741, 5330679.71339741, 5330676.93069741, 5330675.98829741, 5330674.44709741, 5330672.65939741, 5330671.11119741, 5330669.49979741, 5330667.35399741, 5330660.61409741, 
5330653.8103974, 5330647.1858974, 5330647.0158974, 5330640.8005974, 5330640.7079974, 5330632.3204974, 5330630.5818974, 5330626.0348974, 5330620.3162974, 5330618.8847974, 5330616.8392974, 5330612.55999739, 5330608.20779739, 5330605.34709739, 5330597.46559739, 5330595.00529739, 5330589.49479739, 5330581.48439739, 5330576.70189739, 5330573.31359739, 5330569.42229738, 5330552.80549738, 5330551.38129738, 5330545.71279738, 5330536.61199738, 5330532.16269738, 5330526.84009737, 5330526.35119737, 5330542.04559737, 
5330539.81129737, 5330540.58959737, 5330540.63559737, 5330540.72889737, 5330511.77939737, 5330499.26339736, 5330495.60119737, 5330459.46669736, 5330425.61039736, 5330402.99459736, 5330393.93469736, 5330366.76539736, 5330351.00929735, 5330334.68289735, 5330315.83359735, 5330314.96579735, 5330311.85009735, 5330291.16689735, 5330278.15459735, 5330271.88909735, 5330243.62449735, 5330236.01059735, 5330213.21389735, 5330190.18069735, 5330195.80889734, 5330219.07839734, 5330246.76769733, 5330348.58059733, 
5330366.73509733, 5330405.89169733, 5330443.73459732, 5330489.82059731, 5330520.54809731, 5330563.4818973, 5330581.2874973, 5330605.1601973, 5330606.4257973, 5330607.6689973, 5330618.6926973, 5330619.77159729, 5330627.84519729, 5330631.00039729, 5330631.65239729, 5330628.84869729, 5330647.29329728, 5330660.97019728, 5330686.34739728, 5330711.44419728, 5330713.04119728, 5330719.10269728, 5330763.89979727, 5330786.85529727, 5330787.78459727, 5330788.27659727, 5330788.80729727, 5330844.46889726, 5330849.92159726, 
5330898.75729725, 5330899.65979725, 5330901.17229725, 5330902.17149725, 5330942.27409724, 5330943.35869724, 5330953.73639724, 5330984.33019724, 5330990.19609723, 5330997.77189723, 5331004.01099723, 5331041.91809723, 5331060.22419722, 5331062.60869722, 5331066.93569722, 5331088.50339722, 5331092.56059722, 5331101.58539722, 5331112.66959722, 5331138.39399721, 5331147.75979721, 5331161.83969721, 5331171.78949721, 5331191.0631972, 5331202.0554972, 5331223.3298972, 5331251.6332972, 5331315.86719719, 5331351.18139719, 
5331383.79219719, 5331426.48689718, 5331443.02939718, 5331458.90509718, 5331493.40009718, 5331494.12109718, 5331499.53989718, 5331503.24239718, 5331503.94599718, 5331515.79379717, 5331519.30799717, 5331526.80739717, 5331531.74289717, 5331536.51649717, 5331540.45879717, 5331595.11279717, 5331597.58279717, 5331600.50159717, 5331605.96959717, 5331611.06609717, 5331661.55179717, 5331681.68699717, 5331682.84709717, 5331703.06259717, 5331714.80299717, 5331723.04269717, 5331733.58499717, 5331745.63549717, 
5331747.59139717, 5331767.08519717, 5331795.88269717, 5331823.95349717, 5331845.51099717, 5331878.11129717, 5331882.42469717, 5331898.95149717, 5331908.55859717, 5331929.81309716, 5331937.60129716, 5331938.09459716, 5331961.71699717, 5331969.70509716, 5331977.77389717, 5331993.83079716, 5332009.88809716, 5332016.40769716, 5332020.22009716, 5332026.37149716, 5332032.51289716, 5332042.91889716, 5332069.96619716, 5332088.27009716, 5332107.02479716, 5332114.01429716, 5332121.35209716, 5332121.55339716, 
5332124.49269716, 5332164.32329716, 5332165.25919716, 5332167.74559716, 5332169.27529716, 5332177.43649716, 5332181.97839716, 5332182.59099716, 5332185.74769716, 5332191.00649716, 5332193.11759716, 5332195.04999716, 5332195.15949716, 5332195.63759716, 5332196.70299716, 5332198.22679716, 5332199.13119716, 5332202.65809716, 5332205.24069716, 5332215.13919716, 5332210.62179716, 5332207.15849716, 5332204.10689716, 5332203.53439716, 5332203.18399716, 5332202.31529717, 5332203.29899717, 5332204.98369717, 
5332206.07299717, 5332228.50909717, 5332249.54829717, 5332255.80079717, 5332279.62169717, 5332287.60039717, 5332305.97919718, 5332316.22719718, 5332317.09469718, 5332318.37679718, 5332322.61659718, 5332331.68529718, 5332335.67719718, 5332340.38609718, 5332345.50639718, 5332349.67679718, 5332357.34959718, 5332363.34549718, 5332366.28079718, 5332381.22229718, 5332385.46869718, 5332393.42079719, 5332395.31719719, 5332405.64679719, 5332405.86839719, 5332416.20939719, 5332418.44339719, 5332421.15229719, 
5332427.14159719, 5332438.21919719, 5332449.29679719, 5332454.16349719, 5332457.74299719, 5332461.09179719, 5332464.79589719, 5332470.96709719, 5332481.27929719, 5332491.60149719, 5332492.92989719, 5332503.18309719, 5332514.6712972, 5332525.9011972, 5332536.9184972, 5332545.6445972, 5332545.6531972, 5332546.4692972, 5332555.6785972, 5332556.6512972, 5332565.3212972, 5332579.4238972, 5332593.8981972, 5332622.50629719, 5332627.8129972, 5332629.88219719, 5332668.28179719, 5332693.21939719, 5332698.22759719, 
5332708.22139719, 5332710.79979719, 5332713.65589719, 5332719.00069719, 5332729.1315972, 5332735.6328972, 5332739.7520972, 5332742.4926972, 5332749.6031972, 5332756.89619721, 5332760.36719721, 5332763.83789721, 5332770.78789721, 5332777.72859721, 5332779.50889721, 5332782.84359721, 5332788.51949722, 5332798.43409722, 5332804.10969722, 5332807.42859722, 5332815.42409723, 5332816.80699723, 5332820.22319723, 5332823.59249723, 5332827.14979723, 5332832.03499723, 5332836.00629723, 5332840.71059723, 5332844.47329723, 
5332848.23839724, 5332850.93739724, 5332853.64189724, 5332859.69089724, 5332863.77189724, 5332871.78859724, 5332876.76889725, 5332883.26979725, 5332889.94129725, 5332894.65909725, 5332897.79789725, 5332900.14249725, 5332905.34579725, 5332912.87109726, 5332915.68539726, 5332918.45099726, 5332923.92509726, 5332925.58349726, 5332929.14979726, 5332932.05039726, 5332927.26439726, 5332929.67359726, 5332929.95679726, 5332944.48079727, 5332938.04219727, 5332935.37309727, 5332934.44779727, 5332940.03499727, 
5332950.29229727, 5332952.75409727, 5332956.03249728, 5332969.38089728, 5332970.01599728, 5332973.29309728, 5332983.78129728, 5332990.69859728, 5332991.43829728, 5332991.90359728, 5332992.70109729, 5332996.40699728, 5333004.28569728, 5333028.16869729, 5333037.18829729, 5333040.6558973, 5333075.9001973, 5333077.7805973, 5333079.1428973, 5333080.3475973, 5333084.9385973, 5333085.8236973, 5333086.4515973, 5333132.5857973, 5333147.22359729, 5333154.1191973, 5333154.86799729, 5333178.86349729, 5333188.81779729, 
5333189.38329729, 5333187.55179729, 5333176.50679729, 5333158.18119729, 5333138.27249729, 5333167.66879729, 5333168.48169728, 5333188.04829728, 5333220.67279728, 5333232.54439728, 5333239.87509728, 5333254.85079728, 5333269.82099728, 5333288.96149728, 5333295.39739728, 5333317.06259728, 5333338.17219728, 5333350.27479728, 5333362.30859729, 5333368.25149729, 5333374.19309729, 5333385.93809729, 5333397.66749729, 5333403.44919729, 5333409.23129729, 5333420.72289729, 5333423.21099729, 5333432.10599729, 
5333443.34999729, 5333454.53559729, 5333465.58899729, 5333476.8790973, 5333478.7279973, 5333493.6131973, 5333563.37369729, 5333640.75889729, 5333642.26079729, 5333648.44499729, 5333702.42709728, 5333752.51019728, 5333701.09089727, 5333691.32209727, 5333656.86529727, 5333654.18949726, 5333651.11989727, 5333650.34539727, 5333647.45749726, 5333640.71899726, 5333633.98999726, 5333630.76759726, 5333620.48009726, 5333605.65469726, 5333589.69159726, 5333576.11619726, 5333570.98029726, 5333565.25199726, 
5333554.40099725, 5333541.30779725, 5333528.17139725, 5333515.06659725, 5333501.63599725, 5333488.18169725, 5333474.73089725, 5333465.16099724, 5333451.49939724, 5333446.30789724, 5333435.87949724, 5333423.02219724, 5333410.24209724, 5333403.76079724, 5333397.43229724, 5333390.99899724, 5333384.64249724, 5333378.19009724, 5333371.84959724, 5333352.39389723, 5333338.91179723, 5333337.15379723, 5333335.70149723, 5333350.16589723, 5333397.89789723, 5333424.38019722, 5333434.84339722, 5333443.82879722, 
5333450.43739722, 5333456.90749721, 5333461.87419721, 5333461.86789721, 5333461.86579721, 5333461.27919721, 5333454.42859721, 5333446.45399721, 5333448.04169721, 5333458.60879721, 5333470.44099721, 5333484.45909721, 5333489.83419721, 5333512.6542972, 5333515.9607972, 5333497.8492972, 5333479.8648972, 5333518.5902972, 5333629.87029719, 5333636.60649719, 5333639.17299719, 5333640.53879719, 5333527.75199718, 5333526.27969718, 5333620.86709717, 5333645.30529717, 5333674.07639716, 5333709.66129717, 5333771.79039716, 
5333790.84649716, 5333908.68369716, 5333994.14849715, 5334114.90199715, 5334115.38039715, 5334121.81009715, 5334179.28089716, 5334197.64149716, 5334203.56409716, 5334269.86379716, 5334243.59129717, 5334226.46059717, 5334224.24919717, 5334211.20019717, 5334211.62049717, 5334305.33919718, 5334309.77489718, 5334313.56109718, 5334318.00349718, 5334322.86259718, 5334392.90519717, 5334448.47989716, 5334464.85469716, 5334487.75489716, 5334494.50719717, 5334535.52989717, 5334571.83069717, 5334646.63559718, 
5334655.44399718, 5334683.62209718, 5334684.94139718, 5334687.09449718, 5334723.13759717, 5334761.44059716, 5334698.08189716, 5334668.71729716, 5334626.35179716, 5334665.49299715, 5334667.23459715, 5334687.36759715, 5334698.75289714, 5334725.09189714, 5334754.28769713, 5334789.23659712, 5334791.34879712, 5334810.01459712, 5334810.47699712, 5334863.68809712, 5334935.02299713, 5334937.78199713, 5335030.05659711, 5335120.1878971, 5335125.6207971, 5335165.80779711, 5335189.81229711, 5335227.75459711, 
5335251.23439711, 5335321.91889712, 5335337.11029712, 5335250.81409713, 5335181.97849714, 5335183.49649714, 5335239.50429715, 5335255.25999716, 5335256.54679716, 5335258.16519716, 5335287.71409716, 5335324.12499717, 5335328.08019717, 5335331.43199717, 5335335.30649717, 5335337.18869717, 5335337.91029717, 5335334.32639717, 5335323.31919717, 5335328.88839717, 5335394.25389718, 5335459.91529718, 5335468.66229718, 5335481.43599718, 5335535.56079719, 5335602.46979719, 5335605.38529719, 5335606.52439719, 
5335608.31079719, 5335611.22629719, 5335610.92339719, 5335610.81479719, 5335612.28739719, 5335623.65859719, 5335649.77369719, 5335661.20149719, 5335670.33249719, 5335674.05279719, 5335679.60339719, 5335682.38089719, 5335683.49659719, 5335761.86469717, 5335773.51059717, 5335928.08449719, 5336007.49189717, 5336026.39929717, 5336025.47879717, 5336028.42589717, 5336031.42979717, 5336034.36559717, 5336087.94469718, 5336161.40069718, 5336164.30019718, 5336167.47739718, 5336170.41449718, 5336234.04809719, 
5336277.59609719, 5336280.22559719, 5336288.93529719, 5336290.90339719, 5336299.40079719, 5336300.31609719, 5336313.8385972, 5336308.9044972, 5336294.8140972, 5336277.71929721, 5336263.37129722, 5336244.39649722, 5336220.01799724, 5336200.33119724, 5336206.70149724, 5336214.66889724, 5336224.30519724, 5336220.13339724, 5336212.60049724, 5336205.41849724, 5336197.77899724, 5336171.98989725, 5336158.68229726, 5336142.57159727, 5336133.42889727, 5336127.26759727, 5336133.98849727, 5336136.14449727, 
5336148.48619727, 5336145.63869727, 5336129.57989727, 5336125.46209727, 5336109.67059728, 5336104.08289728, 5336079.23619729, 5336064.4716973, 5336063.3487973, 5336063.3132973, 5336062.2220973, 5336043.8179973, 5336027.62459731, 5336010.83679732, 5336028.11919732, 5336024.54529732, 5336016.47279732, 5336008.76039732, 5335991.54019732, 5335987.84939733, 5335979.84239733, 5335963.29889733, 5335951.36949734, 5335947.45029734, 5335939.39939734, 5335932.71019735, 5335930.26459735, 5335922.43469735, 5335910.97039736, 
5335901.76399736, 5335898.21869736, 5335895.47649736, 5335890.64319736, 5335876.90629737, 5335880.84059737, 5335881.19509737, 5335882.36289737, 5335884.27819737, 5335888.59599737, 5335851.84279739, 5335823.6869974, 5335806.1346974, 5335808.4849974, 5335853.3792974, 5335876.5493974, 5335929.1479974, 5335983.3995974, 5335984.6049974, 5336033.0143974, 5336035.2735974, 5336092.8659974, 5336158.9399974, 5336172.9353974, 5336225.6776974, 5336253.4870974, 5336337.4817974, 5336340.2528974, 5336340.8553974, 
5336396.9284974, 5336424.7644974, 5336457.7335974, 5336508.9626974, 5336566.5210974, 5336681.99049739, 5336686.63029739, 5336694.10289739, 5336794.20159739, 5336807.15369739, 5336884.3106974, 5336973.74019741, 5337070.28079742, 5337105.06969742, 5337107.49829743, 5337110.93729743, 5337113.71769743, 5337115.86879743, 5337148.97609743, 5337177.09029743, 5337176.68719743, 5337180.75789743, 5337184.10369743, 5337184.94939743, 5337293.86489744, 5337297.19449744, 5337328.29639745, 5337362.09149745, 5337369.31339745, 
5337372.70169745, 5337387.96109746, 5337386.70569746, 5337387.29879746))",1.9664394336654432
vablock_stadtbezirk.5,21,Pasing-Obermenzing,16497538.92504,Pasing - Obermenzing,81804,50,5,"list(c(682919.35680066, 682929.13080066, 682932.48410066, 682927.56530066, 682886.32480066, 682840.44870066, 682830.37050066, 682783.80670066, 682634.59680066, 682454.51180066, 682450.92890066, 682378.87800065, 682333.38950065, 682294.36930065, 682267.62590065, 682240.31480065, 682184.17920065, 682127.75530065, 682043.15470065, 682035.93410065, 682028.40080065, 681980.42130065, 681950.61410065, 681903.31530065, 681851.40180064, 681795.65390064, 681719.69030064, 681662.05380064, 681628.92950064, 681596.19350064, 
681529.59250064, 681433.40230064, 681379.24580064, 681314.78830064, 681208.31900063, 681209.40560063, 681214.55160063, 681222.46490063, 681230.52750063, 681237.13390063, 681245.99620063, 681251.13450063, 681251.16600063, 681266.46090063, 681292.08060063, 681311.25050064, 681331.55010064, 681348.16620064, 681349.78930064, 681359.28830064, 681357.82930064, 681356.35070064, 681338.73630064, 681269.91720063, 681268.82760063, 681267.84110063, 681266.98830063, 681266.24770063, 681265.64930063, 681265.19310063, 
681264.86830063, 681264.69410063, 681264.66020063, 681264.76650063, 681265.02220063, 681265.41700063, 681265.95000063, 681266.55600063, 681267.28020063, 681268.10200063, 681269.02100063, 681270.03750063, 681271.14030063, 681322.40470064, 681395.53030064, 681399.37020064, 681404.05150064, 681418.20560064, 681419.13160064, 681419.83010064, 681415.69260064, 681419.59840064, 681422.91960064, 681425.61360064, 681428.87010064, 681431.28800064, 681438.40010064, 681432.76720064, 681416.11470064, 681383.69350064, 
681299.16260064, 681296.84150064, 681294.76140064, 681283.33510063, 681245.43440063, 681225.63920063, 681209.37910063, 681194.07140063, 681178.76100063, 681170.00400063, 681151.57930063, 681141.31720063, 681127.64000063, 681116.68160063, 681114.24800063, 681104.74580063, 681083.85310063, 681060.68160063, 681047.85110063, 681041.50930063, 681031.45940063, 681024.92930063, 681018.84800063, 681006.23890063, 681002.32780063, 680992.46150063, 680982.74750063, 680973.02930063, 680970.27770063, 680967.94980063, 
680967.09950063, 680966.10690063, 680967.57950063, 680979.25510063, 680971.16470063, 680966.93250063, 680964.16870063, 680929.00270063, 680925.10270063, 680914.22960063, 680906.77900063, 680995.05850063, 681034.58590063, 681059.31090063, 681078.72670063, 681111.25490063, 681161.75730063, 681188.43930063, 681204.30140063, 681218.60690063, 681233.67910063, 681235.25700063, 681249.21950063, 681264.78520063, 681280.36790063, 681309.29870064, 681330.16080064, 681349.64300064, 681361.79280064, 681377.59880064, 
681393.35080064, 681409.03990064, 681424.64490064, 681440.17100064, 681455.61070064, 681470.97340064, 681486.23090064, 681501.42190064, 681516.50730064, 681531.53390064, 681546.42680064, 681561.27300064, 681576.00270064, 681590.63640064, 681596.84360064, 681605.17360064, 681619.65510064, 681628.21460064, 681634.01980064, 681643.87740064, 681648.27760064, 681662.47660064, 681664.53990064, 681663.44500064, 681671.38080064, 681679.47320064, 681695.97560064, 681712.25290064, 681725.17800064, 681758.70740064, 
681791.14580064, 681831.52630064, 681897.45050065, 681927.86610065, 681942.71270065, 681992.73700065, 682009.19580065, 682010.85030065, 682029.22940065, 682102.28160065, 682127.66760065, 682132.66340065, 682156.46530065, 682161.02780065, 682177.13770065, 682208.88630065, 682238.71620065, 682247.57060065, 682258.57300065, 682298.74100065, 682324.22570065, 682332.73680065, 682346.46990065, 682359.20580065, 682361.30790065, 682373.98070065, 682374.85470065, 682393.47540065, 682394.41000065, 682412.37100066, 
682415.31430066, 682415.91990066, 682430.63840066, 682477.77020066, 682468.82120066, 682460.19240066, 682366.45480065, 682341.41930065, 682331.35520065, 682304.29080065, 682203.27160065, 682124.28300065, 682122.35920065, 682115.53070065, 682084.59950065, 682038.27930065, 682005.80940065, 682000.34460065, 681966.48310065, 681932.30690065, 681910.28430065, 681899.45910065, 681889.74850065, 681883.22100065, 681866.02270065, 681855.52030065, 681830.86280064, 681824.07220064, 681802.41090064, 681800.94030064, 
681798.47440064, 681795.12910064, 681786.92530064, 681786.02730064, 681783.05270064, 681769.39210064, 681775.29780064, 681751.28890064, 681730.22200064, 681716.87870064, 681698.53690064, 681693.67730064, 681693.16900064, 681685.83870064, 681667.00100064, 681665.99060064, 681653.76110064, 681632.92010064, 681625.69880064, 681622.05670064, 681618.21110064, 681617.17030064, 681616.61200064, 681615.72310064, 681614.91330064, 681608.70210064, 681608.66070064, 681606.91390064, 681600.69810064, 681599.52870064, 
681596.01110064, 681587.11430064, 681578.24990064, 681570.21860064, 681561.49070064, 681554.38190064, 681547.15560064, 681539.00800064, 681532.09340064, 681524.81470064, 681517.54890064, 681513.53490064, 681511.57470064, 681504.92950064, 681498.55120064, 681493.14800064, 681484.58660064, 681475.91550064, 681453.02950064, 681451.68160064, 681427.27030064, 681416.50470064, 681407.25160064, 681399.91120064, 681392.68920064, 681386.26380064, 681379.48820064, 681384.28760064, 681358.69440064, 681336.34460064, 
681328.91510064, 681327.48160064, 681326.14640064, 681323.38760064, 681323.27900064, 681312.55500064, 681300.33530064, 681289.39380064, 681279.26910064, 681277.90010064, 681267.97100064, 681256.29340063, 681293.65040064, 681316.82960064, 681339.99860064, 681363.16720064, 681386.33590064, 681414.72800064, 681417.32160064, 681419.32040064, 681421.63840064, 681424.03790064, 681412.60410064, 681394.30660064, 681394.47680064, 681414.69460064, 681438.34250064, 681457.34110064, 681486.14380064, 681493.17500064, 
681516.51530064, 681520.44380064, 681536.49230064, 681545.04680064, 681555.36210064, 681559.52870064, 681586.61560064, 681587.74630064, 681606.35270064, 681621.36600064, 681627.77640064, 681673.64050064, 681684.30380064, 681688.43890064, 681697.83910064, 681698.47440064, 681698.90870064, 681706.14290064, 681725.54540064, 681787.40310064, 681850.50040065, 681908.49830065, 681953.78650065, 681968.66770065, 681969.34820065, 681972.50190065, 681972.92550065, 681980.26360065, 681999.75110065, 682015.89590065, 
682051.39810065, 682054.40000065, 682082.62540065, 682092.18490065, 682106.05460065, 682090.26160065, 682086.43380065, 682075.23420065, 682068.04850065, 682065.37170065, 682062.45650065, 682065.02910065, 682073.60480065, 682083.09370065, 682084.72580065, 682095.19070065, 682108.11920065, 682114.96920065, 682124.14240065, 682129.93360065, 682136.42920065, 682133.57870065, 682130.57340065, 682143.81850065, 682148.16040065, 682148.99910065, 682149.90180065, 682156.56920065, 682156.97060065, 682156.87110065, 
682164.93770065, 682170.70150065, 682176.07110065, 682179.35040065, 682188.56360065, 682196.04430065, 682230.02220065, 682266.36450065, 682330.42050065, 682358.52350065, 682367.81890065, 682370.27620065, 682378.05930065, 682381.06680065, 682381.56410065, 682382.47570065, 682382.83910065, 682383.85680065, 682392.59390065, 682392.69420066, 682393.51190066, 682395.16630066, 682414.15340066, 682425.51840066, 682442.83360066, 682486.02990066, 682542.45900066, 682603.98560066, 682637.54790066, 682645.70470066, 
682643.69690066, 682639.31590066, 682637.92250066, 682635.56640066, 682634.15250066, 682636.64280066, 682682.23840066, 682733.35830066, 682802.61150066, 682833.21690066, 682869.15850066, 682871.22150066, 682875.63250066, 682954.63340067, 683040.42190067, 683031.22010067, 683023.28710067, 683009.85140067, 682996.34750067, 682994.83050067, 683015.52480067, 683036.91760067, 683039.66850067, 683101.39990067, 683151.20750067, 683193.01730067, 683187.83270067, 683214.73200067, 683294.73790067, 683313.10340067, 
683316.16260067, 683318.54350067, 683321.39840067, 683334.61160067, 683346.60030067, 683378.02250067, 683392.42970067, 683399.02800067, 683403.68020067, 683411.37410067, 683413.36830067, 683415.71660067, 683416.46780067, 683416.79330067, 683458.44460067, 683465.25840067, 683475.59940067, 683484.71610067, 683504.18030068, 683522.34690068, 683523.62270068, 683558.49540068, 683629.34790068, 683659.44130068, 683680.95710068, 683678.79180068, 683760.84400068, 683760.22780068, 683791.61310068, 683801.20240068, 
683808.22290068, 683815.10440068, 683829.10520068, 683843.18560068, 683857.35550068, 683861.39120068, 683871.62630068, 683874.26510068, 683879.51820068, 683885.06870068, 683892.95680068, 683903.57810068, 683908.40290068, 683914.16400068, 683928.09170068, 683941.87030068, 683969.01220068, 683973.70450068, 683975.72390068, 683984.89850068, 683996.08880068, 684006.39910068, 684008.61210068, 684000.12440068, 684008.00690068, 684013.25420068, 684058.50110069, 684071.90210069, 684142.37200069, 684154.23000069, 
684195.02120069, 684258.89720069, 684267.28210069, 684283.32220069, 684298.15970069, 684317.88900069, 684346.09410069, 684354.16870069, 684365.84570069, 684366.74030069, 684377.10340069, 684427.98110069, 684434.33440069, 684673.5945007, 684746.5358007, 684737.5416007, 684727.0225007, 684725.4851007, 684731.2509007, 684751.3745007, 684776.9109007, 684848.5718007, 684875.3927007, 684884.6711007, 684889.5251007, 684922.7555007, 684962.8096007, 684987.5893007, 685042.3168007, 685068.8788007, 685086.4456007, 
685099.98260071, 685103.86380071, 685137.64400071, 685190.02450071, 685187.58860071, 685182.61390071, 685178.59070071, 685176.41680071, 685174.11900071, 685164.80990071, 685117.28170071, 685110.45520071, 685102.8433007, 685111.10280071, 685122.74340071, 685132.94430071, 685149.27640071, 685129.69900071, 685111.67530071, 685095.1890007, 685082.0236007, 685069.1297007, 685049.3421007, 685030.9705007, 685017.0685007, 684999.3428007, 684989.7789007, 684981.1969007, 684969.5446007, 684960.4370007, 684943.2205007, 
684881.6473007, 684848.9969007, 684833.4681007, 684813.6500007, 684787.1385007, 684767.2054007, 684755.9175007, 684745.1160007, 684718.4245007, 684694.8070007, 684653.9157007, 684640.4158007, 684629.4716007, 684609.2844007, 684601.8845007, 684568.00610069, 684565.51150069, 684562.59830069, 684562.23520069, 684565.83780069, 684567.30920069, 684568.62610069, 684569.38810069, 684569.89610069, 684570.16340069, 684570.01210069, 684569.59180069, 684565.41580069, 684563.89370069, 684561.06040069, 684547.98290069, 
684544.58840069, 684543.68160069, 684538.29980069, 684533.60880069, 684532.20190069, 684525.93480069, 684524.55490069, 684520.65400069, 684517.15320069, 684517.63440069, 684518.37020069, 684518.49130069, 684523.29460069, 684530.42650069, 684532.53650069, 684536.82250069, 684539.53660069, 684542.35530069, 684551.23220069, 684559.42780069, 684565.50210069, 684568.34300069, 684588.85170069, 684605.1698007, 684626.0007007, 684627.8066007, 684659.0918007, 684660.8070007, 684688.0503007, 684714.8011007, 
684722.9263007, 684757.6057007, 684768.5369007, 684769.8088007, 684776.2092007, 684781.2493007, 684791.9303007, 684802.4901007, 684803.7950007, 684812.6129007, 684822.8152007, 684832.9711007, 684843.1750007, 684853.2911007, 684861.4436007, 684863.2498007, 684872.2957007, 684891.5848007, 684907.5569007, 684923.4218007, 684938.7965007, 684956.1034007, 684974.4590007, 684992.5207007, 685005.6693007, 685013.9505007, 685018.1260007, 685023.5440007, 685030.2627007, 685033.6017007, 685034.7093007, 685067.8796007, 
685068.01180071, 685070.8027007, 685070.6600007, 685077.4456007, 685077.6082007, 685077.6263007, 685088.1469007, 685087.9640007, 685091.1085007, 685090.9251007, 685100.9436007, 685101.0966007, 685101.1146007, 685105.7034007, 685105.5416007, 685125.82090071, 685125.97380071, 685128.82340071, 685128.47920071, 685127.77870071, 685127.63110071, 685127.77780071, 685128.26270071, 685128.44630071, 685129.22240071, 685129.85800071, 685130.41960071, 685131.24530071, 685131.77740071, 685207.10600071, 685230.92420071, 
685230.79880071, 685246.64870071, 685246.77400071, 685272.42410071, 685271.51940071, 685271.35030071, 685271.21790071, 685275.74010071, 685278.64860071, 685278.56920071, 685278.40730071, 685286.30410071, 685291.80250071, 685286.80850071, 685284.29840071, 685283.79980071, 685282.05920071, 685272.74100071, 685272.48710071, 685270.22700071, 685265.81860071, 685265.24090071, 685264.97590071, 685264.91510071, 685264.91120071, 685264.52710071, 685264.47460071, 685264.46530071, 685259.68040071, 685260.01210071, 
685259.30430071, 685259.08290071, 685248.52080071, 685241.82950071, 685217.31830071, 685216.64400071, 685197.76050071, 685188.16710071, 685189.10210071, 685214.23540071, 685192.45680071, 685227.44620071, 685197.04500071, 685188.36530071, 685190.58890071, 685193.51120071, 685199.29310071, 685187.41950071, 685170.89730071, 685156.25170071, 685156.73170071, 685152.85870071, 685145.85740071, 685141.28100071, 685131.96180071, 685128.94710071, 685098.4970007, 685055.9737007, 685012.0691007, 685000.3424007, 
684988.5738007, 684918.0086007, 684824.3429007, 684763.3210007, 684722.2545007, 684680.4645007, 684648.2220007, 684541.25420069, 684517.71180069, 684441.88840069, 684410.74710069, 684325.21560069, 684202.78950069, 684168.97510069, 683965.76750068, 683953.88790068, 683943.61210068, 683906.74370068, 683890.08360068, 683887.87860068, 683879.22300068, 683873.39990068, 683851.87170068, 683829.59720068, 683815.55920068, 683785.03840068, 683757.97020068, 683343.75040067, 683317.60020067, 683308.96580067, 
683307.60490067, 683305.74170067, 683300.16290067, 683295.21580067, 683290.05780067, 683288.27650067, 683222.36620067, 683220.66310067, 683184.21760067, 683184.29140067, 683173.16150067, 683138.56930067, 683137.24750067, 683129.27860067, 683128.03490067, 683119.07170067, 683115.05090067, 683055.64260067, 682999.36040067, 682935.63780066, 682926.88110066, 682922.70160066, 682919.34000066, 682917.12030066, 682917.26700066, 682919.35680066, 5338681.10589844, 5338739.67329844, 5338790.02169844, 5338848.87029844, 
5338829.39009845, 5338807.35669845, 5338802.50369845, 5338780.13959845, 5338717.21569846, 5338657.13029847, 5338659.21689847, 5338636.61559847, 5338625.10759847, 5338613.37429847, 5338600.32939847, 5338588.09259848, 5338567.57309848, 5338547.82739848, 5338520.73629848, 5338518.09859849, 5338515.18239849, 5338572.07249849, 5338600.97189849, 5338638.74829849, 5338669.32779849, 5338693.0616985, 5338712.3753985, 5338717.4798985, 5338715.8604985, 5338709.0854985, 5338678.51099851, 5338628.44439851, 5338609.86119851, 
5338603.33199852, 5338596.15479852, 5338591.44879852, 5338568.42959852, 5338533.03209852, 5338505.28359852, 5338489.83239852, 5338471.42559852, 5338465.12329852, 5338465.08449852, 5338451.45049852, 5338429.49239852, 5338413.31979852, 5338391.26629852, 5338359.13929851, 5338356.02149852, 5338330.62859852, 5338329.03039852, 5338327.42149852, 5338308.18429852, 5338233.16159852, 5338231.85829852, 5338230.47889852, 5338229.00459852, 5338227.47459852, 5338225.89009852, 5338224.25099852, 5338222.57709852, 
5338220.88899852, 5338219.19639852, 5338217.49929852, 5338215.81809852, 5338214.16249852, 5338212.55249852, 5338211.12539852, 5338209.74299852, 5338208.42439852, 5338207.17969852, 5338205.99869852, 5338204.91119852, 5338157.92269852, 5338090.87739851, 5338087.37539851, 5338083.08529851, 5338070.10809851, 5338069.19379851, 5338066.41929851, 5338065.54649851, 5338060.28639851, 5338054.63259851, 5338048.65359851, 5338040.33419851, 5338034.15739851, 5338015.97329851, 5338008.04379851, 5337984.59759851, 
5337941.93719852, 5337856.03779852, 5337853.70489852, 5337851.86179852, 5337841.61109852, 5337807.77599852, 5337789.21969852, 5337771.21659852, 5337754.44959852, 5337737.69129852, 5337728.04019852, 5337704.77159852, 5337689.65079853, 5337671.23789853, 5337656.39799853, 5337653.12459853, 5337640.33649853, 5337619.04809853, 5337592.59419853, 5337570.76779853, 5337558.36919853, 5337538.46519853, 5337524.75419853, 5337510.84349853, 5337483.55479853, 5337474.34339853, 5337456.93409853, 5337444.72279853, 
5337434.71309853, 5337427.84919853, 5337421.66269853, 5337406.88719853, 5337403.87569853, 5337399.72549853, 5337366.81359853, 5337360.24479853, 5337355.57679853, 5337352.51679853, 5337312.48799854, 5337307.02309854, 5337291.80789854, 5337283.50179854, 5337216.01499853, 5337185.81439853, 5337166.92279853, 5337152.00949853, 5337127.02109853, 5337088.21859853, 5337067.71649852, 5337055.53659852, 5337044.55769852, 5337032.96269852, 5337031.76289852, 5337021.83939852, 5337010.78989852, 5336999.70539852, 
5336979.15979852, 5336964.32849852, 5336949.56909852, 5336940.18199852, 5336927.87119852, 5336915.47899852, 5336902.98259851, 5336890.38669851, 5336877.69389851, 5336864.87879851, 5336851.97999851, 5336838.95039851, 5336825.83289851, 5336812.63349851, 5336799.31049851, 5336785.89579851, 5336772.37179851, 5336758.75099851, 5336745.03319851, 5336739.13569851, 5336731.21929851, 5336717.29559851, 5336708.94579851, 5336703.28189851, 5336693.53529851, 5336689.18609851, 5336675.0708985, 5336672.9899985, 
5336671.5458985, 5336663.3999985, 5336655.0900985, 5336638.7736985, 5336622.3543985, 5336609.3099985, 5336575.6642985, 5336543.9843985, 5336504.5310985, 5336441.40899849, 5336413.17139849, 5336399.71049849, 5336358.79779849, 5336345.32909849, 5336343.97229849, 5336328.67949849, 5336280.99919849, 5336271.72679848, 5336270.90699848, 5336266.95409848, 5336265.98719848, 5336261.85929848, 5336253.00669848, 5336244.63949848, 5336242.36349848, 5336239.60599848, 5336227.89939848, 5336218.56219847, 5336215.29939847, 
5336212.16109847, 5336208.72589847, 5336208.18779847, 5336204.97109847, 5336204.62509847, 5336200.01749847, 5336201.44489847, 5336196.70109847, 5336195.92529847, 5336195.79889847, 5336192.01019847, 5336180.30989847, 5336128.06429847, 5336071.18589847, 5336062.57009847, 5336057.29849847, 5336052.90189847, 5336050.68199848, 5336016.91999848, 5335989.15099848, 5335988.45529848, 5335986.00659849, 5335974.00819849, 5335950.75869849, 5335932.70209849, 5335929.69719849, 5335908.16839849, 5335883.37959849, 
5335865.92279849, 5335856.24119849, 5335847.6242985, 5335841.7941985, 5335825.5880985, 5335815.6991985, 5335789.0422985, 5335781.7005985, 5335755.0124985, 5335753.1938985, 5335750.2059985, 5335746.1535985, 5335735.3689985, 5335734.0229985, 5335729.7433985, 5335710.0651985, 5335709.2430985, 5335666.5384985, 5335620.7724985, 5335591.8806985, 5335552.1401985, 5335554.06269851, 5335554.2636985, 5335535.6559985, 5335487.82319851, 5335492.19709851, 5335458.32619851, 5335400.63789851, 5335382.02999851, 
5335369.95359851, 5335357.19679851, 5335357.20609851, 5335357.41439851, 5335355.10709851, 5335353.00399851, 5335335.02149851, 5335334.79979851, 5335324.95649851, 5335308.36079851, 5335305.24239851, 5335295.60679851, 5335271.75899851, 5335247.93559851, 5335226.44989851, 5335202.93959851, 5335183.78149851, 5335164.36589851, 5335142.79699851, 5335124.41639851, 5335104.93179851, 5335085.43209851, 5335074.67609851, 5335069.25489851, 5335051.55009851, 5335034.44789851, 5335020.05909851, 5334996.83849852, 
5334973.36959851, 5334911.26619852, 5334916.27489852, 5334850.98349851, 5334822.19809852, 5334796.94289852, 5334776.96099852, 5334757.29179852, 5334739.81019852, 5334721.01519852, 5334702.51819852, 5334634.47859852, 5334575.12449852, 5334554.72659852, 5334551.09939852, 5334547.72229852, 5334540.20799852, 5334539.91349852, 5334511.12139852, 5334478.35179852, 5334449.24059852, 5334422.08869852, 5334418.42369852, 5334391.80769852, 5334360.52029852, 5334329.76919852, 5334310.71729852, 5334291.66759852, 
5334272.63059852, 5334253.57389852, 5334230.24769852, 5334228.11709852, 5334226.47459852, 5334224.54389852, 5334222.57629852, 5334205.15409852, 5334176.29279852, 5334136.82609852, 5334135.71089852, 5334134.52299852, 5334131.27029852, 5334126.35629852, 5334125.15759851, 5334121.17829851, 5334120.51129851, 5334120.55839851, 5334120.58039851, 5334118.55909851, 5334117.72099851, 5334112.31359851, 5334112.05719851, 5334107.57969851, 5334103.89569851, 5334101.42399851, 5334083.07609851, 5334078.28579851, 
5334076.42619851, 5334072.21089851, 5334072.0856985, 5334071.98259851, 5334070.1943985, 5334074.56709851, 5334080.4858985, 5334089.5298985, 5334095.1531985, 5334079.64199849, 5334074.54979849, 5334074.31719849, 5334073.23859849, 5334073.09409849, 5334070.58989849, 5334063.92719849, 5334058.15549849, 5334045.21559849, 5334044.12149849, 5334033.83239849, 5334045.27329849, 5334033.97829849, 5334030.22799849, 5334025.46939849, 5334011.54519849, 5333998.43499849, 5333999.82159849, 5333988.38139849, 5333978.39519849, 
5333966.56969849, 5333942.07599849, 5333921.52309849, 5333898.59329849, 5333887.03929849, 5333870.43349849, 5333862.77589849, 5333857.94829849, 5333844.87269849, 5333831.07279849, 5333818.62859849, 5333788.39409849, 5333777.95519849, 5333775.70609849, 5333776.67219849, 5333783.46839849, 5333783.69419848, 5333784.70119849, 5333781.59379849, 5333799.53029848, 5333813.57669849, 5333821.65979848, 5333826.68329848, 5333849.99479848, 5333911.21019848, 5333976.79689848, 5333948.35349848, 5333936.52099848, 
5333932.20029847, 5333931.02529848, 5333977.97999848, 5334006.93859847, 5334011.10139847, 5334015.16039848, 5334019.43799847, 5334019.25759848, 5334017.73729847, 5334017.73119847, 5334017.81319847, 5334017.74769847, 5334017.76869847, 5334016.80149847, 5334015.31579847, 5334012.76899847, 5334007.86569847, 5334000.88919846, 5333995.42319846, 5333994.10019846, 5333989.12779846, 5333979.54929846, 5333975.11039846, 5333967.60349846, 5333955.36839846, 5333954.89509846, 5333946.39499846, 5333940.33299846, 
5333931.69339846, 5333927.64259845, 5333921.57929845, 5333946.71149845, 5333945.51439845, 5333925.59989845, 5333903.88609844, 5333873.37219845, 5333849.00599845, 5333811.31449845, 5333778.44819845, 5333774.75679845, 5333765.17949845, 5333756.80519845, 5333756.02419844, 5333738.49989844, 5333724.40729844, 5333714.01359844, 5333681.00489844, 5333674.62059844, 5333675.50719843, 5333676.91469843, 5333667.77919843, 5333653.24299843, 5333627.83449843, 5333619.59129843, 5333613.89299843, 5333602.49469843, 
5333565.05409843, 5333543.84329843, 5333527.63099843, 5333499.23669843, 5333491.22759843, 5333491.58909843, 5333491.66739843, 5333491.70099843, 5333497.63419842, 5333499.25019843, 5333501.80389842, 5333503.86959842, 5333508.49929842, 5333512.80929842, 5333513.18979842, 5333523.61109842, 5333548.22169842, 5333558.98849842, 5333566.20999842, 5333575.93339842, 5333572.39429841, 5333582.04819841, 5333588.07069841, 5333590.39439841, 5333592.09849841, 5333593.70009841, 5333596.96199841, 5333600.23079841, 
5333603.52299841, 5333604.47029841, 5333606.84899841, 5333607.4617984, 5333608.79649841, 5333610.20279841, 5333612.2013984, 5333614.8883984, 5333616.11759841, 5333617.7121984, 5333621.5641984, 5333625.3903984, 5333632.9246984, 5333634.2186984, 5333634.7774984, 5333636.8446984, 5333639.3623984, 5333641.6887984, 5333642.1859984, 5333651.4942984, 5333658.8449984, 5333663.8993984, 5333704.4909984, 5333716.5317984, 5333738.92779839, 5333742.58989839, 5333755.15949839, 5333775.19659839, 5333777.87369839, 
5333783.12009838, 5333788.03879838, 5333794.58719838, 5333804.59649838, 5333807.69149838, 5333812.17629838, 5333809.71679838, 5333780.18459838, 5333644.48059838, 5333646.69659838, 5333726.06759837, 5333744.14479836, 5333788.44759836, 5333858.15879836, 5333914.14799836, 5333970.61979836, 5334070.35339836, 5334164.77699836, 5334399.02699836, 5334473.44769836, 5334496.38649835, 5334508.31629835, 5334602.32999835, 5334699.10369835, 5334745.62599835, 5334820.40909835, 5334867.16989835, 5334906.90909834, 
5334949.63029834, 5334963.35019834, 5335083.96829834, 5335329.34249834, 5335329.77479834, 5335330.65789834, 5335331.42149834, 5335350.82469834, 5335371.35979834, 5335372.42739834, 5335377.21149834, 5335377.89949834, 5335378.66919834, 5335458.09189834, 5335525.88359834, 5335583.93899834, 5335677.67919834, 5335689.79629834, 5335702.91889834, 5335715.81009834, 5335726.53789834, 5335737.72399834, 5335755.66889835, 5335773.05299835, 5335786.97419835, 5335806.05879835, 5335818.10329835, 5335828.14479835, 
5335842.49459835, 5335853.38779835, 5335872.57529835, 5335946.83879835, 5335986.96209836, 5336006.95819835, 5336033.24979836, 5336068.72669836, 5336095.41589836, 5336113.02799836, 5336131.64609836, 5336179.83979836, 5336223.90979836, 5336305.19399836, 5336335.51419836, 5336363.38539836, 5336421.64789837, 5336442.40149837, 5336557.51189837, 5336556.86839837, 5336568.60289837, 5336570.06549837, 5336570.08439837, 5336570.70449837, 5336571.89449837, 5336573.05379837, 5336574.37479837, 5336576.12519837, 
5336578.25199837, 5336580.25679837, 5336596.41479837, 5336603.27969837, 5336613.62009837, 5336657.37059837, 5336669.54229837, 5336673.43999837, 5336699.68209837, 5336722.07699837, 5336729.74699837, 5336766.22699837, 5336773.70459837, 5336795.09789837, 5336873.23719837, 5336892.74209837, 5336922.03529837, 5336936.33039837, 5336985.12039837, 5337033.59969837, 5337043.66059837, 5337064.13529837, 5337077.16229837, 5337090.58369837, 5337120.79049837, 5337148.63989837, 5337169.27279837, 5337176.77799837, 
5337231.15129837, 5337266.76859837, 5337306.82559836, 5337310.30919836, 5337362.15559836, 5337364.61469836, 5337352.36009836, 5337345.80859836, 5337343.80459836, 5337336.25409836, 5337333.87109836, 5337333.59059836, 5337332.42019836, 5337331.48699836, 5337330.12359835, 5337329.04559835, 5337328.94649835, 5337328.25049835, 5337327.73879835, 5337327.53989835, 5337327.63379835, 5337328.18449835, 5337328.78769835, 5337328.91919835, 5337329.70329835, 5337333.15839835, 5337336.97679835, 5337340.79129835, 
5337345.51089835, 5337352.25879835, 5337360.51299835, 5337369.77499834, 5337376.92769834, 5337382.41979835, 5337385.18969834, 5337389.44489834, 5337394.72169834, 5337397.87469834, 5337397.43759834, 5337384.23519834, 5337384.18029834, 5337390.36539834, 5337390.42989834, 5337405.81249834, 5337405.74879834, 5337405.79949834, 5337429.57099834, 5337429.64389834, 5337436.24259834, 5337436.32549834, 5337458.85979834, 5337458.78579834, 5337458.83649834, 5337469.21089834, 5337469.25459834, 5337515.08359834, 
5337515.00949834, 5337521.72629834, 5337522.08319834, 5337523.36689834, 5337524.07169834, 5337524.92809834, 5337525.83779834, 5337526.00509834, 5337526.37569834, 5337526.50059834, 5337526.47249834, 5337526.08449834, 5337525.78499834, 5337594.48259833, 5337616.02979833, 5337616.16499833, 5337630.59539833, 5337630.46019833, 5337653.80029833, 5337661.60139833, 5337661.57479833, 5337662.66049833, 5337663.20739833, 5337663.56119833, 5337665.08929833, 5337668.48579833, 5337672.30699833, 5337674.50279833, 
5337681.67749833, 5337685.28399833, 5337686.00059833, 5337688.72239833, 5337703.29249833, 5337703.13249833, 5337713.81289833, 5337758.79929833, 5337765.19199833, 5337768.17459833, 5337768.18169833, 5337768.28169833, 5337772.25989833, 5337772.82829833, 5337772.92649833, 5337820.95979833, 5337820.92269833, 5337828.54899833, 5337828.58029833, 5337934.39139833, 5337935.31069833, 5337938.67589833, 5337938.77989833, 5337942.23839834, 5337943.99009833, 5337944.90699833, 5337969.46009833, 5337991.64879833, 
5338025.92789833, 5338064.08779833, 5338074.89799833, 5338076.89649833, 5338079.46269833, 5338084.69259833, 5338122.52049833, 5338174.23209834, 5338252.77529834, 5338303.95419834, 5338364.39119834, 5338428.84089834, 5338444.08479834, 5338475.16669834, 5338478.98719834, 5338471.54989834, 5338461.12959834, 5338449.34899834, 5338448.92459834, 5338464.76669834, 5338460.35419835, 5338453.74399835, 5338450.12599836, 5338444.50749836, 5338431.47959836, 5338415.48929836, 5338296.78169837, 5338268.51409837, 
5338347.14789837, 5338375.11189837, 5338438.01879838, 5338551.34829838, 5338587.79859839, 5338794.96189839, 5338790.9985984, 5338795.3407984, 5338809.2319984, 5338815.5032984, 5338816.3473984, 5338819.6076984, 5338821.8011984, 5338829.9049984, 5338838.2947984, 5338843.5846984, 5338863.6437984, 5338880.80419841, 5338720.17279842, 5338709.73249842, 5338706.03229843, 5338700.81419843, 5338693.66599843, 5338674.71609843, 5338660.03679843, 5338646.47979843, 5338642.37849843, 5338628.17559843, 5338627.95869843, 
5338623.23209843, 5338633.18979843, 5338634.00709843, 5338648.47859843, 5338649.01749844, 5338651.16799843, 5338651.49959843, 5338654.19209844, 5338662.55969844, 5338646.78949844, 5338634.19209844, 5338623.15529844, 5338621.63339844, 5338621.29039844, 5338621.09189844, 5338649.22649844, 5338668.39129845, 5338681.10589844))",0.6112170554007139
vablock_stadtbezirk.6,2,Ludwigsvorstadt-Isarvorstadt,4401650.66894,Ludwigsvorstadt - Isarvorstadt,50081,114,18,"list(c(689722.8406008, 689570.38540079, 689566.45650079, 689575.22200079, 689578.10020079, 689581.39080079, 689577.03890079, 689579.32530079, 689578.89920079, 689576.0562008, 689574.26980079, 689573.47270079, 689572.71070079, 689572.37690079, 689571.75020079, 689571.53800079, 689561.82090079, 689562.65400079, 689561.90450079, 689561.48600079, 689559.35890079, 689556.68540079, 689556.20420079, 689555.55100079, 689554.59470079, 689553.35760079, 689551.63190079, 689551.48040079, 689534.58340079, 689529.96350079, 
689514.80120079, 689509.48750079, 689498.49160079, 689489.22980079, 689487.27560079, 689487.59300079, 689485.41090079, 689485.08930079, 689476.26990079, 689473.15450079, 689474.79290079, 689500.75870079, 689596.66890079, 689685.1492008, 689686.3522008, 689686.7526008, 689670.4979008, 689594.35850079, 689584.62580079, 689575.71310079, 689567.33440079, 689559.70130079, 689552.66430079, 689546.48000079, 689539.75750079, 689534.11770079, 689529.68620079, 689524.89890079, 689520.75700079, 689519.21990079, 
689517.44220079, 689515.60930079, 689514.88450079, 689511.82240079, 689510.25800079, 689509.55890079, 689509.74880079, 689510.28560079, 689510.25960079, 689509.36780079, 689507.17180079, 689503.48540079, 689498.68570079, 689492.43270079, 689485.12700079, 689476.65230079, 689467.21890079, 689460.25610079, 689454.53510079, 689450.17000079, 689447.01530079, 689446.32980079, 689444.09520079, 689443.96420079, 689447.65100079, 689453.23120079, 689459.19730079, 689461.32240079, 689461.95150079, 689465.50310079, 
689480.04610079, 689461.22490079, 689405.66390079, 689401.26770079, 689398.63750079, 689389.74420079, 689386.88550079, 689385.02470079, 689376.72420079, 689373.94810079, 689372.88830079, 689369.82990079, 689369.62950079, 689368.79840079, 689359.01700079, 689357.41240079, 689355.09830079, 689352.28070079, 689348.54750079, 689344.26740079, 689343.54930079, 689344.07420079, 689343.08430079, 689342.58740079, 689340.34480079, 689338.47590079, 689336.78830079, 689335.33080079, 689334.13020079, 689332.58430079, 
689330.94470079, 689329.29420079, 689327.88270079, 689326.14270079, 689324.62820079, 689323.07670079, 689321.78910079, 689320.27550079, 689318.83570079, 689317.03960079, 689315.04830079, 689316.26310079, 689323.27270079, 689328.05970079, 689335.09640079, 689334.24240079, 689354.58550079, 689366.89990079, 689405.84390079, 689413.04060079, 689413.29920079, 689419.30770079, 689426.11630079, 689432.56630079, 689437.90810079, 689544.55920079, 689641.9967008, 689642.7275008, 689654.6502008, 689666.6177008, 
689667.9112008, 689672.6434008, 689682.7305008, 689690.2928008, 689744.8172008, 689775.6977008, 689812.4754008, 689951.1112008, 690065.1435008, 690079.56810081, 690134.79360081, 690248.80520081, 690293.39150081, 690388.18800081, 690468.86220081, 690473.01980081, 690478.34360081, 690484.81340081, 690489.77560081, 690491.53210081, 690491.67140081, 690512.10450081, 690512.33220081, 690510.86200081, 690572.31150082, 690576.90990082, 690581.84360082, 690582.32870082, 690582.82880082, 690583.31390082, 
690583.73390082, 690584.07010082, 690584.30290082, 690593.11690082, 690620.92140082, 690624.24710082, 690623.49900082, 690623.46930082, 690623.58910082, 690623.82730082, 690624.19230082, 690624.63340082, 690625.23410082, 690625.81870082, 690626.33780082, 690626.76150082, 690627.07180082, 690647.35810082, 690648.94540082, 690667.00650082, 690666.39520082, 690666.29290082, 690666.32080082, 690666.47830082, 690666.75290082, 690667.13400082, 690667.57020082, 690668.03170082, 690668.48740082, 690668.88840082, 
690669.69020082, 690709.43310082, 690713.77090082, 690719.07050082, 690719.74720082, 690720.28950082, 690720.47810082, 690725.74810082, 690726.35400082, 690745.80210082, 690788.48040082, 690821.54910082, 690829.40810082, 690846.78000082, 690853.88330082, 690864.33890082, 690874.33910082, 690885.06510082, 690889.46590082, 690907.62920082, 690957.45480082, 690991.36280082, 691011.60810082, 691064.48050083, 691094.06720083, 691106.26970083, 691118.12490083, 691128.44520083, 691132.58320083, 691143.92090083, 
691154.78350083, 691159.31100083, 691159.57330083, 691160.33910083, 691160.07680083, 691164.92230083, 691169.62230083, 691169.88410083, 691170.64960083, 691170.38780083, 691172.64370083, 691179.46930083, 691183.97940083, 691196.68890083, 691200.20740083, 691211.71170083, 691219.62670083, 691229.40730083, 691238.87720083, 691325.03340083, 691408.93620083, 691419.52130083, 691430.42380083, 691433.33790083, 691451.04700083, 691467.03710083, 691524.69910084, 691526.94670084, 691584.23680084, 691586.21490084, 
691626.81920084, 691629.12370084, 691631.41900084, 691633.77510084, 691636.07020084, 691716.89860084, 691773.27640084, 691786.26790084, 691799.76410084, 691800.07810084, 691799.47950084, 691800.12880084, 691799.29310084, 691800.04490084, 691807.32280084, 691814.81090084, 691815.61990084, 691815.04620084, 691815.52930084, 691816.87100084, 691816.95500084, 691828.91710084, 691840.88980084, 691851.43780084, 691859.53870084, 691869.35170084, 691873.76200084, 691878.68060084, 691883.10180084, 691889.06670084, 
691892.33420084, 691892.84010084, 691897.50260084, 691902.27220084, 691912.55920084, 691930.99510084, 691948.08470085, 691972.29590085, 691986.27740085, 691995.02040085, 691999.82290085, 692009.47400085, 692010.26750085, 692017.07090085, 692016.21070085, 692019.67190085, 692020.08860085, 692027.11320085, 692032.41950085, 692034.27670085, 692034.67400085, 692036.17490085, 692037.75080085, 692038.45710085, 692038.81410085, 692042.77840085, 692045.54030085, 692049.05840085, 692061.76610085, 692066.65300085, 
692135.58960085, 692143.19790085, 692150.68170085, 692158.04590085, 692165.46830085, 692172.89550085, 692180.16810085, 692187.52470085, 692194.74000085, 692201.78440085, 692208.79070085, 692215.64930085, 692222.40800085, 692229.00450085, 692235.43980085, 692241.61850085, 692247.65100085, 692253.54470085, 692259.22030085, 692264.82730085, 692270.16780085, 692275.24990085, 692280.13070085, 692284.69080085, 692286.64290085, 692289.01730085, 692344.51960085, 692345.23060085, 692347.02040085, 692349.78650085, 
692350.24970085, 692351.22330085, 692368.35970085, 692377.11240085, 692385.92510085, 692394.84110085, 692403.90740085, 692412.99960086, 692422.20010086, 692431.51590086, 692440.93690086, 692450.45760086, 692460.08580086, 692466.05460086, 692466.98500086, 692472.27950086, 692471.25140086, 692488.23280086, 692493.64320086, 692496.75110086, 692499.21920086, 692501.52910086, 692501.65930086, 692502.60740086, 692504.66330086, 692506.54810086, 692508.27070086, 692507.58470086, 692508.24890086, 692511.89860086, 
692444.70790086, 692383.93190085, 692348.41530085, 692217.34720085, 692202.97140085, 692161.97620085, 692156.33240085, 692118.14190085, 692112.75770085, 692107.68900085, 692102.31210085, 692097.09080085, 692091.88960085, 692066.20990085, 692020.29920085, 691948.98110085, 691942.68190084, 691936.67350084, 691929.55950084, 691923.18150084, 691914.34010084, 691907.93490084, 691900.14910084, 691889.59250084, 691829.12570084, 691775.42560084, 691728.32070084, 691682.19460084, 691677.46830084, 691672.73830084, 
691666.53040084, 691659.40570084, 691651.54020084, 691644.65990084, 691583.96050084, 691578.45760084, 691573.54570084, 691569.03050084, 691565.02870084, 691561.70690084, 691557.73020084, 691529.96890084, 691494.99270084, 691484.92070083, 691480.07900083, 691474.05420083, 691469.20390083, 691442.65590083, 691434.97090083, 691396.30110083, 691372.67820083, 691351.09060083, 691329.37900083, 691308.70340083, 691286.39020083, 691280.60780083, 691274.55460083, 691269.22270083, 691263.20260083, 691259.15980083, 
691254.04120083, 691249.14470083, 691243.63270083, 691237.71530083, 691232.12740083, 691208.73020083, 691100.77650083, 691089.32660083, 691081.26410083, 691076.21020083, 691071.75160083, 691065.36560083, 691062.52340083, 691059.08080083, 691053.31150083, 691030.64820083, 691017.87510082, 690998.69990082, 690995.51890082, 690993.24420082, 690991.57080082, 691011.31410082, 690995.33590082, 690959.67130082, 690920.26090082, 690839.40160082, 690815.78130082, 690813.28170082, 690820.02200082, 690821.67680082, 
690833.46370082, 690862.95910082, 690543.77640081, 690520.23460081, 690490.95630081, 690198.14740081, 690147.33720081, 690118.14490081, 689722.8406008, 5335359.37019809, 5335405.3523981, 5335391.8217981, 5335382.4373981, 5335378.4668981, 5335373.93199809, 5335318.0362981, 5335315.35259809, 5335309.6211981, 5335271.7283981, 5335247.7922981, 5335237.1834981, 5335237.2431981, 5335232.75719809, 5335224.5435981, 5335221.7005981, 5335095.4626981, 5335095.3020981, 5335088.5797981, 5335088.1780981, 5335086.1382981, 
5335050.8201981, 5335047.5187981, 5335044.5208981, 5335041.6012981, 5335038.7008981, 5335035.7614981, 5335035.7955981, 5335014.9033981, 5335009.1586981, 5334990.3453981, 5334983.6837981, 5334969.7257981, 5334955.2244981, 5334951.9759981, 5334951.7880981, 5334947.9702981, 5334948.0077981, 5334932.5026981, 5334930.8204981, 5334916.9121981, 5334911.4834981, 5334892.7952981, 5334877.82709809, 5334747.33649809, 5334686.89999809, 5334623.31749809, 5334530.5493981, 5334523.5451981, 5334515.5429981, 5334506.9392981, 
5334497.6957981, 5334487.9748981, 5334477.6850981, 5334464.2697981, 5334450.3862981, 5334436.0600981, 5334416.6280981, 5334397.0609981, 5334387.9086981, 5334377.3257981, 5334363.7531981, 5334357.4397981, 5334327.5954981, 5334307.6489981, 5334287.7296981, 5334267.7226981, 5334247.7181981, 5334234.0154981, 5334223.7822981, 5334209.0060981, 5334194.4517981, 5334180.2238981, 5334166.5736981, 5334153.4929981, 5334141.1336981, 5334129.4974981, 5334119.7202981, 5334109.1974981, 5334098.0363981, 5334086.09209811, 
5334083.6810981, 5334068.6698981, 5334058.93639811, 5334039.02029811, 5334019.95299811, 5334000.82009811, 5333992.80999811, 5333989.25039811, 5333974.6120981, 5333940.06359811, 5333923.3482981, 5333825.88279811, 5333814.41249811, 5333805.44289811, 5333776.81339811, 5333765.17259811, 5333753.32029811, 5333676.41909811, 5333651.11389811, 5333641.59469811, 5333621.70869811, 5333620.68999811, 5333616.59399811, 5333568.52729811, 5333560.64799811, 5333550.66849811, 5333541.02989811, 5333531.55739811, 5333522.25639811, 
5333520.65769811, 5333520.31989811, 5333518.50749811, 5333518.63929811, 5333514.30999811, 5333510.91569811, 5333508.00869811, 5333505.62439811, 5333503.67379811, 5333501.19599812, 5333498.62389811, 5333496.11389811, 5333494.03369811, 5333491.53369811, 5333489.39839812, 5333487.25009811, 5333485.47199812, 5333483.42879811, 5333481.53569811, 5333479.25719811, 5333476.76889811, 5333470.38399811, 5333462.61249812, 5333461.52949812, 5333458.97349811, 5333449.80199811, 5333448.12999811, 5333448.49179811, 
5333425.04789811, 5333424.45649811, 5333426.03789811, 5333421.85489811, 5333417.11779811, 5333412.65349811, 5333409.14829811, 5333337.6793981, 5333272.9229981, 5333273.69209809, 5333265.8311981, 5333257.82119809, 5333256.99099809, 5333254.22339809, 5333247.48069809, 5333260.34899809, 5333223.83849809, 5333202.82469809, 5333176.05259809, 5333079.52759808, 5333003.20739807, 5332993.77759807, 5332957.68389807, 5332881.41569806, 5332851.58429806, 5332787.34219805, 5332734.47039805, 5332731.58019805, 
5332728.03189805, 5332723.72179805, 5332720.40209805, 5332719.23959805, 5332719.45219805, 5332705.96999804, 5332705.83019804, 5332701.47359804, 5332661.97699804, 5332659.04619804, 5332658.02659804, 5332657.90529804, 5332657.91479804, 5332658.05389804, 5332658.32049804, 5332658.68399804, 5332659.13339804, 5332653.29999804, 5332634.87149804, 5332632.65989804, 5332631.56979804, 5332631.04819804, 5332630.54239804, 5332630.08129804, 5332629.70519804, 5332629.43219804, 5332629.42529804, 5332629.57799804, 
5332629.86829804, 5332630.29499804, 5332630.80739804, 5332617.37989804, 5332616.33029804, 5332604.14869804, 5332603.14439803, 5332602.69009803, 5332602.23099803, 5332601.78689803, 5332601.41739803, 5332601.14199803, 5332600.98889803, 5332600.95679804, 5332601.07449803, 5332601.31019804, 5332602.30179803, 5332575.69539803, 5332581.93759803, 5332589.56349803, 5332590.18049803, 5332590.13159803, 5332590.42919803, 5332589.77429803, 5332590.66869803, 5332619.33219803, 5332684.19359803, 5332733.86689802, 
5332744.20259803, 5332766.84409802, 5332775.63529802, 5332787.08209802, 5332797.86139802, 5332808.40889802, 5332812.57409802, 5332828.55089802, 5332872.16649802, 5332901.75569801, 5332919.03809801, 5332964.12829801, 5332989.54099801, 5333000.03929801, 5333009.857298, 5333016.645398, 5333019.358898, 5333028.812198, 5333037.869498, 5333041.639098, 5333041.329098, 5333041.969398, 5333042.279498, 5333046.365198, 5333050.328198, 5333050.028098, 5333050.668498, 5333050.968598, 5333052.898098, 5333058.728098, 
5333062.580698, 5333073.432498, 5333077.152798, 5333089.371298, 5333096.015398, 5333104.208298, 5333112.136398, 5333184.29559799, 5333256.90369799, 5333265.15159799, 5333275.25149799, 5333277.78559799, 5333293.94399798, 5333307.37759798, 5333355.71199798, 5333357.63099798, 5333406.00049797, 5333407.62879798, 5333442.03479797, 5333444.02719797, 5333445.99929797, 5333447.94269797, 5333449.90359797, 5333518.30389796, 5333566.22559796, 5333577.60979796, 5333589.64229796, 5333590.66509796, 5333591.55229796, 
5333593.84529796, 5333596.07749796, 5333596.81709796, 5333604.00179796, 5333611.26969796, 5333612.07199796, 5333612.66979796, 5333613.10899796, 5333614.36259796, 5333614.51599796, 5333626.22369796, 5333636.40819796, 5333644.83849796, 5333650.91809796, 5333657.74509796, 5333660.89969796, 5333664.07349796, 5333666.91759796, 5333670.71259796, 5333672.67719795, 5333672.98109795, 5333675.84449795, 5333678.54199795, 5333684.01599795, 5333693.60009795, 5333702.22779795, 5333714.40099795, 5333722.15029795, 
5333727.65439795, 5333731.04599795, 5333738.19139795, 5333737.10159795, 5333742.80289795, 5333744.33079795, 5333747.16719795, 5333747.51359795, 5333753.39079795, 5333757.83099795, 5333759.38469795, 5333759.72049795, 5333760.75969795, 5333761.67159795, 5333762.03939795, 5333761.35259794, 5333762.86769794, 5333763.64549794, 5333764.02229794, 5333763.83639794, 5333763.76699794, 5333762.75199794, 5333762.69889794, 5333763.01079794, 5333763.56839794, 5333764.43709794, 5333765.69609794, 5333767.31959794, 
5333769.10779793, 5333771.19039793, 5333773.55629793, 5333776.35229793, 5333779.33329793, 5333782.57019793, 5333786.16899793, 5333790.05169793, 5333794.08509793, 5333798.46569793, 5333803.07109793, 5333807.87819793, 5333812.95069793, 5333818.22179793, 5333823.69309793, 5333829.42779793, 5333835.39059793, 5333838.11779793, 5333841.43369793, 5333921.36009792, 5333922.36839792, 5333925.05339792, 5333929.20269792, 5333929.89829792, 5333931.35839792, 5333955.90889792, 5333968.12769792, 5333980.27059792, 
5333992.29709792, 5334004.31819792, 5334016.25499792, 5334028.05609792, 5334039.91179792, 5334051.58069792, 5334063.09929792, 5334074.71209792, 5334081.75939792, 5334080.99479792, 5334087.11509792, 5334088.07619792, 5334108.20469791, 5334115.27069792, 5334120.01459791, 5334124.21309791, 5334128.35589791, 5334128.35099791, 5334130.20929791, 5334134.98349791, 5334139.80159791, 5334144.67339791, 5334144.81659791, 5334147.30479791, 5334161.62789791, 5334178.72009792, 5334201.34789792, 5334224.80839792, 
5334308.36039793, 5334334.28019793, 5334408.91379794, 5334405.88739794, 5334385.92009794, 5334384.15759794, 5334383.04259794, 5334382.52959794, 5334382.52519794, 5334382.84929794, 5334386.62959794, 5334393.33879795, 5334406.77789795, 5334407.68269795, 5334408.16749795, 5334408.35379795, 5334408.12179795, 5334406.96899795, 5334405.73849795, 5334403.58279795, 5334399.87489795, 5334375.71789796, 5334354.37229796, 5334335.57699796, 5334317.35049797, 5334315.78239797, 5334314.67309797, 5334313.68249797, 
5334313.35939797, 5334313.76469797, 5334314.80529797, 5334324.75959797, 5334325.09189798, 5334324.44189797, 5334323.09359797, 5334321.15379798, 5334318.78109797, 5334314.85469797, 5334282.70199798, 5334242.24009798, 5334230.81949798, 5334225.86969798, 5334220.21299798, 5334215.86959798, 5334193.48919798, 5334186.74149798, 5334153.95949799, 5334134.20449799, 5334116.59779799, 5334098.46859799, 5334081.12089799, 5334061.44929799, 5334056.64859799, 5334052.40949799, 5334049.32229799, 5334046.31859799, 
5334044.59839799, 5334043.02919799, 5334042.098498, 5334041.431998, 5334041.406598, 5334041.918698, 5334049.096198, 5334090.748998, 5334095.46399801, 5334099.01739801, 5334101.78229801, 5334104.75219801, 5334110.03989801, 5334112.92459801, 5334116.62069801, 5334123.65699801, 5334152.67729801, 5334169.10769801, 5334193.39189801, 5334197.72969801, 5334202.01129801, 5334206.59689801, 5334231.80319801, 5334231.11129801, 5334310.69739801, 5334392.41519801, 5334567.11699802, 5334632.97739802, 5334639.94639802, 
5334771.47949802, 5334804.06839802, 5334943.85689802, 5335005.00899802, 5335141.60929804, 5335149.85209804, 5335161.02909804, 5335244.57199806, 5335248.81089806, 5335251.44759806, 5335359.37019809))",3.594177432559254
vablock_stadtbezirk.7,10,Moosach,11093673.13504,Moosach,56015,50,10,"list(c(683486.61270067, 683481.27010067, 683377.78310067, 683376.47680067, 683371.34500067, 683366.97560067, 683347.18930067, 683225.74760067, 683219.84610067, 683205.22510067, 683193.22640067, 683247.56890067, 683302.69290067, 683336.63880067, 683340.57220067, 683358.28240067, 683361.45380067, 683374.12260067, 683386.27990067, 683406.81070067, 683487.79880067, 683545.74170068, 683630.32900068, 683718.12750068, 683735.88000068, 683761.57090068, 683784.82880068, 683790.50980068, 683793.34580068, 683796.09230068, 
683802.58810068, 683923.81120068, 683984.38120068, 684112.64890069, 684199.66440069, 684207.32630069, 684218.54720069, 684307.97900069, 684374.16180069, 684379.34190069, 684383.89490069, 684399.74820069, 684469.59100069, 684565.09840069, 684595.73700069, 684625.8991007, 684641.1104007, 684653.1394007, 684655.5436007, 684660.7204007, 684684.6194007, 684705.0795007, 684726.8701007, 684757.5752007, 684810.1915007, 684850.6293007, 684889.8464007, 684933.3999007, 684968.2883007, 685008.1578007, 684991.5477007, 
684990.9500007, 684981.7420007, 685009.4617007, 685010.0002007, 685033.6392007, 685033.8808007, 685069.1449007, 685074.6797007, 685075.2686007, 685077.4469007, 685086.1395007, 685089.3238007, 685083.0127007, 685082.7734007, 685082.5220007, 685080.4211007, 685067.5960007, 685065.0459007, 685064.5649007, 685066.6488007, 685057.8995007, 685054.3976007, 685051.4317007, 685053.6602007, 685055.8206007, 685057.0328007, 685061.1219007, 685058.9697007, 685058.7431007, 685057.3236007, 685055.9124007, 685055.8826007, 
685055.6092007, 685054.7155007, 685076.3638007, 685077.2827007, 685077.5117007, 685077.5662007, 685077.9377007, 685078.6504007, 685079.4555007, 685079.5374007, 685078.7826007, 685077.7133007, 685077.6565007, 685075.4809007, 685075.3236007, 685075.2407007, 685073.4276007, 685072.6793007, 685072.9784007, 685074.9822007, 685077.6629007, 685078.4489007, 685074.3080007, 685071.0220007, 685070.2735007, 685071.1211007, 685075.0700007, 685058.6252007, 685044.6802007, 685043.9749007, 685043.4946007, 685038.1629007, 
685030.3031007, 685013.5324007, 685020.9344007, 685065.8006007, 685063.8069007, 685062.6307007, 685061.4607007, 685061.4171007, 685099.3822007, 685107.0410007, 685144.24580071, 685153.84060071, 685155.89850071, 685156.59180071, 685156.85530071, 685125.6443007, 685128.94710071, 685131.96180071, 685141.28100071, 685145.85740071, 685152.85870071, 685156.73170071, 685156.25170071, 685170.89730071, 685187.41950071, 685199.29310071, 685193.51120071, 685190.58890071, 685188.36530071, 685197.04500071, 685227.44620071, 
685192.45680071, 685214.23540071, 685189.10210071, 685188.16710071, 685197.76050071, 685216.64400071, 685217.31830071, 685241.82950071, 685248.52080071, 685259.08290071, 685259.30430071, 685260.01210071, 685259.68040071, 685264.46530071, 685264.47460071, 685264.52710071, 685264.91120071, 685264.91510071, 685264.97590071, 685265.24090071, 685265.81860071, 685270.22700071, 685272.48710071, 685272.74100071, 685272.85810071, 685273.32620071, 685273.57040071, 685276.73180071, 685281.92370071, 685297.72760071, 
685322.79000071, 685325.77390071, 685343.66840071, 685367.69340071, 685380.80220071, 685408.60970071, 685415.90430071, 685423.19180071, 685430.40840071, 685437.54310071, 685444.48080071, 685451.20990071, 685520.35930071, 685526.64050071, 685532.96890071, 685539.38190071, 685545.85610071, 685552.41370071, 685559.02430071, 685565.72850071, 685572.46530071, 685579.21510071, 685579.75830071, 685656.81640072, 685674.19760072, 685670.06320072, 685626.70140071, 685618.06820071, 685641.13810071, 685671.63770072, 
685705.91420072, 685736.48410072, 685758.72330072, 685782.93480072, 685812.42840072, 685832.69010072, 685880.01420072, 685901.07030072, 685913.70430072, 685939.38050072, 685956.48420072, 685967.86450072, 685967.93780072, 685988.87860072, 686021.18480072, 686121.73330072, 686166.68270073, 686269.74640073, 686341.73450073, 686379.34470073, 686490.08040073, 686554.42550073, 686601.58350073, 686633.44980073, 686667.13360073, 686752.30020074, 686842.87450074, 686896.49840074, 686928.36030074, 686951.49470074, 
686966.78690074, 686978.36730074, 686990.11050074, 687002.73440074, 687025.12680074, 687037.49590074, 687050.61810074, 687063.09610074, 687076.21960074, 687089.48120074, 687102.82910074, 687106.61780074, 687110.80990074, 687119.83170074, 687128.07670074, 687254.33310075, 687350.39060075, 687366.58920075, 687383.62550075, 687431.32320075, 687450.96890075, 687475.79090075, 687507.97320075, 687583.02790075, 687862.37870076, 687871.78490076, 687898.68550076, 688110.95810076, 688138.62620076, 688176.06490076, 
688179.25710076, 688186.64490076, 688191.21900077, 688196.17870077, 688203.90480077, 688220.36100077, 688246.36450077, 688288.83660077, 688399.14700077, 688465.86410077, 688468.10550077, 688469.81800077, 688471.30420077, 688489.43650077, 688493.57960077, 688495.25270077, 688495.03560077, 688496.74990077, 688503.11280077, 688544.39370077, 688547.85190077, 688549.43990077, 688565.62830077, 688567.56180077, 688571.99000077, 688587.46100077, 688582.41730077, 688686.41710078, 688689.92010078, 688706.05270078, 
688707.70510078, 688715.50010078, 688720.61120078, 688725.71480078, 688727.66250078, 688732.98710078, 688741.35760078, 688751.54910078, 688769.13560078, 688785.69820078, 688830.53920078, 688843.17320078, 688852.32510078, 688857.87380078, 688858.61840078, 688857.19550078, 688854.07660078, 688849.90520078, 688844.23810078, 688817.87170078, 688807.63720078, 688800.24660078, 688795.77780078, 688795.26880078, 688796.41970078, 688800.69120078, 688806.24260078, 688814.46750078, 688844.56450078, 688855.48730078, 
688863.04700078, 688868.79600078, 688873.76650078, 688874.57970078, 688875.45200078, 688886.68030078, 688887.64240078, 688877.89980078, 688868.19730078, 688800.50710078, 688772.54350078, 688761.32760078, 688757.27020078, 688743.02100078, 688740.88970078, 688732.87510078, 688730.15560078, 688721.01450078, 688716.26510078, 688701.41170078, 688691.92100077, 688683.39530077, 688672.36640077, 688660.33060077, 688652.78290077, 688642.89640077, 688626.10160077, 688615.36770077, 688604.29200077, 688595.09270077, 
688581.79000077, 688575.26000077, 688557.13590077, 688542.24450077, 688529.62480077, 688519.68020077, 688509.71130077, 688495.16240077, 688479.92050077, 688454.93290077, 688439.95390077, 688429.95950077, 688420.00210077, 688410.03340077, 688405.05400077, 688398.85860077, 688383.94080077, 688378.97750077, 688374.01720077, 688369.05580077, 688365.70830077, 688344.40740077, 688343.87840077, 688343.60970077, 688334.68840077, 688321.86030077, 688313.24830077, 688300.78770077, 688296.37270077, 688290.78290077, 
688228.49660077, 688111.01750076, 687945.73850076, 687869.12010076, 687864.08830076, 687837.44640076, 687789.39270076, 687742.36440076, 687732.33870076, 687583.31320075, 687527.21010075, 687467.11520075, 687447.55440075, 687430.70080075, 687373.14360075, 687258.62870075, 687203.88120074, 687176.51930074, 687143.21240074, 687103.25870074, 687067.70320074, 687002.05770074, 686984.12490074, 686975.35920074, 686880.79350074, 686809.45190074, 686676.01770073, 686671.23340073, 686657.62050073, 686612.57870073, 
686499.28940073, 686440.38510073, 686383.32050073, 686359.53150073, 686253.68180073, 686187.71020072, 686070.55300072, 685902.96040072, 685880.43880072, 685858.99570072, 685797.78220072, 685746.37090072, 685699.94940072, 685665.34270071, 685609.74980071, 685543.55490071, 685527.84090071, 685521.43370071, 685512.94350071, 685470.34500071, 685349.91770071, 685340.19230071, 685308.08650071, 685302.54700071, 685254.30840071, 685254.28390071, 685212.82060071, 685178.01000071, 685177.93150071, 685051.1206007, 
685041.5603007, 684998.7515007, 684948.4071007, 684896.2908007, 684850.0272007, 684808.8528007, 684777.1122007, 684767.1507007, 684762.6577007, 684721.5351007, 684634.8540007, 684562.64970069, 684548.74000069, 684531.83820069, 684512.45040069, 684428.07610069, 684411.03810069, 684394.15760069, 684256.85040069, 684124.70420069, 683949.67620068, 683908.95120068, 683907.34520068, 683904.98720068, 683889.86540068, 683819.45090068, 683813.14560068, 683806.14380068, 683801.58950068, 683782.58440068, 683728.87260068, 
683671.04950068, 683607.10750068, 683539.97710067, 683486.61270067, 5341924.19829841, 5341927.06729841, 5341977.92709842, 5341978.56809842, 5341981.08759842, 5341983.23739842, 5341992.95999842, 5342049.65239843, 5342039.10969843, 5342012.99739843, 5341991.58119843, 5341968.69209843, 5341935.26209842, 5341908.04229842, 5341908.77689842, 5341912.05659842, 5341912.64659842, 5341914.99399842, 5341917.09039842, 5341909.76859842, 5341855.51729841, 5341822.59849841, 5341771.51149841, 5341716.7294984, 5341695.5279984, 
5341662.7906984, 5341631.2883984, 5341623.3439984, 5341619.3775984, 5341615.5377984, 5341607.2286984, 5341452.00769839, 5341400.90459839, 5341305.72759838, 5341257.92929838, 5341253.72339838, 5341247.55939838, 5341201.12309837, 5341180.43239837, 5341178.81049837, 5341177.38859837, 5341172.42299837, 5341150.54829837, 5341120.62829836, 5341110.61339836, 5341099.28459836, 5341092.79429836, 5341087.66609836, 5341086.64099836, 5341084.28139836, 5341081.00689836, 5341078.91529835, 5341075.51329835, 5341067.67249835, 
5341051.26099835, 5341036.88229835, 5341018.88159834, 5340995.93219834, 5340973.79129834, 5340948.48319834, 5340946.65719834, 5340946.59009834, 5340945.55559834, 5340805.40919834, 5340802.38769834, 5340664.43569834, 5340633.71259834, 5340416.05919834, 5340388.60169834, 5340381.45879834, 5340379.49229834, 5340371.64609833, 5340368.77829834, 5340337.77879834, 5340336.60259834, 5340336.63149834, 5340336.87209834, 5340316.74539834, 5340307.97839834, 5340289.01239834, 5340288.95289834, 5340214.14619834, 
5340190.02599834, 5340169.60689834, 5340128.91669834, 5340111.13869834, 5340101.18869834, 5340067.46939834, 5340034.81629834, 5340032.91589834, 5340021.01079834, 5340009.16599834, 5340008.90459834, 5340008.21329834, 5340005.97659834, 5339967.55019834, 5339947.69949834, 5339928.51589834, 5339909.42589834, 5339889.13389834, 5339870.86769834, 5339851.00459834, 5339832.60249834, 5339820.23269834, 5339809.88239834, 5339809.53999834, 5339796.22409834, 5339795.37729834, 5339794.93369834, 5339779.88139834, 
5339767.87269834, 5339765.10189834, 5339757.80539834, 5339750.45299834, 5339693.84769834, 5339618.32779834, 5339517.65649834, 5339506.57989834, 5339432.83389834, 5339266.91409834, 5339245.72579834, 5339227.75769834, 5339162.24469834, 5339111.71509834, 5338987.97499834, 5338904.69059834, 5338750.61759834, 5338751.99269834, 5338759.10959834, 5338715.49539834, 5338689.91809834, 5338664.35109834, 5338663.41859834, 5338661.72919834, 5338661.38849834, 5338659.64959834, 5338564.78579833, 5338534.01009833, 
5338508.10019834, 5338490.31119834, 5338482.88049834, 5338478.98719834, 5338475.16669834, 5338444.08479834, 5338428.84089834, 5338364.39119834, 5338303.95419834, 5338252.77529834, 5338174.23209834, 5338122.52049833, 5338084.69259833, 5338079.46269833, 5338076.89649833, 5338074.89799833, 5338064.08779833, 5338025.92789833, 5337991.64879833, 5337969.46009833, 5337944.90699833, 5337943.99009833, 5337942.23839834, 5337938.77989833, 5337938.67589833, 5337935.31069833, 5337934.39139833, 5337828.58029833, 
5337828.54899833, 5337820.92269833, 5337820.95979833, 5337772.92649833, 5337772.82829833, 5337772.25989833, 5337768.28169833, 5337768.18169833, 5337768.17459833, 5337765.19199833, 5337758.79929833, 5337713.81289833, 5337703.13249833, 5337703.29249833, 5337703.36709833, 5337703.67559833, 5337703.82519833, 5337705.86949833, 5337709.21309833, 5337719.40269833, 5337734.42949833, 5337736.21649833, 5337743.20809833, 5337753.77899832, 5337756.90269833, 5337759.32889832, 5337759.54379832, 5337759.15799832, 
5337758.03919832, 5337756.35929832, 5337754.07069832, 5337751.21299832, 5337716.91989832, 5337713.93219832, 5337711.01639832, 5337708.23399832, 5337705.68419832, 5337703.31779832, 5337701.12429832, 5337699.09459832, 5337697.25619832, 5337695.59839832, 5337695.52959831, 5337708.69959831, 5337712.05699831, 5337712.75869831, 5337720.04339831, 5337731.77129831, 5337857.17299831, 5337868.04859831, 5337862.22359831, 5337857.01469831, 5337841.92799831, 5337955.0541983, 5337947.5360983, 5337942.3704983, 
5337937.3302983, 5337936.9168983, 5337935.5371983, 5337928.7413983, 5337927.1861983, 5337927.15109829, 5337929.24269829, 5337929.61729829, 5337930.51069829, 5337934.53369829, 5337937.33429828, 5337941.64849828, 5337943.37349827, 5337945.95809827, 5337958.09079827, 5337965.43399826, 5337970.43999826, 5338087.16069826, 5338234.22839826, 5338176.22719825, 5338112.36609825, 5338086.88009824, 5338072.40039824, 5338062.40469824, 5338055.15159824, 5338048.53089824, 5338042.38249824, 5338036.39159824, 5338025.17559824, 
5338020.08289824, 5338015.68539824, 5338012.36089824, 5338009.76479823, 5338008.03109823, 5338007.16489823, 5338007.39699823, 5338007.72749823, 5338008.75199823, 5338010.12299823, 5338047.56969822, 5338075.15539822, 5338079.36149822, 5338083.26619822, 5338093.30119822, 5338097.44129821, 5338102.66879821, 5338110.01499821, 5338122.79039821, 5338153.74359819, 5338154.70639819, 5338187.25339819, 5338211.32319818, 5338215.58959817, 5338223.16029817, 5338209.78609817, 5338178.82929817, 5338162.61989817, 
5338147.37679817, 5338120.80839817, 5338080.94629817, 5338021.38259817, 5338006.90879817, 5338049.86509816, 5338083.93069816, 5338080.61569816, 5338077.26019816, 5338073.80509816, 5338026.75569815, 5338016.00789815, 5338011.61029815, 5338011.53179815, 5338007.10589816, 5338009.98589816, 5338028.53659815, 5338029.68209815, 5338030.02419815, 5338038.10109815, 5338039.06469815, 5338041.27139815, 5338049.00999815, 5338056.16979815, 5338102.01559814, 5338103.55379814, 5338111.66779814, 5338158.77699814, 
5338299.58539814, 5338367.03309814, 5338420.75099814, 5338440.15069814, 5338484.50679814, 5338535.49799814, 5338586.02139814, 5338662.66889814, 5338722.04189814, 5338862.84119813, 5338911.41969813, 5338959.03109813, 5339010.49709813, 5339060.80989813, 5339091.77969813, 5339121.46439813, 5339153.13679813, 5339184.21269813, 5339301.86559814, 5339352.44839814, 5339400.57869814, 5339452.62499813, 5339500.82969813, 5339549.96219814, 5339601.22629813, 5339646.21389813, 5339699.68019813, 5339867.73869813, 
5339935.94819813, 5339995.44549813, 5340055.11289813, 5340122.74979813, 5340140.38439813, 5340159.30009813, 5340402.85709813, 5340423.72519813, 5340421.53319813, 5340419.04969813, 5340402.87249813, 5340397.76749813, 5340400.77389814, 5340400.62649814, 5340393.44029814, 5340392.78679814, 5340390.33039814, 5340389.48489814, 5340386.68699814, 5340385.40479814, 5340381.40629814, 5340379.14649814, 5340377.30229814, 5340374.95529814, 5340372.24819814, 5340370.62679814, 5340368.44389814, 5340364.90309814, 
5340362.73749814, 5340360.61329815, 5340358.92829815, 5340356.63519815, 5340355.60949815, 5340353.15389815, 5340351.40999815, 5340350.15469815, 5340349.33289815, 5340348.69599815, 5340348.04729815, 5340347.58729815, 5340347.70229815, 5340348.14889816, 5340348.57629816, 5340349.23239816, 5340349.99969815, 5340350.44919816, 5340351.02919816, 5340352.57439816, 5340353.12289816, 5340353.74919816, 5340354.37549816, 5340354.81949816, 5340357.78819816, 5340361.39999816, 5340363.19209816, 5340364.86909816, 
5340367.19249816, 5340368.79969816, 5340371.09619816, 5340372.34099816, 5340373.88839816, 5340391.46969817, 5340434.59939817, 5340475.77189818, 5340486.29309819, 5340486.98339819, 5340490.63819819, 5340513.88929819, 5340532.0932982, 5340535.97219819, 5340604.1661982, 5340623.1312982, 5340638.67599821, 5340643.74019821, 5340648.09789821, 5340669.41649821, 5340700.22739822, 5340713.59949822, 5340724.19289823, 5340737.78669823, 5340750.89069823, 5340758.24069823, 5340776.48299823, 5340781.55479824, 
5340784.50239824, 5340817.15869824, 5340835.15309824, 5340876.15729825, 5340877.62599825, 5340881.80759825, 5340902.30679826, 5340978.31279826, 5341023.15299826, 5341073.67309827, 5341091.19419827, 5341142.38149827, 5341162.55049828, 5341197.78289828, 5341244.13989829, 5341250.34719829, 5341256.2996983, 5341278.9307983, 5341290.8902983, 5341301.7418983, 5341309.8288983, 5341326.61779831, 5341347.13629831, 5341351.71579831, 5341353.52499831, 5341355.95359831, 5341368.30699831, 5341406.56389832, 5341407.77759832, 
5341411.78519832, 5341412.57759832, 5341425.48119833, 5341425.48179833, 5341426.72289833, 5341420.64979833, 5341420.63619833, 5341402.56589834, 5341401.57059834, 5341397.82509834, 5341398.32269834, 5341403.48169835, 5341412.43129835, 5341424.54239835, 5341437.38519835, 5341441.62879835, 5341443.54359835, 5341446.01979835, 5341465.54589836, 5341487.24799836, 5341490.01969836, 5341493.38859836, 5341501.06909836, 5341528.50319837, 5341534.42389837, 5341542.51159837, 5341605.41599838, 5341668.16829838, 
5341750.88339839, 5341767.16759839, 5341767.79589839, 5341768.71519839, 5341774.58099839, 5341801.4738984, 5341805.5682984, 5341808.0569984, 5341809.8911984, 5341815.1121984, 5341834.2964984, 5341855.7613984, 5341872.20079841, 5341898.01629841, 5341924.19829841))",1.785236097473891
vablock_stadtbezirk.8,23,Allach-Untermenzing,15451185.15409,Allach - Untermenzing,36230,23,4,"list(c(684558.07780069, 684558.41210069, 684558.84810069, 684560.34360069, 684563.88980069, 684468.74840069, 684359.36450069, 684173.22890069, 683985.35270068, 683978.59360068, 683968.89830068, 683947.12160068, 683748.60590068, 683686.93250068, 683635.06020068, 683532.56170068, 683447.29230067, 683320.59580067, 683298.63050067, 683207.62500067, 683115.44570067, 683052.11730067, 682990.03670066, 682956.37360066, 682933.79070066, 682901.74790066, 682875.35000066, 682869.99150066, 682867.62260066, 682855.82270066, 
682852.68130066, 682844.81670066, 682839.69660066, 682835.50290066, 682829.38070066, 682821.37670066, 682810.52250066, 682786.11860066, 682779.15020066, 682772.12220066, 682773.83470066, 682769.00240066, 682767.24040066, 682780.74360066, 682782.54890066, 682783.19190066, 682785.96900066, 682791.99870066, 682791.88850066, 682788.97900066, 682782.42320066, 682770.57250066, 682766.02080066, 682761.24000066, 682733.04150066, 682707.74130066, 682682.98650066, 682677.41470066, 682670.63200066, 682668.69180066, 
682666.27130066, 682664.49000066, 682659.66520066, 682658.74100066, 682652.70350066, 682635.95190066, 682632.61180066, 682631.88660066, 682626.79850066, 682626.49410066, 682623.48960066, 682599.47940066, 682593.52930066, 682587.07060066, 682582.82520066, 682578.62650066, 682570.69200066, 682568.21140066, 682561.01020066, 682548.44420066, 682539.85830066, 682485.78490066, 682479.40980066, 682403.39570065, 682399.02360065, 682365.74970065, 682329.56360065, 682294.41770065, 682256.70820065, 682212.05310065, 
682203.95960065, 682142.75090065, 682084.89050065, 682054.05060065, 682050.62040065, 682047.23010065, 681969.38490065, 681892.97100065, 681804.23910064, 681726.85520064, 681713.09650064, 681587.14150064, 681580.44890064, 681573.82520064, 681564.68240064, 681545.06890064, 681540.57030064, 681415.97270064, 681291.38100063, 681163.67260063, 681158.83720063, 681159.69880063, 681160.69060063, 680714.73710062, 680718.30910062, 680720.68930062, 680718.58750062, 680714.54940062, 680703.64910062, 680696.49340062, 
680696.05020062, 680693.84840062, 680691.94690062, 680687.91190062, 680685.75230062, 680736.15750062, 680799.81550063, 680895.47390063, 681073.58380063, 681160.22100063, 681243.05790063, 681317.62060063, 681470.37170064, 681454.38640064, 681432.29370064, 681410.08920064, 681366.94170064, 681337.00180064, 681307.25250063, 681277.19810063, 681255.62990063, 681234.57780063, 681200.68240063, 681178.37650063, 681159.56300063, 681143.20380063, 681120.93120063, 681109.47670063, 681101.02850063, 681092.54790063, 
681082.29180063, 681078.14840063, 681071.77450063, 681066.19990063, 681062.84470063, 681059.21490063, 681055.98640063, 681054.87130063, 681053.01590063, 681052.62640063, 681053.41990063, 681054.86200063, 681057.16190063, 681061.45190063, 681068.21920063, 681073.32120063, 681077.67150063, 681084.90210063, 681094.27640063, 681107.82690063, 681115.82990063, 681124.37600063, 681129.21420063, 681134.57970063, 681140.22500063, 681144.16270063, 681146.93280063, 681149.09200063, 681151.15840063, 681154.42530063, 
681156.23310063, 681157.38550063, 681158.08120063, 681158.21170063, 681158.25760063, 681157.69020063, 681156.88950063, 681156.21670063, 681155.47030063, 681153.62160063, 681081.23480063, 681008.68370063, 680966.88340063, 680910.06390063, 680843.22700063, 680774.32820063, 680627.71000062, 680628.75910062, 680630.44450062, 680657.46160062, 680664.68390062, 680665.52320062, 680670.51050062, 680685.81170062, 680697.88390062, 680711.31650062, 680722.26520062, 680719.08200062, 680731.07110062, 680785.21970063, 
680880.62150063, 680892.97970063, 680979.67050063, 680994.74870063, 681006.00100063, 681008.39550063, 681029.22520063, 681061.26790063, 681098.16140063, 681104.65100063, 681177.37920063, 681173.99140063, 681172.86240063, 681128.63920063, 681108.09770063, 681107.83020063, 681110.07400063, 681110.86260063, 681120.31900063, 681148.97590063, 681163.61100063, 681201.14680063, 681252.03720063, 681254.87920063, 681263.60290063, 681266.35290063, 681269.04200063, 681276.86780063, 681376.38650064, 681377.19680064, 
681449.37780064, 681512.00020064, 681513.43620064, 681527.13460064, 681529.59250064, 681596.19350064, 681628.92950064, 681662.05380064, 681719.69030064, 681795.65390064, 681851.40180064, 681903.31530065, 681950.61410065, 681980.42130065, 682028.40080065, 682035.93410065, 682043.15470065, 682127.75530065, 682184.17920065, 682240.31480065, 682267.62590065, 682294.36930065, 682333.38950065, 682378.87800065, 682450.92890066, 682454.51180066, 682634.59680066, 682783.80670066, 682830.37050066, 682840.44870066, 
682886.32480066, 682927.56530066, 682932.48410066, 682929.13080066, 682919.35680066, 682917.26700066, 682917.12030066, 682919.34000066, 682922.70160066, 682926.88110066, 682935.63780066, 682999.36040067, 683055.64260067, 683115.05090067, 683119.07170067, 683128.03490067, 683129.27860067, 683137.24750067, 683138.56930067, 683173.16150067, 683184.29140067, 683184.21760067, 683220.66310067, 683222.36620067, 683288.27650067, 683290.05780067, 683295.21580067, 683300.16290067, 683305.74170067, 683307.60490067, 
683308.96580067, 683317.60020067, 683343.75040067, 683757.97020068, 683785.03840068, 683815.55920068, 683829.59720068, 683851.87170068, 683873.39990068, 683879.22300068, 683887.87860068, 683890.08360068, 683906.74370068, 683943.61210068, 683953.88790068, 683965.76750068, 684168.97510069, 684202.78950069, 684325.21560069, 684410.74710069, 684441.88840069, 684517.71180069, 684541.25420069, 684648.2220007, 684680.4645007, 684722.2545007, 684763.3210007, 684824.3429007, 684918.0086007, 684988.5738007, 
685000.3424007, 685012.0691007, 685055.9737007, 685098.4970007, 685128.94710071, 685125.6443007, 685156.85530071, 685156.59180071, 685155.89850071, 685153.84060071, 685144.24580071, 685107.0410007, 685099.3822007, 685061.4171007, 685061.4607007, 685062.6307007, 685063.8069007, 685065.8006007, 685020.9344007, 685013.5324007, 685030.3031007, 685038.1629007, 685043.4946007, 685043.9749007, 685044.6802007, 685058.6252007, 685075.0700007, 685071.1211007, 685070.2735007, 685071.0220007, 685074.3080007, 
685078.4489007, 685077.6629007, 685074.9822007, 685072.9784007, 685072.6793007, 685073.4276007, 685075.2407007, 685075.3236007, 685075.4809007, 685077.6565007, 685077.7133007, 685078.7826007, 685079.5374007, 685079.4555007, 685078.6504007, 685077.9377007, 685077.5662007, 685077.5117007, 685077.2827007, 685076.3638007, 685054.7155007, 685055.6092007, 685055.8826007, 685055.9124007, 685057.3236007, 685058.7431007, 685058.9697007, 685061.1219007, 685057.0328007, 685055.8206007, 685053.6602007, 685051.4317007, 
685054.3976007, 685057.8995007, 685066.6488007, 685064.5649007, 685065.0459007, 685067.5960007, 685080.4211007, 685082.5220007, 685082.7734007, 685083.0127007, 685089.3238007, 685086.1395007, 685077.4469007, 685075.2686007, 685074.6797007, 685069.1449007, 685033.8808007, 685033.6392007, 685010.0002007, 685009.4617007, 684981.7420007, 684990.9500007, 684991.5477007, 685008.1578007, 684968.2883007, 684933.3999007, 684889.8464007, 684850.6293007, 684810.1915007, 684757.5752007, 684726.8701007, 684705.0795007, 
684684.6194007, 684660.7204007, 684655.5436007, 684653.1394007, 684641.1104007, 684625.8991007, 684595.73700069, 684565.09840069, 684469.59100069, 684399.74820069, 684383.89490069, 684379.34190069, 684374.16180069, 684307.97900069, 684218.54720069, 684207.32630069, 684199.66440069, 684112.64890069, 683984.38120068, 683923.81120068, 683802.58810068, 683796.09230068, 683793.34580068, 683790.50980068, 683784.82880068, 683761.57090068, 683735.88000068, 683718.12750068, 683630.32900068, 683545.74170068, 
683487.79880067, 683406.81070067, 683386.27990067, 683374.12260067, 683361.45380067, 683358.28240067, 683340.57220067, 683336.63880067, 683302.69290067, 683247.56890067, 683193.22640067, 683205.22510067, 683219.84610067, 683225.74760067, 683347.18930067, 683366.97560067, 683371.34500067, 683376.47680067, 683377.78310067, 683481.27010067, 683486.61270067, 683539.97710067, 683607.10750068, 683671.04950068, 683728.87260068, 683782.58440068, 683801.58950068, 683806.14380068, 683813.14560068, 683819.45090068, 
683889.86540068, 683904.98720068, 683907.34520068, 683908.95120068, 683949.67620068, 684124.70420069, 684256.85040069, 684394.15760069, 684392.24210069, 684390.24000069, 684391.71470069, 684412.23950069, 684466.67900069, 684477.05600069, 684458.26170069, 684441.23800069, 684440.32900069, 684422.89590069, 684421.09030069, 684419.02340069, 684418.91410069, 684418.06300069, 684414.70550069, 684412.11450069, 684410.93440069, 684410.93360069, 684409.89800069, 684409.63170069, 684408.53820069, 684413.19920069, 
684440.14070069, 684481.64760069, 684531.39790069, 684552.75660069, 684571.57550069, 684571.35310069, 684575.52730069, 684582.81430069, 684582.26290069, 684580.45370069, 684578.14720069, 684577.61490069, 684572.98500069, 684572.66890069, 684570.11070069, 684562.37680069, 684558.45660069, 684558.06890069, 684557.72650069, 684558.07780069, 5342934.95939836, 5342936.13369836, 5342937.78229836, 5342940.23339836, 5342943.48489836, 5343064.33279836, 5343204.34499837, 5343436.87389838, 5343669.79099839, 
5343667.12939839, 5343666.35819839, 5343664.64729839, 5343649.0031984, 5343639.8115984, 5343620.37479841, 5343567.11499841, 5343511.51269841, 5343415.07259842, 5343400.37679842, 5343337.59039843, 5343272.08389843, 5343230.13099843, 5343186.69329844, 5343157.68229844, 5343137.31889844, 5343103.44369844, 5343073.66729844, 5343067.63179844, 5343064.22569844, 5343047.28219844, 5343042.86679844, 5343031.47049844, 5343024.14959844, 5343016.73699844, 5343005.92619844, 5342991.79609844, 5342974.06759844, 
5342934.18329844, 5342936.56219845, 5342923.62099845, 5342921.79669845, 5342909.21529845, 5342890.54039845, 5342854.33949844, 5342849.11479844, 5342847.25819845, 5342839.18939845, 5342821.76599844, 5342821.26139845, 5342807.22999845, 5342793.70409844, 5342781.47239845, 5342779.64239845, 5342777.78219845, 5342766.67719845, 5342756.74109845, 5342747.01759845, 5342740.05189845, 5342713.12929845, 5342697.49209845, 5342678.01199845, 5342663.68559845, 5342625.43189845, 5342618.11989845, 5342596.28749845, 
5342555.66059845, 5342557.38169845, 5342557.75369845, 5342546.60629845, 5342545.94389845, 5342538.07039845, 5342476.18369845, 5342462.13009845, 5342446.87579845, 5342437.48259846, 5342428.21129846, 5342426.63049846, 5342426.06329845, 5342424.35109846, 5342421.37859846, 5342419.34199846, 5342406.52149846, 5342405.01149846, 5342387.00429846, 5342385.96469846, 5342378.08339847, 5342369.50369847, 5342361.17449847, 5342352.23939847, 5342341.66149847, 5342339.73379847, 5342325.19019847, 5342311.43979848, 
5342304.12609848, 5342303.31129848, 5342302.49809848, 5342283.66909848, 5342265.16479849, 5342243.67599849, 5342224.9503985, 5342221.61889849, 5342191.1211985, 5342189.5076985, 5342178.6696985, 5342163.7153985, 5342131.6171985, 5342124.2673985, 5342114.10079851, 5342103.93699851, 5342093.51869852, 5342089.99799852, 5342072.29269852, 5342052.01519852, 5342030.16009854, 5341998.59389854, 5341972.93639854, 5341972.43439854, 5341971.44719854, 5341968.78099854, 5341967.03469854, 5341954.85959854, 5341929.54959854, 
5341915.56929854, 5341888.99669854, 5341868.29049854, 5341865.46979854, 5341861.65769854, 5341856.29619853, 5341847.34579852, 5341845.38489852, 5341843.39199852, 5341842.82879851, 5341844.21949851, 5341837.23469851, 5341826.45529851, 5341814.36389851, 5341787.84599851, 5341766.87879851, 5341743.78629851, 5341717.32669851, 5341696.68199852, 5341674.49039852, 5341634.67839852, 5341604.28729852, 5341576.15269852, 5341548.23229852, 5341505.63939852, 5341480.92059852, 5341459.45369852, 5341435.96889852, 
5341406.48879852, 5341391.04679852, 5341367.32659853, 5341342.67619852, 5341325.22639852, 5341301.42669853, 5341272.69389853, 5341255.58039853, 5341218.57389853, 5341189.32629852, 5341169.20159853, 5341148.87829853, 5341121.82749852, 5341086.97649853, 5341046.65119853, 5341018.46139853, 5340995.98709852, 5340961.04379853, 5340916.22779853, 5340851.71769852, 5340810.32829852, 5340762.99279852, 5340737.33159852, 5340705.86369852, 5340665.36159852, 5340635.21819852, 5340613.39009852, 5340593.45529852, 
5340575.89799852, 5340531.62539852, 5340497.02309852, 5340471.45379852, 5340445.78629852, 5340418.87129852, 5340396.09589852, 5340369.38569852, 5340333.25919852, 5340313.00709852, 5340299.43119852, 5340278.87919852, 5340254.95389853, 5340236.55019853, 5340227.79989853, 5340219.24739853, 5340202.15709854, 5340183.07959854, 5340137.75149855, 5340134.81439854, 5340130.10619855, 5340054.29499854, 5340029.02339854, 5340015.73979854, 5340003.52859854, 5339953.71959854, 5339920.66239854, 5339883.91819854, 
5339842.51559854, 5339839.94019854, 5339833.88209854, 5339807.12859854, 5339759.97639854, 5339753.83469853, 5339710.73239853, 5339703.24069853, 5339697.64689853, 5339696.38679853, 5339686.09049853, 5339667.33659853, 5339640.69959853, 5339635.95059853, 5339579.02719852, 5339575.07279852, 5339573.74779852, 5339504.47129852, 5339439.28689852, 5339358.14049852, 5339263.06209852, 5339198.83139853, 5339114.69489852, 5339060.98209852, 5339038.61739852, 5338981.23019852, 5338930.13769852, 5338927.30599852, 
5338919.09079852, 5338916.50209852, 5338913.97049852, 5338906.60099852, 5338816.11159852, 5338815.35279852, 5338749.86019851, 5338695.58829851, 5338694.19369851, 5338680.90439851, 5338678.51099851, 5338709.0854985, 5338715.8604985, 5338717.4798985, 5338712.3753985, 5338693.0616985, 5338669.32779849, 5338638.74829849, 5338600.97189849, 5338572.07249849, 5338515.18239849, 5338518.09859849, 5338520.73629848, 5338547.82739848, 5338567.57309848, 5338588.09259848, 5338600.32939847, 5338613.37429847, 5338625.10759847, 
5338636.61559847, 5338659.21689847, 5338657.13029847, 5338717.21569846, 5338780.13959845, 5338802.50369845, 5338807.35669845, 5338829.39009845, 5338848.87029844, 5338790.02169844, 5338739.67329844, 5338681.10589844, 5338668.39129845, 5338649.22649844, 5338621.09189844, 5338621.29039844, 5338621.63339844, 5338623.15529844, 5338634.19209844, 5338646.78949844, 5338662.55969844, 5338654.19209844, 5338651.49959843, 5338651.16799843, 5338649.01749844, 5338648.47859843, 5338634.00709843, 5338633.18979843, 
5338623.23209843, 5338627.95869843, 5338628.17559843, 5338642.37849843, 5338646.47979843, 5338660.03679843, 5338674.71609843, 5338693.66599843, 5338700.81419843, 5338706.03229843, 5338709.73249842, 5338720.17279842, 5338880.80419841, 5338863.6437984, 5338843.5846984, 5338838.2947984, 5338829.9049984, 5338821.8011984, 5338819.6076984, 5338816.3473984, 5338815.5032984, 5338809.2319984, 5338795.3407984, 5338790.9985984, 5338794.96189839, 5338587.79859839, 5338551.34829838, 5338438.01879838, 5338375.11189837, 
5338347.14789837, 5338268.51409837, 5338296.78169837, 5338415.48929836, 5338431.47959836, 5338444.50749836, 5338450.12599836, 5338453.74399835, 5338460.35419835, 5338464.76669834, 5338448.92459834, 5338449.34899834, 5338461.12959834, 5338471.54989834, 5338478.98719834, 5338482.88049834, 5338490.31119834, 5338508.10019834, 5338534.01009833, 5338564.78579833, 5338659.64959834, 5338661.38849834, 5338661.72919834, 5338663.41859834, 5338664.35109834, 5338689.91809834, 5338715.49539834, 5338759.10959834, 
5338751.99269834, 5338750.61759834, 5338904.69059834, 5338987.97499834, 5339111.71509834, 5339162.24469834, 5339227.75769834, 5339245.72579834, 5339266.91409834, 5339432.83389834, 5339506.57989834, 5339517.65649834, 5339618.32779834, 5339693.84769834, 5339750.45299834, 5339757.80539834, 5339765.10189834, 5339767.87269834, 5339779.88139834, 5339794.93369834, 5339795.37729834, 5339796.22409834, 5339809.53999834, 5339809.88239834, 5339820.23269834, 5339832.60249834, 5339851.00459834, 5339870.86769834, 
5339889.13389834, 5339909.42589834, 5339928.51589834, 5339947.69949834, 5339967.55019834, 5340005.97659834, 5340008.21329834, 5340008.90459834, 5340009.16599834, 5340021.01079834, 5340032.91589834, 5340034.81629834, 5340067.46939834, 5340101.18869834, 5340111.13869834, 5340128.91669834, 5340169.60689834, 5340190.02599834, 5340214.14619834, 5340288.95289834, 5340289.01239834, 5340307.97839834, 5340316.74539834, 5340336.87209834, 5340336.63149834, 5340336.60259834, 5340337.77879834, 5340368.77829834, 
5340371.64609833, 5340379.49229834, 5340381.45879834, 5340388.60169834, 5340416.05919834, 5340633.71259834, 5340664.43569834, 5340802.38769834, 5340805.40919834, 5340945.55559834, 5340946.59009834, 5340946.65719834, 5340948.48319834, 5340973.79129834, 5340995.93219834, 5341018.88159834, 5341036.88229835, 5341051.26099835, 5341067.67249835, 5341075.51329835, 5341078.91529835, 5341081.00689836, 5341084.28139836, 5341086.64099836, 5341087.66609836, 5341092.79429836, 5341099.28459836, 5341110.61339836, 
5341120.62829836, 5341150.54829837, 5341172.42299837, 5341177.38859837, 5341178.81049837, 5341180.43239837, 5341201.12309837, 5341247.55939838, 5341253.72339838, 5341257.92929838, 5341305.72759838, 5341400.90459839, 5341452.00769839, 5341607.2286984, 5341615.5377984, 5341619.3775984, 5341623.3439984, 5341631.2883984, 5341662.7906984, 5341695.5279984, 5341716.7294984, 5341771.51149841, 5341822.59849841, 5341855.51729841, 5341909.76859842, 5341917.09039842, 5341914.99399842, 5341912.64659842, 5341912.05659842, 
5341908.77689842, 5341908.04229842, 5341935.26209842, 5341968.69209843, 5341991.58119843, 5342012.99739843, 5342039.10969843, 5342049.65239843, 5341992.95999842, 5341983.23739842, 5341981.08759842, 5341978.56809842, 5341977.92709842, 5341927.06729841, 5341924.19829841, 5341898.01629841, 5341872.20079841, 5341855.7613984, 5341834.2964984, 5341815.1121984, 5341809.8911984, 5341808.0569984, 5341805.5682984, 5341801.4738984, 5341774.58099839, 5341768.71519839, 5341767.79589839, 5341767.16759839, 5341750.88339839, 
5341668.16829838, 5341605.41599838, 5341542.51159837, 5341610.58169837, 5341681.48889837, 5341684.46829837, 5341726.03189837, 5341815.96989836, 5341831.09259837, 5342046.80189837, 5342239.55249837, 5342249.99319837, 5342446.29559837, 5342466.64979837, 5342489.80499837, 5342491.03229837, 5342500.58649837, 5342538.24569837, 5342567.28279837, 5342580.45189837, 5342580.45789837, 5342592.05519837, 5342595.03799837, 5342607.28439837, 5342608.10549837, 5342612.88819836, 5342637.48369836, 5342666.95379836, 
5342676.37959836, 5342684.94329836, 5342687.30659836, 5342688.06049836, 5342688.55609836, 5342694.75959836, 5342715.01529836, 5342740.04559836, 5342743.67769836, 5342794.77529836, 5342798.26549836, 5342820.85979836, 5342888.95059836, 5342924.24549836, 5342927.76309836, 5342933.70449836, 5342934.95939836))",1.1040574109853711
vablock_stadtbezirk.9,24,Feldmoching-Hasenbergl,28938452.23773,Feldmoching - Hasenbergl,63756,22,14,"list(c(687534.97620075, 687507.10590075, 687502.68290075, 687495.68080075, 687487.43080075, 687476.99240075, 687471.65010075, 687465.97930075, 687462.86590075, 687461.74990075, 687454.33730075, 687449.54720075, 687447.23740075, 687396.43020075, 687389.90360075, 687386.78180075, 687355.71830075, 687308.24050075, 687121.26050074, 687098.47120074, 687092.03570074, 687068.99670074, 687066.14640074, 687008.05810074, 687006.82450074, 687003.06000074, 686962.71280074, 686962.69700074, 686962.22110074, 686957.23420074, 
686948.86000074, 686891.86870074, 686834.90300074, 686812.37230074, 686802.72730074, 686797.16690074, 686787.87760074, 686752.99840074, 686752.48900073, 686725.33400073, 686704.46940073, 686691.15730073, 686629.27920073, 686596.89140073, 686578.63650073, 686568.15260073, 686511.48120073, 686485.18360073, 686477.72650073, 686424.75070073, 686422.69650073, 686349.83000073, 686344.79320073, 686266.92900073, 686228.11920072, 686167.08940072, 686157.61140072, 686110.67950072, 686062.37490072, 686048.69220072, 
686037.07660072, 685996.02830072, 685919.60930072, 685879.88470072, 685827.44090072, 685691.21050071, 685675.17000071, 685660.27570071, 685590.46070071, 685584.98890071, 685574.55280071, 685574.07390071, 685575.67200071, 685579.57210071, 685583.16040071, 685582.01180071, 685575.94370071, 685564.76050071, 685495.65700071, 685468.60900071, 685422.60220071, 685369.80610071, 685238.37360071, 685220.60880071, 685196.50040071, 685150.7614007, 685093.3083007, 684967.8975007, 684938.8654007, 684930.5896007, 
684925.0502007, 684920.0678007, 684915.4923007, 684911.3811007, 684909.2523007, 684905.4356007, 684904.7603007, 684905.8548007, 684903.5166007, 684903.8151007, 684903.9988007, 684904.1257007, 684904.5771007, 684903.6725007, 684903.9631007, 684903.9747007, 684904.2685007, 684905.1790007, 684906.0692007, 684907.4095007, 684908.8922007, 684911.3970007, 684915.8201007, 684921.0022007, 684978.0804007, 684980.2471007, 684982.8702007, 684983.7462007, 684983.9054007, 684983.7653007, 684983.1337007, 684981.9136007, 
684980.1223007, 684977.6370007, 684972.9567007, 684951.2541007, 684943.6189007, 684939.2937007, 684936.4797007, 684934.4354007, 684933.6245007, 684933.9018007, 684935.1965007, 684937.4129007, 684941.6298007, 684949.8867007, 685004.0075007, 685015.7496007, 685016.6939007, 685011.8666007, 685009.5956007, 685000.2191007, 684991.3822007, 684940.6781007, 684904.3883007, 684853.7838007, 684848.7720007, 684846.0896007, 684865.1404007, 684874.6204007, 684880.8291007, 684898.3228007, 684905.1915007, 684903.2349007, 
684894.5491007, 684890.3327007, 684868.5631007, 684849.1983007, 684829.7846007, 684795.5128007, 684787.4120007, 684785.3312007, 684767.8590007, 684745.4706007, 684735.4420007, 684734.4834007, 684748.0346007, 684755.6171007, 684784.1097007, 684793.2016007, 684804.8104007, 684796.2004007, 684793.9631007, 684792.6801007, 684783.4618007, 684779.2525007, 684780.3710007, 684783.9108007, 684796.9596007, 684805.3615007, 684815.6209007, 684817.3883007, 684823.9303007, 684838.3404007, 684855.1220007, 684850.1526007, 
684854.2486007, 685015.4366007, 684904.4702007, 684848.7294007, 684826.9890007, 684807.6983007, 684793.7679007, 684779.6711007, 684766.3863007, 684751.2771007, 684746.7884007, 684609.20290069, 684609.17330069, 684513.45060069, 684274.22900069, 684011.07600068, 684012.83590068, 684013.92540068, 684015.39740068, 684001.81320068, 684000.27070068, 683992.16040068, 683985.35270068, 684173.22890069, 684359.36450069, 684468.74840069, 684563.88980069, 684560.34360069, 684558.84810069, 684558.41210069, 684558.07780069, 
684557.72650069, 684558.06890069, 684558.45660069, 684562.37680069, 684570.11070069, 684572.66890069, 684572.98500069, 684577.61490069, 684578.14720069, 684580.45370069, 684582.26290069, 684582.81430069, 684575.52730069, 684571.35310069, 684571.57550069, 684552.75660069, 684531.39790069, 684481.64760069, 684440.14070069, 684413.19920069, 684408.53820069, 684409.63170069, 684409.89800069, 684410.93360069, 684410.93440069, 684412.11450069, 684414.70550069, 684418.06300069, 684418.91410069, 684419.02340069, 
684421.09030069, 684422.89590069, 684440.32900069, 684441.23800069, 684458.26170069, 684477.05600069, 684466.67900069, 684412.23950069, 684391.71470069, 684390.24000069, 684392.24210069, 684394.15760069, 684411.03810069, 684428.07610069, 684512.45040069, 684531.83820069, 684548.74000069, 684562.64970069, 684634.8540007, 684721.5351007, 684762.6577007, 684767.1507007, 684777.1122007, 684808.8528007, 684850.0272007, 684896.2908007, 684948.4071007, 684998.7515007, 685041.5603007, 685051.1206007, 685177.93150071, 
685178.01000071, 685212.82060071, 685254.28390071, 685254.30840071, 685302.54700071, 685308.08650071, 685340.19230071, 685349.91770071, 685470.34500071, 685512.94350071, 685521.43370071, 685527.84090071, 685543.55490071, 685609.74980071, 685665.34270071, 685699.94940072, 685746.37090072, 685797.78220072, 685858.99570072, 685880.43880072, 685902.96040072, 686070.55300072, 686187.71020072, 686253.68180073, 686359.53150073, 686383.32050073, 686440.38510073, 686499.28940073, 686612.57870073, 686657.62050073, 
686671.23340073, 686676.01770073, 686809.45190074, 686880.79350074, 686975.35920074, 686984.12490074, 687002.05770074, 687067.70320074, 687103.25870074, 687143.21240074, 687176.51930074, 687203.88120074, 687258.62870075, 687373.14360075, 687430.70080075, 687447.55440075, 687467.11520075, 687527.21010075, 687583.31320075, 687732.33870076, 687742.36440076, 687789.39270076, 687837.44640076, 687864.08830076, 687869.12010076, 687945.73850076, 688111.01750076, 688228.49660077, 688290.78290077, 688296.37270077, 
688300.78770077, 688313.24830077, 688321.86030077, 688334.68840077, 688343.60970077, 688343.87840077, 688344.40740077, 688365.70830077, 688369.05580077, 688374.01720077, 688378.97750077, 688383.94080077, 688398.85860077, 688405.05400077, 688410.03340077, 688420.00210077, 688429.95950077, 688439.95390077, 688454.93290077, 688479.92050077, 688495.16240077, 688509.71130077, 688519.68020077, 688529.62480077, 688542.24450077, 688557.13590077, 688575.26000077, 688581.79000077, 688595.09270077, 688604.29200077, 
688615.36770077, 688626.10160077, 688642.89640077, 688652.78290077, 688660.33060077, 688672.36640077, 688683.39530077, 688691.92100077, 688701.41170078, 688716.26510078, 688721.01450078, 688730.15560078, 688732.87510078, 688740.88970078, 688743.02100078, 688757.27020078, 688761.32760078, 688772.54350078, 688800.50710078, 688868.19730078, 688877.89980078, 688887.64240078, 688918.93190078, 688962.36980078, 688986.83850078, 689037.42070078, 689089.85630078, 689088.66140078, 689114.22290078, 689136.18160078, 
689162.68920078, 689216.19800079, 689223.17760079, 689227.68890079, 689233.68710079, 689238.19840079, 689269.68720079, 689295.27020079, 689323.20720079, 689376.78180079, 689446.71810079, 689465.19960079, 689484.72250079, 689490.94830079, 689497.63890079, 689498.47060079, 689504.82360079, 689514.03230079, 689608.69690079, 689635.52460079, 689641.00340079, 689641.91820079, 689643.95860079, 689669.65940079, 689705.1667008, 689765.8439008, 689835.4499008, 689925.1976008, 690134.8886008, 690254.81100081, 
690337.11480081, 690371.56710081, 690376.19440081, 690396.76560081, 690419.22910081, 690428.91220081, 690431.64990081, 690436.34650081, 690470.61040081, 690499.66240081, 690500.62670081, 690511.89030081, 690527.82750081, 690590.04190081, 690597.92970081, 690615.67520081, 690618.12990082, 690622.07560081, 690647.33490082, 690670.32260082, 690640.55060082, 690624.86760082, 690610.33740081, 690571.78170081, 690561.79420081, 690560.31100081, 690535.07130081, 690525.77390081, 690522.16430081, 690519.71580081, 
690477.78410081, 690476.55360081, 690421.59120081, 690419.11860081, 690371.06360081, 690361.68190081, 690305.92260081, 690319.04010081, 690328.47450081, 690376.78720081, 690318.70100081, 690314.95870081, 690315.77110081, 690316.55980081, 690316.61840081, 690317.48940081, 690318.34460081, 690319.15430081, 690319.90860081, 690320.58790081, 690321.15300081, 690343.02770081, 690400.64710081, 690413.88090081, 690470.94780081, 690460.10810081, 690450.48860081, 690445.16760081, 690432.03720081, 690476.33890081, 
690430.53260081, 690429.51560081, 690400.01280081, 690367.08190081, 690455.59750081, 690462.30800081, 690478.08420081, 690485.06950081, 690351.39140081, 690191.9107008, 690172.4795008, 690161.4188008, 690155.6598008, 690146.4997008, 690143.7425008, 689950.4233008, 689703.63700079, 689593.82940079, 689579.72090079, 689453.61740079, 689437.62810079, 689327.76140079, 689227.65860078, 689186.03350078, 689141.02290078, 689095.07890078, 689068.75030078, 689045.02270078, 689017.51970078, 689002.51080078, 
688982.14750078, 688949.62830078, 688938.07820078, 688933.27890078, 688933.72640078, 688941.88190078, 688940.37520078, 688937.42050078, 688932.06490078, 688926.52850078, 688910.18860078, 688904.17520078, 688903.01250078, 688898.20900078, 688892.50570078, 688889.62290078, 688888.69330078, 688884.23410078, 688872.67400078, 688870.00740078, 688848.34490078, 688837.48230078, 688821.21150078, 688812.42300078, 688767.22980078, 688759.21430078, 688751.29050078, 688751.71710078, 688756.23570078, 688751.72020078, 
688455.04170077, 688458.03160077, 688454.09840077, 688450.51140077, 688442.81320077, 688436.46100077, 688433.61040077, 688429.75230077, 688428.19520077, 688315.59270077, 688276.70090077, 688170.55460076, 688170.74840076, 688171.35740076, 688169.86370076, 688171.97880076, 687957.81650076, 687943.75020076, 687927.49300076, 687924.05920076, 687920.69560076, 687915.68530076, 687913.04960076, 687910.78960076, 687906.39920076, 687901.86660076, 687898.04540076, 687878.23260076, 687872.81700076, 687867.10230076, 
687859.25650076, 687840.63350076, 687821.50400076, 687818.83600076, 687798.24850076, 687785.37740076, 687770.79010076, 687754.07550075, 687739.83190075, 687729.81240075, 687713.91380075, 687686.23720075, 687635.66350075, 687629.08680075, 687621.06330075, 687610.30490075, 687594.71710075, 687534.97620075, 5346097.7157982, 5346149.9793982, 5346171.4043982, 5346205.4253982, 5346206.3468982, 5346207.5096982, 5346209.7125982, 5346212.6632982, 5346214.2797982, 5346214.8591982, 5346218.7073982, 5346221.1934982, 
5346222.4121982, 5346248.7619982, 5346252.14939821, 5346253.8751982, 5346271.04729821, 5346297.20059821, 5346397.34129822, 5346408.43669822, 5346411.56769822, 5346422.78549822, 5346424.17389822, 5346452.46009823, 5346453.03249822, 5346454.86689822, 5346473.36579823, 5346473.37319823, 5346473.59119823, 5346475.97919823, 5346479.99269823, 5346507.30049823, 5346532.20799823, 5346542.25599824, 5346546.55259824, 5346549.04009824, 5346553.16899824, 5346568.88329824, 5346569.11349824, 5346581.34119824, 
5346593.80609824, 5346601.76329824, 5346638.50399825, 5346657.69049825, 5346666.96309825, 5346670.53929825, 5346686.97829825, 5346693.73849825, 5346695.65489825, 5346709.26869826, 5346709.80139826, 5346728.71309826, 5346730.01869826, 5346750.00769827, 5346761.58719827, 5346780.81609827, 5346784.88979827, 5346806.32649827, 5346822.68339828, 5346826.77169828, 5346829.02109828, 5346835.39979828, 5346848.28729828, 5346853.55599829, 5346861.72149829, 5346899.9484983, 5346902.2312983, 5346902.0673983, 
5346897.9916983, 5346897.6669983, 5346897.0547983, 5346862.8214983, 5346845.5422983, 5346833.3242983, 5346825.9881983, 5346825.4228983, 5346824.5256983, 5346822.8781983, 5346812.99439831, 5346809.12939831, 5346794.55209831, 5346775.22869831, 5346724.59909832, 5346718.14049832, 5346709.92279832, 5346694.97589832, 5346676.19609833, 5346635.03759833, 5346624.30989833, 5346620.23309834, 5346617.29419834, 5346609.30289833, 5346602.66869834, 5346594.14109834, 5346586.62179833, 5346578.49599834, 5346573.48549834, 
5346567.75359834, 5346550.20789834, 5346494.83629834, 5346463.23579834, 5346439.08089834, 5346422.49479834, 5346422.33929834, 5346404.50589834, 5346374.78549834, 5346367.25849834, 5346359.82779834, 5346354.19839834, 5346347.80609834, 5346341.86979834, 5346334.62289834, 5346323.44639834, 5346312.30829834, 5346200.20479833, 5346192.65329833, 5346187.00109833, 5346182.01139833, 5346177.67459833, 5346172.28539833, 5346166.92719833, 5346162.28689833, 5346156.89409833, 5346152.10529833, 5346145.64969833, 
5346121.10159833, 5346112.35609833, 5346105.47149834, 5346099.61669833, 5346093.27159834, 5346086.86469834, 5346080.27019834, 5346074.27589834, 5346067.48699833, 5346058.67459834, 5346046.10079834, 5345967.13679833, 5345949.87149833, 5345948.49729833, 5345914.20069833, 5345914.18199833, 5345847.23089833, 5345777.42889833, 5345750.93719834, 5345749.20599834, 5345746.82579834, 5345746.51959834, 5345746.27459834, 5345674.55669834, 5345624.98049834, 5345591.79609834, 5345499.94449834, 5345467.54649834, 
5345452.41749834, 5345397.14259834, 5345388.51069834, 5345366.28619834, 5345344.01409834, 5345308.18909834, 5345245.88649835, 5345225.93349834, 5345220.50779835, 5345177.70269835, 5345123.73049835, 5345100.08909835, 5345087.97039835, 5344999.77999835, 5344956.28139835, 5344853.83829835, 5344826.64169834, 5344784.80439835, 5344725.20689834, 5344686.49019834, 5344649.33069835, 5344506.44849835, 5344440.77999835, 5344437.00709835, 5344425.15789835, 5344381.06339835, 5344353.76949835, 5344322.65969834, 
5344316.88379835, 5344294.79799834, 5344248.44249834, 5344193.04129834, 5344132.86019834, 5344131.98329834, 5344097.00939833, 5344055.76379834, 5344034.97359834, 5344026.86699834, 5344019.66669835, 5344014.47779835, 5344009.21229835, 5344004.25949835, 5343998.62729835, 5343996.95089835, 5343945.70099836, 5343945.68989836, 5343909.47319836, 5343818.94769837, 5343719.88279839, 5343707.89969839, 5343700.45839838, 5343690.40969839, 5343679.40069839, 5343678.14929839, 5343672.36089839, 5343669.79099839, 
5343436.87389838, 5343204.34499837, 5343064.33279836, 5342943.48489836, 5342940.23339836, 5342937.78229836, 5342936.13369836, 5342934.95939836, 5342933.70449836, 5342927.76309836, 5342924.24549836, 5342888.95059836, 5342820.85979836, 5342798.26549836, 5342794.77529836, 5342743.67769836, 5342740.04559836, 5342715.01529836, 5342694.75959836, 5342688.55609836, 5342688.06049836, 5342687.30659836, 5342684.94329836, 5342676.37959836, 5342666.95379836, 5342637.48369836, 5342612.88819836, 5342608.10549837, 
5342607.28439837, 5342595.03799837, 5342592.05519837, 5342580.45789837, 5342580.45189837, 5342567.28279837, 5342538.24569837, 5342500.58649837, 5342491.03229837, 5342489.80499837, 5342466.64979837, 5342446.29559837, 5342249.99319837, 5342239.55249837, 5342046.80189837, 5341831.09259837, 5341815.96989836, 5341726.03189837, 5341684.46829837, 5341681.48889837, 5341610.58169837, 5341542.51159837, 5341534.42389837, 5341528.50319837, 5341501.06909836, 5341493.38859836, 5341490.01969836, 5341487.24799836, 
5341465.54589836, 5341446.01979835, 5341443.54359835, 5341441.62879835, 5341437.38519835, 5341424.54239835, 5341412.43129835, 5341403.48169835, 5341398.32269834, 5341397.82509834, 5341401.57059834, 5341402.56589834, 5341420.63619833, 5341420.64979833, 5341426.72289833, 5341425.48179833, 5341425.48119833, 5341412.57759832, 5341411.78519832, 5341407.77759832, 5341406.56389832, 5341368.30699831, 5341355.95359831, 5341353.52499831, 5341351.71579831, 5341347.13629831, 5341326.61779831, 5341309.8288983, 
5341301.7418983, 5341290.8902983, 5341278.9307983, 5341256.2996983, 5341250.34719829, 5341244.13989829, 5341197.78289828, 5341162.55049828, 5341142.38149827, 5341091.19419827, 5341073.67309827, 5341023.15299826, 5340978.31279826, 5340902.30679826, 5340881.80759825, 5340877.62599825, 5340876.15729825, 5340835.15309824, 5340817.15869824, 5340784.50239824, 5340781.55479824, 5340776.48299823, 5340758.24069823, 5340750.89069823, 5340737.78669823, 5340724.19289823, 5340713.59949822, 5340700.22739822, 5340669.41649821, 
5340648.09789821, 5340643.74019821, 5340638.67599821, 5340623.1312982, 5340604.1661982, 5340535.97219819, 5340532.0932982, 5340513.88929819, 5340490.63819819, 5340486.98339819, 5340486.29309819, 5340475.77189818, 5340434.59939817, 5340391.46969817, 5340373.88839816, 5340372.34099816, 5340371.09619816, 5340368.79969816, 5340367.19249816, 5340364.86909816, 5340363.19209816, 5340361.39999816, 5340357.78819816, 5340354.81949816, 5340354.37549816, 5340353.74919816, 5340353.12289816, 5340352.57439816, 
5340351.02919816, 5340350.44919816, 5340349.99969815, 5340349.23239816, 5340348.57629816, 5340348.14889816, 5340347.70229815, 5340347.58729815, 5340348.04729815, 5340348.69599815, 5340349.33289815, 5340350.15469815, 5340351.40999815, 5340353.15389815, 5340355.60949815, 5340356.63519815, 5340358.92829815, 5340360.61329815, 5340362.73749814, 5340364.90309814, 5340368.44389814, 5340370.62679814, 5340372.24819814, 5340374.95529814, 5340377.30229814, 5340379.14649814, 5340381.40629814, 5340385.40479814, 
5340386.68699814, 5340389.48489814, 5340390.33039814, 5340392.78679814, 5340393.44029814, 5340400.62649814, 5340400.77389814, 5340397.76749813, 5340402.87249813, 5340419.04969813, 5340421.53319813, 5340423.72519813, 5340430.76909813, 5340442.47329812, 5340447.61689812, 5340461.15849812, 5340475.68329811, 5340488.05389812, 5340491.93129812, 5340496.52229811, 5340503.03369811, 5340515.72159811, 5340517.41389811, 5340518.50039811, 5340519.95709811, 5340521.04409811, 5340528.65899811, 5340534.7619981, 
5340541.4166981, 5340554.2679981, 5340578.3873981, 5340584.75479809, 5340584.13409809, 5340583.93689809, 5340583.72749809, 5340583.70009809, 5340583.49929809, 5340583.21059809, 5340592.53219808, 5340595.39919808, 5340597.84679808, 5340598.25309808, 5340593.68769808, 5340598.04039808, 5340603.08839808, 5340611.57379808, 5340611.76709807, 5340616.61879807, 5340628.00819805, 5340634.51539805, 5340638.98689804, 5340638.24379804, 5340637.35429804, 5340633.42509804, 5340634.22749803, 5340634.56459803, 
5340634.67119803, 5340634.83409803, 5340631.16679803, 5340636.07919803, 5340636.24669803, 5340638.14789803, 5340640.85099803, 5340651.38159802, 5340652.72069802, 5340655.72109802, 5340656.13609802, 5340656.79889802, 5340661.15629802, 5340665.14939802, 5340895.09229802, 5341016.74989802, 5341129.57189802, 5341429.36549802, 5341507.22319802, 5341518.77699803, 5341715.44929803, 5341834.50959803, 5341880.91769803, 5341900.38739803, 5342226.96969803, 5342236.02629803, 5342662.92429803, 5342682.63969803, 
5343056.20389803, 5343128.52359803, 5343558.58039804, 5343685.10399804, 5343725.97969803, 5343900.37439803, 5343927.89619804, 5343929.66139803, 5343929.36289804, 5343929.20759804, 5343929.19589804, 5343929.18999803, 5343929.33349804, 5343929.61539803, 5343930.03529803, 5343930.58229803, 5343931.23489803, 5343961.09779803, 5344039.74679803, 5344057.80839803, 5344135.69409803, 5344163.63579803, 5344188.52119803, 5344202.26509803, 5344236.20999803, 5344254.39779803, 5344365.63909803, 5344368.10069803, 
5344369.71299803, 5344465.82859803, 5344670.85059802, 5344686.37889802, 5344722.90619802, 5344739.08499802, 5344727.07939803, 5344715.47109804, 5344714.05359804, 5344705.71899804, 5344705.35369805, 5344710.08929804, 5344711.51259805, 5344701.72949806, 5344685.55129807, 5344679.12159808, 5344670.61669808, 5344666.14769809, 5344665.60559809, 5344659.62799809, 5344663.8203981, 5344667.9489981, 5344679.47139811, 5344697.17219811, 5344709.43149811, 5344724.83119811, 5344746.45089811, 5344761.45039811, 
5344787.47149812, 5344833.57149812, 5344849.94159812, 5344869.53129812, 5344878.07589812, 5344914.03289812, 5344909.82079812, 5344905.26219812, 5344902.74129812, 5344901.79439812, 5344902.54609812, 5344897.90739812, 5344895.91029812, 5344908.14389812, 5344922.67109812, 5344930.45539812, 5344927.06649812, 5344910.79959812, 5344863.86089812, 5344853.23829812, 5344854.20739812, 5344854.67639812, 5344855.42039812, 5344855.81319812, 5344857.82409813, 5344858.18219813, 5344858.53649813, 5344866.07929813, 
5344897.01089813, 5344898.07619813, 5344968.29879815, 5344975.56129815, 5344977.32959814, 5344977.92049815, 5344979.25979815, 5344980.36529814, 5344981.10419815, 5344982.27389815, 5344978.59029815, 5345005.80779815, 5345010.40499816, 5345022.91649816, 5345026.91739816, 5345039.49179816, 5345039.56359816, 5345126.21879816, 5345111.00999817, 5345128.58559817, 5345149.41849818, 5345153.76809818, 5345158.10049817, 5345164.32029818, 5345167.79929818, 5345170.78449818, 5345176.36769818, 5345181.72519818, 
5345186.27989818, 5345209.75149818, 5345210.57029818, 5345218.77079818, 5345230.03189818, 5345274.09149818, 5345326.55819818, 5345333.87009818, 5345394.77189818, 5345424.20899818, 5345457.60719818, 5345504.89119819, 5345535.17339818, 5345565.37639819, 5345604.89829819, 5345698.79529819, 5345827.64949819, 5345850.93249819, 5345879.32459819, 5345902.69789819, 5345936.54499819, 5346097.7157982))",2.1958717610891525
vablock_stadtbezirk.10,18,Untergiesing-Harlaching,8057218.1335,Untergiesing - Harlaching,54067,67,13,"list(c(690447.74040081, 690497.26070081, 690392.45920081, 690369.49970081, 690401.22160081, 690437.58420081, 690437.71280081, 690447.74040081, 5328289.78389806, 5328309.95929806, 5328401.44239806, 5328345.30589806, 5328317.59229806, 5328285.82129806, 5328285.70919806, 5328289.78389806))",2.40442414041837
vablock_stadtbezirk.11,18,Untergiesing-Harlaching,8057218.1335,Untergiesing - Harlaching,54067,67,13,"list(c(691220.64270083, 691217.70170083, 691214.13090083, 691209.98320083, 691205.31840083, 691200.20740083, 691196.68890083, 691183.97940083, 691179.46930083, 691172.64370083, 691170.38780083, 691170.64960083, 691169.88410083, 691169.62230083, 691164.92230083, 691160.07680083, 691160.33910083, 691159.57330083, 691159.31100083, 691154.78350083, 691143.92090083, 691132.58320083, 691128.44520083, 691118.12490083, 691106.26970083, 691094.06720083, 691064.48050083, 691011.60810082, 690991.36280082, 690957.45480082, 
690907.62920082, 690889.46590082, 690885.06510082, 690874.33910082, 690864.33890082, 690853.88330082, 690846.78000082, 690829.40810082, 690821.54910082, 690788.48040082, 690745.80210082, 690726.35400082, 690725.74810082, 690720.47810082, 690720.28950082, 690719.74720082, 690719.07050082, 690713.77090082, 690709.43310082, 690708.96430082, 690708.80760082, 690708.77210082, 690708.85650082, 690709.04930082, 690709.33920082, 690707.92890082, 690702.12850082, 690704.80870082, 690694.26970082, 690694.41580082, 
690692.31200082, 690625.13160082, 690621.37120082, 690616.54980082, 690611.23990082, 690608.96240082, 690604.54820082, 690600.04380082, 690598.92270082, 690598.03090082, 690597.26090082, 690596.62210082, 690596.10440082, 690595.71740082, 690595.32350082, 690594.99240082, 690595.30490082, 690595.84190082, 690598.31870082, 690602.28660082, 690603.17970082, 690603.43920082, 690603.63790082, 690607.03060082, 690607.40780082, 690608.68970082, 690610.94390082, 690612.82050082, 690613.95560082, 690615.23910082, 
690617.76350082, 690617.91120082, 690620.74580082, 690622.21470082, 690625.19760082, 690627.04810082, 690627.98130082, 690629.38830082, 690644.79220082, 690649.11740082, 690661.31010082, 690664.11840082, 690666.90130082, 690671.20030082, 690672.49560082, 690674.85240082, 690675.52200082, 690675.95920082, 690676.01900082, 690675.57390082, 690675.08990082, 690673.87150082, 690672.72940082, 690671.25050082, 690660.25700082, 690657.74810082, 690655.05630082, 690651.58350082, 690647.92330082, 690643.90830082, 
690635.99450082, 690632.28550082, 690621.41160082, 690602.46690082, 690597.04150082, 690593.40320082, 690581.32470082, 690568.29100082, 690555.42930082, 690541.77290082, 690534.27170082, 690524.34960081, 690511.47080081, 690384.48410081, 690382.91610081, 690365.39980081, 690358.19630081, 690347.33760081, 690285.64030081, 690246.82040081, 690208.46810081, 690203.98010081, 690182.64690081, 690180.18900081, 690171.92740081, 690165.58180081, 690159.71750081, 690153.27820081, 690145.29580081, 690139.17550081, 
690133.11980081, 690126.95650081, 690118.90300081, 690083.82360081, 690031.7238008, 690023.2834008, 690022.0908008, 690020.5135008, 690016.7479008, 690009.8824008, 690007.5793008, 689980.7761008, 689970.5589008, 689960.8589008, 689953.6781008, 689947.5173008, 689940.3374008, 689936.3555008, 689930.5034008, 689924.7028008, 689919.2033008, 689914.2917008, 689908.0478008, 689905.2924008, 689901.4493008, 689897.7778008, 689890.3349008, 689889.7564008, 689887.1810008, 689884.3575008, 689881.6354008, 689879.3440008, 
689875.2241008, 689873.2022008, 689871.7571008, 689870.2172008, 689868.5503008, 689866.8477008, 689865.9717008, 689865.3017008, 689854.2889008, 689853.3888008, 689852.6721008, 689850.6310008, 689850.8679008, 689851.1696008, 689851.3964008, 689851.9708008, 689852.4594008, 689853.2592008, 689859.4319008, 689884.6314008, 689890.0911008, 689893.7112008, 689895.3010008, 689898.6224008, 689902.4924008, 689906.7294008, 689905.2299008, 689904.5084008, 689903.1381008, 689901.9544008, 689901.2095008, 689902.5333008, 
689903.2413008, 689904.9575008, 689907.2881008, 689907.9245008, 689908.8141008, 689907.8280008, 689908.4275008, 689914.1308008, 689915.5532008, 689915.7633008, 689918.1552008, 689912.7916008, 689911.0799008, 689907.7256008, 689906.3913008, 689900.3088008, 689892.5972008, 689883.9461008, 689874.6476008, 689869.4222008, 689824.7294008, 689778.6776008, 689734.0923008, 689594.5883008, 689566.8419008, 689545.38240079, 689513.93450079, 689498.37510079, 689485.00080079, 689477.14430079, 689468.99540079, 
689458.89230079, 689447.91090079, 689433.46700079, 689418.99490079, 689412.41030079, 689320.18900079, 689311.85950079, 689304.47330079, 689299.13390079, 689293.87800079, 689289.21730079, 689285.08740079, 689281.54600079, 689279.47190079, 689320.80390079, 689357.85000079, 689356.71590079, 689355.13970079, 689354.69380079, 689355.20110079, 689353.66980079, 689351.09130079, 689350.82120079, 689349.94860079, 689349.13920079, 689348.89960079, 689348.74640079, 689342.83100079, 689340.97480079, 689339.20880079, 
689338.70660079, 689337.70880079, 689335.96100079, 689333.14140079, 689331.48490079, 689330.99300079, 689329.06670079, 689329.30690079, 689330.04250079, 689329.34530079, 689328.08210079, 689324.89000079, 689323.90980079, 689322.40530079, 689321.00180079, 689318.35650079, 689314.15800079, 689311.80640079, 689310.30080079, 689307.65390079, 689307.64420079, 689312.25920079, 689314.49740079, 689315.99280079, 689317.92560079, 689318.06510079, 689320.22120079, 689321.08460079, 689321.32410079, 689323.48590079, 
689327.35190079, 689327.45570079, 689329.93160079, 689332.22070079, 689332.34160079, 689334.56940079, 689334.53150079, 689338.38040079, 689341.84230079, 689344.39240079, 689347.79170079, 689363.75320079, 689363.67410079, 689366.19210079, 689366.70730079, 689373.89290079, 689376.52140079, 689380.88310079, 689389.58010079, 689391.55510079, 689393.74330079, 689398.10040079, 689398.10940079, 689398.83710079, 689402.64630079, 689405.81110079, 689407.39790079, 689410.10460079, 689412.50120079, 689416.46550079, 
689421.36660079, 689426.73720079, 689432.17950079, 689434.58490079, 689437.47150079, 689438.79500079, 689442.83070079, 689443.95580079, 689445.40130079, 689444.89530079, 689443.02250079, 689446.44670079, 689446.01830079, 689446.64950079, 689449.22190079, 689450.86250079, 689452.16170079, 689452.53940079, 689458.26930079, 689461.05020079, 689465.24390079, 689459.25580079, 689431.79620079, 689497.94070079, 689516.46270079, 689523.35840079, 689528.40980079, 689509.42840079, 689524.52620079, 689518.57870079, 
689592.1162008, 689615.6624008, 689620.6017008, 689675.8123008, 689692.7417008, 689701.6087008, 689720.4800008, 689746.9198008, 689752.3675008, 689752.8297008, 689762.4770008, 689802.1610008, 689858.8596008, 689865.2838008, 689871.7536008, 689920.2448008, 689921.3925008, 689928.9821008, 689930.9088008, 689915.1635008, 689889.6230008, 689885.6303008, 689881.7492008, 689879.3092008, 689873.8012008, 689921.4074008, 689946.0144008, 690048.99350081, 690052.40790081, 690057.27690081, 690064.91380081, 690070.67510081, 
690078.58990081, 690086.60090081, 690090.18510081, 690101.73920081, 690111.45660081, 690118.86530081, 690123.05540081, 690133.41180081, 690142.60790081, 690147.23470081, 690150.60610081, 690161.67310081, 690172.12740081, 690182.92230081, 690193.08260081, 690215.20740081, 690328.60560081, 690403.73190081, 690670.74580082, 690686.97110082, 690687.24280082, 690684.83590082, 690690.15180082, 690754.37950082, 690756.63620082, 690834.43910082, 690860.26380082, 690860.05200082, 690866.20250082, 690889.54370082, 
691051.79700083, 691058.29610083, 691147.65710083, 691215.60860083, 691470.82770084, 691471.38680084, 691475.22980084, 691615.10960084, 691700.70990084, 691702.55960084, 691708.09560084, 691710.17930084, 691712.59500084, 691713.42660084, 691763.73240084, 691797.52850084, 691898.95240084, 692021.31870085, 692054.79180085, 692096.44280085, 692131.17320085, 692131.20250085, 692131.29050085, 692131.55450085, 692137.35020085, 692303.98030085, 692475.76380086, 692504.95250086, 692509.71110086, 692515.42470086, 
692515.98370086, 692517.21480086, 692581.88780086, 692623.79440086, 692690.14900086, 692697.46860086, 692699.14910086, 692703.19420086, 692704.90320086, 692708.43580086, 692715.12650086, 692707.07110086, 692571.85950086, 692463.76390086, 692445.32140086, 692243.91870085, 692230.69020085, 692209.83320085, 692205.50190085, 692203.82410085, 692203.64880085, 692206.97330085, 692225.92200085, 692182.65620085, 692176.96370085, 692227.31970085, 692217.98080085, 692203.59350085, 692154.60280085, 692102.37210085, 
692071.11450085, 692037.19890085, 691965.95930085, 691921.25390084, 691899.44190084, 691889.56010084, 691858.91600084, 691816.92180084, 691769.33270084, 691745.97310084, 691714.94600084, 691621.46940084, 691571.00580084, 691562.26550084, 691565.17450084, 691577.92550084, 691607.13720084, 691608.23850084, 691610.59240084, 691612.80340084, 691617.13340084, 691621.23740084, 691625.12660084, 691628.64080084, 691632.19980084, 691634.44080084, 691636.98830084, 691640.08520084, 691642.99930084, 691645.94420084, 
691653.32090084, 691657.26580084, 691664.85010084, 691667.20240084, 691668.01910084, 691669.86020084, 691671.27060084, 691672.88350084, 691676.63690084, 691680.59170084, 691684.61800084, 691686.77830084, 691691.53310084, 691693.44080084, 691698.42800084, 691701.07950084, 691704.11000084, 691707.48710084, 691711.05160084, 691718.72990084, 691720.86610084, 691735.18460084, 691738.18880084, 691740.99510084, 691749.23810084, 691751.53970084, 691754.64960084, 691761.92590084, 691765.90880084, 691767.24910084, 
691776.20090084, 691784.86610084, 691795.24750084, 691800.61690084, 691799.11000084, 691795.69900084, 691791.82800084, 691790.82080084, 691783.25440084, 691778.24570084, 691750.38880084, 691666.83950084, 691658.62160084, 691649.88820084, 691445.12680083, 691438.69280083, 691431.78800083, 691368.17290083, 691351.57390083, 691221.84650083, 691222.66210083, 691223.40920083, 691224.10910083, 691224.63810083, 691224.75960083, 691225.38480083, 691225.29620083, 691224.46900083, 691222.91020083, 691220.64270083, 
5333055.074298, 5333060.427898, 5333065.382698, 5333069.864998, 5333073.807798, 5333077.152798, 5333073.432498, 5333062.580698, 5333058.728098, 5333052.898098, 5333050.968598, 5333050.668498, 5333050.028098, 5333050.328198, 5333046.365198, 5333042.279498, 5333041.969398, 5333041.329098, 5333041.639098, 5333037.869498, 5333028.812198, 5333019.358898, 5333016.645398, 5333009.857298, 5333000.03929801, 5332989.54099801, 5332964.12829801, 5332919.03809801, 5332901.75569801, 5332872.16649802, 5332828.55089802, 
5332812.57409802, 5332808.40889802, 5332797.86139802, 5332787.08209802, 5332775.63529802, 5332766.84409802, 5332744.20259803, 5332733.86689802, 5332684.19359803, 5332619.33219803, 5332590.66869803, 5332589.77429803, 5332590.42919803, 5332590.13159803, 5332590.18049803, 5332589.56349803, 5332581.93759803, 5332575.69539803, 5332574.88639803, 5332574.53999803, 5332574.16829803, 5332573.80119803, 5332573.47849803, 5332573.22959803, 5332571.41299803, 5332563.08939803, 5332558.52999803, 5332542.63479803, 
5332542.48039803, 5332539.45569803, 5332435.50189804, 5332429.53079804, 5332420.73489804, 5332409.36759804, 5332403.87389804, 5332392.29159804, 5332378.87419804, 5332374.48659804, 5332370.63849804, 5332366.76559804, 5332362.87829804, 5332358.96579804, 5332355.03839804, 5332349.23969804, 5332308.00539804, 5332293.85499804, 5332277.03129804, 5332234.12049804, 5332164.06099804, 5332146.12379804, 5332143.09119804, 5332137.28379804, 5332073.64079804, 5332062.93619804, 5332049.58459804, 5332033.37849804, 
5332024.02359804, 5332019.25219804, 5332013.85909804, 5332004.41689804, 5332003.86469804, 5331993.29609804, 5331985.87099804, 5331970.79029804, 5331960.56359804, 5331956.65659804, 5331949.58539804, 5331877.26309804, 5331856.29389804, 5331799.30329804, 5331784.98209804, 5331772.56149804, 5331747.65219804, 5331739.08549804, 5331717.90039803, 5331709.14159804, 5331698.11269804, 5331683.97469804, 5331666.67219804, 5331660.35779804, 5331647.45899804, 5331638.49659804, 5331629.43109804, 5331582.27599804, 
5331571.95259804, 5331561.96019804, 5331551.46539804, 5331541.41369804, 5331530.19719804, 5331510.94139804, 5331501.85969804, 5331478.27229804, 5331444.22349804, 5331435.49499804, 5331430.98899804, 5331412.67149804, 5331395.12719804, 5331379.33099804, 5331363.77899804, 5331356.17179804, 5331345.77809805, 5331332.92629805, 5331205.83109806, 5331203.94859805, 5331186.54899806, 5331179.56299806, 5331168.73079806, 5331107.03199806, 5331069.17829806, 5331093.02729807, 5331088.36219807, 5331062.63289807, 
5331058.90279807, 5331041.30409807, 5331028.38699807, 5331017.60929807, 5331006.76379807, 5330994.97399807, 5330986.24019807, 5330978.08109807, 5330970.45979807, 5330961.22429807, 5330924.42009807, 5330890.15959808, 5330884.87459808, 5330884.91789808, 5330885.84699808, 5330883.61839808, 5330879.79839808, 5330878.55799808, 5330860.27919808, 5330852.08189808, 5330844.42549808, 5330837.64149808, 5330831.56439808, 5330823.83799808, 5330819.26479808, 5330812.19149808, 5330804.68479808, 5330796.99349808, 
5330789.50989808, 5330779.03799808, 5330774.01259809, 5330766.54389809, 5330758.77159809, 5330742.42879809, 5330741.45249808, 5330735.92329809, 5330729.18879808, 5330721.37679809, 5330713.32849809, 5330696.65259809, 5330687.46949809, 5330680.04439809, 5330670.70829809, 5330659.21409809, 5330647.78059809, 5330642.93739809, 5330638.07939809, 5330565.39619809, 5330558.88779809, 5330552.83489809, 5330533.99669809, 5330526.63009809, 5330512.96249809, 5330506.35729809, 5330490.29979809, 5330482.88239809, 
5330470.03239809, 5330409.61729809, 5330169.77859809, 5330109.32969809, 5330034.65929809, 5330002.39709809, 5329933.06329809, 5329851.48149809, 5329759.08139809, 5329753.41849809, 5329753.31349809, 5329753.11379809, 5329752.94089809, 5329752.83249809, 5329740.68479809, 5329738.22899809, 5329732.27469809, 5329724.18889809, 5329721.72219809, 5329719.17529809, 5329718.79629809, 5329717.27849809, 5329698.46999809, 5329693.77739809, 5329693.08439809, 5329693.08689809, 5329638.40759809, 5329625.36209809, 
5329607.63539809, 5329601.53779809, 5329578.18909809, 5329554.24149809, 5329532.20839809, 5329511.94379809, 5329501.51239809, 5329419.19949809, 5329335.03179809, 5329252.6528981, 5328997.59969811, 5328946.09629811, 5328903.80879811, 5328838.95769811, 5328805.26729811, 5328773.79859811, 5328755.58989811, 5328735.87829811, 5328710.48149812, 5328682.50009812, 5328643.64209812, 5328602.81989812, 5328582.76959812, 5328281.96699812, 5328251.42719812, 5328221.26519813, 5328196.78709812, 5328172.40229813, 
5328147.90119813, 5328123.13979813, 5328098.47849813, 5328081.10519813, 5328080.84519812, 5328080.60449812, 5328076.82729812, 5328066.92769812, 5328061.67639812, 5328053.54179812, 5328043.26689812, 5328033.40159812, 5328023.38289812, 5328013.41049812, 5328005.93259812, 5327993.40249812, 5327961.30879812, 5327951.08059812, 5327943.28179812, 5327936.49839812, 5327931.41619812, 5327925.44429812, 5327920.74389812, 5327914.28109812, 5327908.51339812, 5327905.21129812, 5327905.06549812, 5327900.70109812, 
5327897.23699813, 5327893.29619812, 5327886.41059812, 5327880.99049813, 5327877.11859812, 5327872.33619813, 5327867.53789813, 5327864.04219812, 5327853.73229813, 5327843.00339812, 5327834.63749812, 5327816.26009813, 5327803.44879813, 5327789.82609813, 5327775.53059812, 5327761.29639813, 5327751.24379812, 5327750.48889812, 5327730.09139813, 5327726.42279812, 5327725.41149812, 5327716.16819812, 5327716.83869812, 5327716.23219812, 5327714.58679812, 5327715.15609813, 5327714.37009812, 5327714.71679812, 
5327714.91549812, 5327715.51529812, 5327716.05039812, 5327716.87019812, 5327717.73299812, 5327721.60719812, 5327722.09439812, 5327722.69359812, 5327719.74179812, 5327720.97449812, 5327716.68409812, 5327713.11139812, 5327710.83659812, 5327709.47199812, 5327706.23399812, 5327698.96659812, 5327697.19549812, 5327694.19109812, 5327690.19699812, 5327688.87019812, 5327688.22199812, 5327682.72419812, 5327676.96369812, 5327671.81429812, 5327666.77069812, 5327662.73709812, 5327659.40719812, 5327656.21809812, 
5327654.02859812, 5327651.38739812, 5327648.72189812, 5327645.52199812, 5327642.58489812, 5327638.87069812, 5327637.37619812, 5327631.93439812, 5327627.00489812, 5327626.21909812, 5327626.99019812, 5327625.73359812, 5327620.39099812, 5327616.86339812, 5327606.98939812, 5327606.77719812, 5327602.41619812, 5327592.68429812, 5327547.85099812, 5327427.80999811, 5327312.86169811, 5327270.11069811, 5327238.82069811, 5327170.44059811, 5327114.83239811, 5327023.77059811, 5327013.03429811, 5327007.73409811, 
5327006.57669811, 5327165.4330981, 5327216.0457981, 5327243.4424981, 5327304.5333981, 5327388.7054981, 5327398.5852981, 5327398.5333981, 5327395.6392981, 5327526.9020981, 5327714.12339809, 5327735.70049809, 5327734.00939809, 5327721.37119809, 5327723.75719809, 5327739.50459809, 5327743.50209809, 5327751.50369809, 5327764.49359809, 5327766.51899809, 5327768.50879809, 5327769.73429809, 5327764.65499809, 5327928.91259809, 5328013.35059809, 5328376.69159808, 5328388.75289808, 5328406.55319808, 5328434.45319808, 
5328455.49229808, 5328484.10619808, 5328512.97889808, 5328525.95899808, 5328567.66939808, 5328602.73139808, 5328629.46859808, 5328644.59369807, 5328681.97229807, 5328715.31539807, 5328732.22219807, 5328744.53619807, 5328784.94499807, 5328822.77009807, 5328862.45859807, 5328899.48259807, 5328896.19659807, 5328879.36849806, 5328868.22139806, 5328828.58999804, 5328826.17619804, 5328826.13659804, 5328806.71029804, 5328801.74359804, 5328787.10339804, 5328786.58899804, 5328768.85889803, 5328937.82629803, 
5328944.82189803, 5328943.90129803, 5328955.33019803, 5329051.08919802, 5329055.64719802, 5329108.03609801, 5329147.87199801, 5329298.50589799, 5329298.79789799, 5329301.10939799, 5329384.01929798, 5329377.65009798, 5329435.89239798, 5329439.17099798, 5329440.40299797, 5329441.84809797, 5329442.34079798, 5329473.08079797, 5329493.73979797, 5329555.72709796, 5329630.29519795, 5329650.87619795, 5329676.30349795, 5329697.50069795, 5329697.51889795, 5329697.57229795, 5329697.73269795, 5329701.32049795, 
5329804.52859794, 5329910.41069793, 5329929.03069792, 5329931.99729792, 5329935.56729792, 5329935.91369792, 5329936.68209792, 5329976.77189792, 5330002.73689791, 5330043.82549791, 5330048.36429791, 5330049.41089791, 5330052.44199791, 5330053.72309791, 5330056.37079791, 5330058.31749791, 5330075.60659791, 5330374.02419792, 5330614.44689792, 5330601.81149793, 5330463.86099794, 5330454.77329794, 5330485.51159794, 5330494.28399794, 5330501.25379794, 5330512.97709794, 5330567.49439794, 5330999.99969794, 
5331105.86169794, 5331119.58649794, 5331143.24849794, 5331163.48879794, 5331192.57459794, 5331275.92739794, 5331349.81389795, 5331404.25679795, 5331476.91989795, 5331668.71069795, 5331755.17089796, 5331790.35389796, 5331806.31919796, 5331842.82889796, 5331877.87419796, 5331904.91229797, 5331913.24299797, 5331924.34309797, 5331947.51659798, 5331951.24719798, 5331976.16589798, 5331993.32879798, 5332022.29139798, 5332071.18799798, 5332073.49279798, 5332079.09909798, 5332084.77999798, 5332096.18819798, 
5332107.45749797, 5332118.80859797, 5332130.26479798, 5332141.12259797, 5332146.79509797, 5332152.31889797, 5332157.60369797, 5332162.96069797, 5332168.29939797, 5332181.14859797, 5332189.83909797, 5332206.47639797, 5332212.08299797, 5332214.73719797, 5332223.97619797, 5332229.91499797, 5332235.79149797, 5332247.36549797, 5332258.90929797, 5332270.41489797, 5332276.11279797, 5332288.18659797, 5332290.83309797, 5332301.75639797, 5332307.14409797, 5332312.30639797, 5332317.29199797, 5332322.10469797, 
5332331.32099797, 5332333.75559797, 5332350.07489797, 5332353.10329797, 5332356.32409797, 5332367.88089797, 5332371.96259797, 5332377.39659797, 5332391.80889796, 5332394.13409797, 5332394.92629796, 5332391.72419796, 5332434.11809796, 5332587.30259796, 5332646.30629796, 5332659.01399796, 5332684.55089796, 5332693.79749796, 5332695.99329796, 5332712.48929796, 5332717.85229796, 5332739.43739797, 5332787.02999797, 5332790.05309797, 5332793.15679797, 5332908.42649798, 5332911.75009799, 5332915.32519798, 
5332951.54949799, 5332960.99289799, 5333015.119498, 5333017.295498, 5333019.621298, 5333022.260998, 5333024.792998, 5333025.528098, 5333031.470698, 5333037.445498, 5333043.496598, 5333049.402598, 5333055.074298))",2.40442414041837
vablock_stadtbezirk.12,7,Sendling-Westpark,7814853.08893,Sendling - Westpark,62240,80,13,"list(c(687931.60490076, 687876.36510076, 687824.09370076, 687753.91870076, 687725.30740076, 687689.79550076, 687666.00940076, 687588.96780075, 687516.96840075, 687479.86930075, 687412.73490075, 687341.21900075, 687325.78360075, 687305.85210075, 687273.57410075, 687227.55950075, 687170.64740075, 687123.73390074, 687076.41180074, 686991.83470074, 686953.87750074, 686906.16070074, 686860.47380074, 686773.41700074, 686752.94340074, 686729.05230074, 686712.32520074, 686697.59670074, 686688.18680074, 686682.01420074, 
686673.08170074, 686658.82410074, 686543.17450073, 686408.02910073, 686324.96660073, 686267.89520073, 686237.49150073, 686228.68570073, 686231.46590073, 686235.14090073, 686241.18610073, 686243.91940073, 686243.74010073, 686243.44840073, 686249.45190073, 686251.01650073, 686253.51330073, 686257.82740073, 686261.84100073, 686260.07260073, 686258.20460073, 686255.31430073, 686228.17290073, 686226.08680073, 686224.14250073, 686222.85590073, 686221.63360073, 686220.86450073, 686222.62890073, 686228.85450073, 
686237.42010073, 686242.95240073, 686262.91280073, 686287.74590073, 686318.05220073, 686348.89240073, 686390.42230073, 686425.80000073, 686448.16700073, 686484.69260073, 686571.88390073, 686598.38240073, 686610.05930073, 686641.75350074, 686644.26780074, 686677.75010074, 686680.73860074, 686689.23830074, 686701.63800074, 686721.11290074, 686727.40260074, 686733.33340074, 686739.11280074, 686744.63980074, 686758.81400074, 686769.65550074, 686770.13880074, 686769.40730074, 686768.99320074, 686766.88620074, 
686763.91440074, 686763.69370074, 686763.47270074, 686760.95420074, 686760.00990074, 686758.49640074, 686761.29820074, 686762.06040074, 686762.77050074, 686764.27200074, 686765.37200074, 686767.11420074, 686768.11020074, 686773.24290074, 686773.78700074, 686777.96800074, 686779.34630074, 686779.08650074, 686778.74690074, 686777.94400074, 686776.90300074, 686785.53550074, 686819.10770074, 686831.92780074, 686870.26980074, 686874.26680074, 686869.41950074, 686874.34510074, 686875.89680074, 686881.77880074, 
686887.50990074, 686902.40750074, 686917.94280074, 686934.43970074, 686945.94760074, 686957.71640074, 686970.64240074, 686981.45650074, 687004.77300074, 687007.27260074, 687008.99880074, 687020.33290074, 687071.40010074, 687120.80500075, 687173.27710075, 687186.60160075, 687249.54070075, 687409.92910075, 687421.78790075, 687439.89560075, 687442.04210075, 687443.25190075, 687444.26020075, 687446.40120075, 687449.84280075, 687451.44710075, 687453.44980075, 687456.90440075, 687462.33940075, 687468.46960075, 
687476.00660075, 687478.21030075, 687486.12250075, 687501.96830075, 687509.61790075, 687514.92510075, 687518.71980075, 687530.13850075, 687531.41760075, 687544.84500075, 687558.97740075, 687573.63760075, 687588.44920075, 687596.27940075, 687603.37300075, 687618.31130075, 687674.39810076, 687730.50310076, 687740.42020076, 687761.01340076, 687778.71090076, 687812.50880076, 687905.55120076, 687923.62990076, 687940.62440076, 688022.46310076, 688021.61620076, 688030.96710076, 688040.61030076, 688057.64500076, 
688076.43760076, 688084.15850076, 688084.72430076, 688093.97300076, 688111.95680076, 688120.93500077, 688131.16410077, 688151.57400077, 688168.48740077, 688178.46660077, 688178.65390077, 688192.38050077, 688194.66810077, 688203.53110077, 688214.60010077, 688226.34740077, 688236.65520077, 688245.01830077, 688263.28350077, 688273.84950077, 688281.57650077, 688285.44860077, 688299.82020077, 688301.49620077, 688370.77080077, 688391.88680077, 688398.57210077, 688405.80550077, 688413.44730077, 688413.64560077, 
688416.32270077, 688417.70700077, 688433.89890077, 688437.85500077, 688449.72640077, 688468.23180077, 688472.11780077, 688484.33940077, 688497.12780077, 688522.48800077, 688544.83780077, 688550.44900077, 688552.26000077, 688564.59220077, 688573.48680077, 688583.78070077, 688586.23900077, 688600.26570077, 688602.89010077, 688602.00200077, 688611.20230078, 688609.71280077, 688600.71250077, 688599.28760077, 688603.82650077, 688611.60230077, 688607.66910078, 688641.52410078, 688730.39860078, 688752.37740078, 
688755.04200078, 688763.46780078, 688763.32850078, 688763.28180078, 688762.94950078, 688760.88960078, 688778.88670078, 688790.18540078, 688792.15050078, 688791.99270078, 688792.24280078, 688791.51990078, 688787.05230078, 688772.21930078, 688770.35370078, 688770.59160078, 688766.59510078, 688769.09220078, 688768.03250078, 688768.33150078, 688767.33510078, 688766.83070078, 688766.62200078, 688760.68190078, 688760.38010078, 688760.23140078, 688759.26220078, 688757.86270078, 688757.29400078, 688756.12290078, 
688756.15370078, 688754.66870078, 688746.15460078, 688742.10980078, 688737.84750078, 688736.58860078, 688734.48740078, 688734.72060078, 688732.94190078, 688734.09140078, 688735.60720078, 688737.28760078, 688747.13310078, 688748.02350078, 688750.55020078, 688753.29820078, 688761.16280078, 688762.53960078, 688767.36290078, 688772.90380078, 688777.11650078, 688777.92540078, 688778.67740078, 688779.44960078, 688780.34980078, 688786.05660078, 688791.12350078, 688794.95310078, 688794.93560078, 688798.62850078, 
688805.26660078, 688836.59730078, 688837.12480078, 688838.20410078, 688838.17370078, 688838.34750078, 688838.77550078, 688839.27800078, 688839.66270078, 688839.96540078, 688840.33330078, 688840.44350078, 688841.24320078, 688842.26570078, 688842.35310078, 688843.63800078, 688843.60410078, 688843.52740078, 688843.52210078, 688843.38430078, 688843.21680078, 688842.92310078, 688842.63120078, 688842.25500078, 688841.71250078, 688841.36750078, 688840.83410078, 688840.32450078, 688839.24040078, 688838.27570078, 
688837.36100078, 688836.67440078, 688835.56090078, 688834.81600078, 688833.14730078, 688831.88940078, 688825.09010078, 688824.46510078, 688824.34710078, 688823.19620078, 688821.85360078, 688820.37120078, 688818.89350078, 688817.36630078, 688815.74080078, 688814.04160078, 688812.28270078, 688810.44540078, 688806.42420078, 688805.02980078, 688803.52320078, 688802.62900078, 688800.65370078, 688796.95180078, 688794.34690078, 688791.75550078, 688787.71190078, 688784.72490078, 688780.74160078, 688776.54400078, 
688771.81890078, 688768.69640078, 688765.44570078, 688760.98810078, 688755.15790078, 688750.54550078, 688745.57430078, 688744.27040078, 688741.38480078, 688740.66900078, 688734.50690078, 688733.56050078, 688727.41870078, 688723.12010078, 688717.55030078, 688711.56760078, 688705.08580078, 688698.89250078, 688695.68640078, 688691.88970078, 688683.83870078, 688681.30730078, 688678.00010078, 688671.50790078, 688660.96000078, 688653.53060078, 688651.49100078, 688649.48730078, 688645.29260078, 688637.86170078, 
688630.58380077, 688602.49980077, 688592.30670077, 688574.72160077, 688558.85130077, 688550.27500077, 688532.78170077, 688478.77700077, 688424.55650077, 688414.07850077, 688405.24950077, 688401.39000077, 688399.72680077, 688398.06350077, 688393.21500077, 688383.77050077, 688373.81720077, 688372.47820077, 688364.84740077, 688368.47820077, 688369.67910077, 688366.40540077, 688313.59180077, 688278.22920077, 688274.20460077, 688271.05320077, 688257.52030077, 688240.12710077, 688235.19100077, 688233.20210077, 
688163.64850077, 688132.82040076, 688123.96770076, 688073.46580076, 688067.84170076, 688043.68850076, 688015.01920076, 687981.59890076, 687946.43560076, 687941.02780076, 687931.60490076, 5334552.23759819, 5334505.7593982, 5334456.7729982, 5334382.9621982, 5334352.62759821, 5334313.80919821, 5334287.20299821, 5334201.56699821, 5334120.27649822, 5334075.58489822, 5333981.73929822, 5333880.17209823, 5333858.11379823, 5333829.64859823, 5333791.83329823, 5333745.16709823, 5333693.93749824, 5333656.88459824, 
5333621.18209824, 5333562.72639825, 5333538.30689825, 5333509.28209825, 5333479.62959825, 5333424.27539826, 5333410.08069826, 5333387.58889826, 5333367.44769826, 5333344.05389826, 5333329.11319826, 5333301.26939826, 5333262.06799826, 5333264.49389826, 5333284.20179827, 5333302.94919828, 5333310.93989828, 5333313.59529829, 5333313.83799829, 5333313.90949829, 5333150.61959829, 5332863.10809829, 5332404.45129829, 5332274.79129829, 5332255.49149829, 5332215.35569829, 5331896.56249829, 5331788.76369829, 
5331756.15279829, 5331449.84249829, 5331094.22479829, 5331051.72509829, 5331029.09159829, 5331006.36539829, 5330881.91319829, 5330871.18819829, 5330858.82749829, 5330849.59389829, 5330836.56109829, 5330791.83869829, 5330766.45889829, 5330737.97239829, 5330714.50449829, 5330700.73329829, 5330666.46069829, 5330635.97419829, 5330609.79589829, 5330586.62879828, 5330557.27659828, 5330531.65069828, 5330512.01419828, 5330476.70649828, 5330378.41999827, 5330350.01979827, 5330360.86759827, 5330357.40249827, 
5330355.81939827, 5330357.69889827, 5330357.77479827, 5330357.99639827, 5330358.45249827, 5330358.64929826, 5330359.00339827, 5330358.10279827, 5330356.46589827, 5330354.11879826, 5330347.04839826, 5330352.79629826, 5330359.89039826, 5330366.30539826, 5330369.98119827, 5330379.84469826, 5330390.34369826, 5330391.12549826, 5330391.91719826, 5330400.03269826, 5330403.45739826, 5330403.52809826, 5330417.33539826, 5330423.16989826, 5330428.80269826, 5330439.28049826, 5330446.20939826, 5330457.43739826, 
5330463.44159826, 5330497.03169826, 5330500.53609826, 5330527.84329826, 5330536.88509826, 5330536.87489826, 5330546.35969826, 5330559.30919826, 5330575.80199826, 5330578.46199826, 5330587.11859826, 5330590.07059826, 5330598.86569826, 5330599.78249826, 5330649.38959826, 5330650.31919826, 5330650.61199826, 5330651.72179826, 5330652.80569826, 5330654.97159825, 5330656.93499825, 5330658.96069825, 5330660.07169825, 5330660.31749825, 5330659.86049825, 5330659.13379825, 5330657.46659825, 5330657.28349825, 
5330657.17069825, 5330654.85949825, 5330712.02459825, 5330762.10929824, 5330808.86069824, 5330819.17529824, 5330867.47859824, 5330985.91379823, 5330982.24659823, 5330954.90209823, 5330950.40239823, 5330945.54629823, 5330939.50809823, 5330926.68909823, 5330906.08219822, 5330898.54849822, 5330891.83109823, 5330886.92139823, 5330879.74779823, 5330872.97229822, 5330865.78009822, 5330863.67439822, 5330857.56739822, 5330845.38619822, 5330838.91609822, 5330833.47639822, 5330828.81949822, 5330835.95209822, 
5330836.76279822, 5330843.45349822, 5330848.47029822, 5330851.67969822, 5330854.08789822, 5330854.89739822, 5330855.63139822, 5330856.91649822, 5330861.66219821, 5330870.30949821, 5330870.52449821, 5330871.71849821, 5330870.79629821, 5330873.02649821, 5330880.3669982, 5330880.0477982, 5330879.6828982, 5330886.81339819, 5330892.68439819, 5330894.08029819, 5330895.25709819, 5330897.33289819, 5330899.63859819, 5330900.57979819, 5330900.70189819, 5330902.75289819, 5330906.75939819, 5330908.75179819, 
5330911.03259819, 5330915.56219819, 5330919.32499819, 5330921.53599819, 5330920.84269819, 5330922.91969819, 5330923.26919818, 5330924.91599818, 5330927.01919818, 5330929.61929818, 5330931.88349818, 5330933.72039818, 5330938.28429818, 5330940.69739818, 5330942.73959818, 5330943.78109818, 5330947.36309818, 5330947.75859818, 5330912.49019817, 5330916.57779817, 5330931.46089817, 5330946.13519817, 5330960.35489817, 5330960.68689817, 5330965.17099817, 5330965.35499817, 5330967.93289817, 5330968.60569817, 
5330970.60629817, 5330973.99959817, 5330974.68149817, 5330976.38879817, 5330978.27809817, 5330982.00829816, 5330985.31089816, 5330986.16999816, 5330986.42869816, 5330988.19209816, 5330989.51059816, 5330990.84449816, 5330991.18099816, 5330992.32799816, 5330992.53029816, 5331003.01119816, 5331003.73959816, 5331016.77229816, 5331017.35259816, 5331017.44729816, 5331057.28799816, 5331056.78009816, 5331081.46349816, 5331087.10829816, 5331101.92939815, 5331023.40679815, 5331013.86229815, 5330983.74799815, 
5330967.05099815, 5330961.58549815, 5330922.43159815, 5330915.96599815, 5330922.40159815, 5330926.44339815, 5330927.14639815, 5330949.59399815, 5331065.30409815, 5331095.67029815, 5331181.73039815, 5331469.14299815, 5331513.62449815, 5331538.20459815, 5331621.31039815, 5331621.42759815, 5331674.68579815, 5331683.68299815, 5331705.37169815, 5331726.93099815, 5331735.93299815, 5331735.65229815, 5331772.45979815, 5331777.05299815, 5331800.88329815, 5331828.61099815, 5331844.81119815, 5331882.24639815, 
5331886.91489815, 5331917.65639815, 5331968.02179815, 5332084.92659815, 5332125.92259815, 5332244.67849815, 5332302.19829815, 5332336.79169815, 5332374.81899815, 5332386.99659815, 5332401.58749815, 5332416.60889815, 5332504.86779815, 5332511.53769815, 5332533.71059815, 5332556.37179815, 5332632.26209815, 5332647.23839815, 5332684.27059815, 5332728.08049815, 5332768.08839815, 5332775.56629815, 5332782.45139815, 5332789.84769815, 5332798.31999815, 5332847.59139815, 5332892.18019815, 5332924.64529815, 
5332925.61539815, 5332925.36889815, 5332987.86989815, 5333273.95779814, 5333289.16169814, 5333308.94909814, 5333311.00919814, 5333318.35059814, 5333328.15319814, 5333328.10269814, 5333337.48499814, 5333356.92329814, 5333360.08479814, 5333361.02989814, 5333367.90439814, 5333376.68959814, 5333379.83569814, 5333379.73549814, 5333384.96869814, 5333389.75979814, 5333390.92059814, 5333395.47909814, 5333400.02649814, 5333406.01019814, 5333411.69369814, 5333417.48399814, 5333424.19859814, 5333428.67899814, 
5333434.39319814, 5333439.49769814, 5333448.29309814, 5333455.57169814, 5333461.83109814, 5333466.34799814, 5333473.34029814, 5333477.04419814, 5333484.16469814, 5333488.72909814, 5333522.56959814, 5333523.71589814, 5333523.66129814, 5333528.80989814, 5333534.52159814, 5333540.22809815, 5333545.56469814, 5333550.59959814, 5333556.10109814, 5333561.68979814, 5333567.25619814, 5333572.77949814, 5333584.26299814, 5333588.20209814, 5333592.45709815, 5333594.86439814, 5333600.37229815, 5333609.88639814, 
5333616.38059814, 5333622.78529815, 5333632.25629815, 5333639.02549815, 5333647.75519815, 5333656.61659815, 5333666.20779815, 5333672.37959815, 5333678.71649815, 5333687.24769815, 5333698.11679815, 5333706.25429815, 5333714.88789815, 5333717.01859815, 5333721.72919815, 5333722.89189815, 5333732.85679815, 5333734.29059815, 5333743.71719815, 5333750.26519815, 5333758.37549815, 5333766.80989815, 5333775.72539815, 5333784.10979815, 5333788.27699815, 5333793.21169815, 5333803.26349815, 5333806.31689815, 
5333810.29159815, 5333817.93559815, 5333830.01549815, 5333838.08329815, 5333840.34589815, 5333842.45969815, 5333846.87029815, 5333854.44539815, 5333861.91429815, 5333890.39249816, 5333900.99489816, 5333918.85239816, 5333930.09049816, 5333939.78969816, 5333959.58109816, 5334012.26049816, 5334064.68409817, 5334074.77919817, 5334083.28329817, 5334086.99999817, 5334085.27299817, 5334083.54609817, 5334088.25859817, 5334097.41249817, 5334107.06429817, 5334107.27229817, 5334108.44599817, 5334115.39339817, 
5334117.69219817, 5334120.85779817, 5334171.92089817, 5334206.09939817, 5334210.00299817, 5334213.06079817, 5334226.16459817, 5334238.90769818, 5334242.52839818, 5334250.69779818, 5334317.98399818, 5334347.80059818, 5334356.40089818, 5334406.14759818, 5334412.28089819, 5334435.70599819, 5334465.78949819, 5334503.23099819, 5334544.89719819, 5334540.36529819, 5334552.23759819))",2.088688946015424
vablock_stadtbezirk.13,8,Schwanthalerhöhe,2070313.17767,Schwanthalerhöhe,28684,139,3,"list(c(689091.35260078, 688991.70270078, 688880.84360078, 688862.50090078, 688818.82870078, 688784.76200078, 688758.91410078, 688721.84260078, 688679.87920078, 688630.44530077, 688630.85980077, 688632.51590077, 688611.53380077, 688603.08560077, 688569.59060077, 688569.06020077, 688570.62860077, 688546.36290077, 688525.42980077, 688523.62510077, 688521.86790077, 688520.49770077, 688518.19760077, 688516.18480077, 688514.24270077, 688506.18850077, 688505.37030077, 688505.31740077, 688490.27030077, 688485.76360077, 
688478.66660077, 688478.90730077, 688473.37310077, 688473.13280077, 688464.45970077, 688460.98690077, 688455.18920077, 688448.91220077, 688445.06220077, 688443.37460077, 688436.07320077, 688429.61420077, 688423.17130077, 688413.40220077, 688410.15920077, 688405.31990077, 688402.79540077, 688400.40080077, 688397.64040077, 688394.91150077, 688392.30130077, 688389.69320077, 688387.15550077, 688384.49850077, 688381.64820077, 688378.81640077, 688376.10250077, 688373.31940077, 688370.45640077, 688367.83370077, 
688365.20060077, 688362.53750077, 688360.00390077, 688357.28040077, 688354.65530077, 688352.12250077, 688349.32070077, 688346.76020077, 688343.96290077, 688341.25560077, 688338.52800077, 688335.75230077, 688333.02510077, 688330.13920077, 688327.31600077, 688324.50320077, 688321.63050077, 688318.99680077, 688316.36230077, 688313.74860077, 688311.11450077, 688308.45050077, 688305.86630077, 688303.17310077, 688300.50980077, 688297.92490077, 688295.27320077, 688292.67110077, 688289.92980077, 688287.18930077, 
688284.47180077, 688281.66240077, 688278.96750077, 688276.23220077, 688273.42620077, 688270.65550077, 688268.08880077, 688269.53020077, 688246.66960077, 688222.68700077, 688188.41160077, 688183.97270077, 688153.60750077, 688149.20790076, 688147.59170076, 688132.72700076, 688104.15160076, 688072.84340076, 688055.91840076, 688049.20010076, 688047.55510076, 688032.41920076, 688000.55880076, 687989.04480076, 687984.56540076, 687978.81970076, 687963.67790076, 687955.26310076, 687947.19120076, 687940.93660076, 
687941.41170076, 687942.30880076, 687935.51770076, 687932.98850076, 687931.20480076, 687931.51020076, 687933.56580076, 687936.72150076, 687943.45420076, 687946.42720076, 687951.84090076, 687961.57120076, 687960.71280076, 687959.60800076, 687953.41580076, 687949.45420076, 687948.80510076, 687943.64320076, 687926.45920076, 687921.20780076, 687925.87170076, 687931.60490076, 687941.02780076, 687946.43560076, 687981.59890076, 688015.01920076, 688043.68850076, 688067.84170076, 688073.46580076, 688123.96770076, 
688132.82040076, 688163.64850077, 688233.20210077, 688235.19100077, 688240.12710077, 688257.52030077, 688271.05320077, 688274.20460077, 688278.22920077, 688313.59180077, 688366.40540077, 688369.67910077, 688368.47820077, 688364.84740077, 688372.47820077, 688373.81720077, 688383.77050077, 688393.21500077, 688398.06350077, 688399.72680077, 688401.39000077, 688405.24950077, 688414.07850077, 688424.55650077, 688478.77700077, 688532.78170077, 688550.27500077, 688558.85130077, 688574.72160077, 688592.30670077, 
688602.49980077, 688630.58380077, 688637.86170078, 688645.29260078, 688649.48730078, 688667.82720078, 688670.11720078, 688711.78860078, 688732.85670078, 688743.23730078, 688772.78630078, 688778.10510078, 688779.73580078, 688781.98240078, 688783.54350078, 688789.78860078, 688790.07390078, 688858.07850078, 688864.89100078, 688869.82960078, 688877.70020078, 688893.93570078, 688893.71390078, 688895.20820078, 688904.43780078, 688913.33660078, 688913.70770078, 688916.03990078, 688937.61340078, 688953.86570078, 
688968.39180078, 688969.84080078, 689012.70150078, 689024.28950078, 689065.26760078, 689088.89000078, 689140.88230079, 689157.14340079, 689199.24800079, 689236.84340079, 689283.87490079, 689302.66820079, 689303.93230079, 689311.13050079, 689312.51440079, 689313.60720079, 689315.04830079, 689317.03960079, 689318.83570079, 689320.27550079, 689321.78910079, 689323.07670079, 689324.62820079, 689326.14270079, 689327.88270079, 689329.29420079, 689330.94470079, 689332.58430079, 689334.13020079, 689335.33080079, 
689336.78830079, 689338.47590079, 689340.34480079, 689342.58740079, 689343.08430079, 689344.07420079, 689343.54930079, 689344.26740079, 689348.54750079, 689352.28070079, 689355.09830079, 689357.41240079, 689359.01700079, 689368.79840079, 689369.62950079, 689369.82990079, 689372.88830079, 689373.94810079, 689376.72420079, 689385.02470079, 689386.88550079, 689389.74420079, 689398.63750079, 689401.26770079, 689405.66390079, 689461.22490079, 689480.04610079, 689465.50310079, 689461.95150079, 689461.32240079, 
689459.19730079, 689453.23120079, 689447.65100079, 689443.96420079, 689444.09520079, 689446.32980079, 689447.01530079, 689450.17000079, 689454.53510079, 689460.25610079, 689467.21890079, 689476.65230079, 689485.12700079, 689492.43270079, 689498.68570079, 689503.48540079, 689507.17180079, 689509.36780079, 689510.25960079, 689510.28560079, 689509.74880079, 689509.55890079, 689510.25800079, 689511.82240079, 689514.88450079, 689515.60930079, 689517.44220079, 689519.21990079, 689520.75700079, 689524.89890079, 
689529.68620079, 689534.11770079, 689539.75750079, 689546.48000079, 689552.66430079, 689559.70130079, 689567.33440079, 689575.71310079, 689584.62580079, 689594.35850079, 689670.4979008, 689686.7526008, 689686.3522008, 689685.1492008, 689596.66890079, 689500.75870079, 689474.79290079, 689473.15450079, 689476.26990079, 689485.08930079, 689485.41090079, 689487.59300079, 689487.27560079, 689489.22980079, 689498.49160079, 689509.48750079, 689514.80120079, 689529.96350079, 689534.58340079, 689551.48040079, 
689551.63190079, 689553.35760079, 689554.59470079, 689555.55100079, 689556.20420079, 689556.68540079, 689559.35890079, 689561.48600079, 689561.90450079, 689562.65400079, 689561.82090079, 689571.53800079, 689571.75020079, 689572.37690079, 689419.20180079, 689415.17930079, 689411.71560079, 689408.36120079, 689405.07260079, 689293.45000079, 689224.30190079, 689108.98030078, 689091.35260078, 5335270.95959812, 5335278.01589813, 5335287.38629814, 5335288.93149814, 5335289.39679814, 5335290.19899814, 5335290.49409814, 
5335290.60879814, 5335289.52459815, 5335286.70719815, 5335279.47919815, 5335253.75709815, 5335252.20879815, 5335260.61379815, 5335258.40589816, 5335267.11219816, 5335281.27229815, 5335279.56819816, 5335278.78709816, 5335252.63889816, 5335227.66419816, 5335208.76779816, 5335175.37269816, 5335146.95389816, 5335120.50649816, 5335124.72899816, 5335125.17719816, 5335124.99499816, 5335132.82269816, 5335135.24919816, 5335138.69569816, 5335139.19549816, 5335141.57199816, 5335141.06219816, 5335144.53289816, 
5335145.80709816, 5335147.68049816, 5335149.52639816, 5335150.46729816, 5335150.88189816, 5335152.29879816, 5335153.41819816, 5335154.37819816, 5335155.42859816, 5335155.69259816, 5335156.08439816, 5335156.14619817, 5335156.21299817, 5335156.16539817, 5335156.07909817, 5335156.02739816, 5335155.92569817, 5335155.82669817, 5335155.71309817, 5335155.42179817, 5335155.17129817, 5335154.97539817, 5335154.75679817, 5335154.53509817, 5335154.30269817, 5335154.06989817, 5335153.83599817, 5335153.61709817, 
5335153.39079817, 5335153.20839817, 5335152.96959817, 5335152.70019817, 5335152.41019817, 5335152.04089817, 5335151.67509817, 5335151.31849817, 5335150.90999817, 5335150.54339817, 5335150.14059817, 5335149.67019817, 5335149.17019817, 5335148.66779817, 5335148.19479817, 5335147.74179817, 5335147.26949817, 5335146.80649817, 5335146.34229817, 5335145.88109817, 5335145.39529817, 5335144.91079817, 5335144.46939817, 5335143.94529817, 5335143.43319817, 5335142.89579817, 5335142.33829817, 5335141.71219817, 
5335141.13259817, 5335140.43739817, 5335139.75049817, 5335139.08089817, 5335138.27249817, 5335137.62199817, 5335117.90149817, 5335118.58099817, 5335110.92979817, 5335099.99419818, 5335097.59909818, 5335081.20649818, 5335078.83509818, 5335078.46249818, 5335074.98169818, 5335062.25809818, 5335042.45839818, 5335028.44959819, 5335020.37389819, 5335020.48059819, 5335000.99679819, 5335003.56229819, 5334985.41899819, 5334985.85549819, 5334970.27869819, 5334936.31909819, 5334913.35139819, 5334889.92639819, 
5334866.62239819, 5334866.50089819, 5334866.33569819, 5334829.14929819, 5334805.42359819, 5334782.87169819, 5334736.83269819, 5334715.11449819, 5334690.90909819, 5334657.65349819, 5334645.78949819, 5334628.28599819, 5334599.47129819, 5334599.14749819, 5334598.72409819, 5334593.47799819, 5334590.12059819, 5334589.57479819, 5334584.41889819, 5334567.26359819, 5334563.01649819, 5334559.45669819, 5334552.23759819, 5334540.36529819, 5334544.89719819, 5334503.23099819, 5334465.78949819, 5334435.70599819, 
5334412.28089819, 5334406.14759818, 5334356.40089818, 5334347.80059818, 5334317.98399818, 5334250.69779818, 5334242.52839818, 5334238.90769818, 5334226.16459817, 5334213.06079817, 5334210.00299817, 5334206.09939817, 5334171.92089817, 5334120.85779817, 5334117.69219817, 5334115.39339817, 5334108.44599817, 5334107.27229817, 5334107.06429817, 5334097.41249817, 5334088.25859817, 5334083.54609817, 5334085.27299817, 5334086.99999817, 5334083.28329817, 5334074.77919817, 5334064.68409817, 5334012.26049816, 
5333959.58109816, 5333939.78969816, 5333930.09049816, 5333918.85239816, 5333900.99489816, 5333890.39249816, 5333861.91429815, 5333854.44539815, 5333846.87029815, 5333842.45969815, 5333845.89609815, 5333844.41389815, 5333817.51179815, 5333802.80869815, 5333793.44449815, 5333787.48969815, 5333788.36699814, 5333788.63059814, 5333789.00819815, 5333789.25909815, 5333790.29409814, 5333790.16519814, 5333758.47899814, 5333755.44129814, 5333753.24139814, 5333749.75429814, 5333742.71029814, 5333730.18219814, 
5333729.60049814, 5333725.95369814, 5333722.43579814, 5333723.18079814, 5333727.77539814, 5333717.74519814, 5333710.23039814, 5333703.53949813, 5333702.83539814, 5333682.00179813, 5333676.37039813, 5333654.31149813, 5333640.80519813, 5333607.31479813, 5333596.25129812, 5333567.88339812, 5333541.92519812, 5333509.46869812, 5333496.87819812, 5333496.03649812, 5333491.22059811, 5333490.29449811, 5333484.34179811, 5333476.76889811, 5333479.25719811, 5333481.53569811, 5333483.42879811, 5333485.47199812, 
5333487.25009811, 5333489.39839812, 5333491.53369811, 5333494.03369811, 5333496.11389811, 5333498.62389811, 5333501.19599812, 5333503.67379811, 5333505.62439811, 5333508.00869811, 5333510.91569811, 5333514.30999811, 5333518.63929811, 5333518.50749811, 5333520.31989811, 5333520.65769811, 5333522.25639811, 5333531.55739811, 5333541.02989811, 5333550.66849811, 5333560.64799811, 5333568.52729811, 5333616.59399811, 5333620.68999811, 5333621.70869811, 5333641.59469811, 5333651.11389811, 5333676.41909811, 
5333753.32029811, 5333765.17259811, 5333776.81339811, 5333805.44289811, 5333814.41249811, 5333825.88279811, 5333923.3482981, 5333940.06359811, 5333974.6120981, 5333989.25039811, 5333992.80999811, 5334000.82009811, 5334019.95299811, 5334039.02029811, 5334058.93639811, 5334068.6698981, 5334083.6810981, 5334086.09209811, 5334098.0363981, 5334109.1974981, 5334119.7202981, 5334129.4974981, 5334141.1336981, 5334153.4929981, 5334166.5736981, 5334180.2238981, 5334194.4517981, 5334209.0060981, 5334223.7822981, 
5334234.0154981, 5334247.7181981, 5334267.7226981, 5334287.7296981, 5334307.6489981, 5334327.5954981, 5334357.4397981, 5334363.7531981, 5334377.3257981, 5334387.9086981, 5334397.0609981, 5334416.6280981, 5334436.0600981, 5334450.3862981, 5334464.2697981, 5334477.6850981, 5334487.9748981, 5334497.6957981, 5334506.9392981, 5334515.5429981, 5334523.5451981, 5334530.5493981, 5334623.31749809, 5334686.89999809, 5334747.33649809, 5334877.82709809, 5334892.7952981, 5334911.4834981, 5334916.9121981, 5334930.8204981, 
5334932.5026981, 5334948.0077981, 5334947.9702981, 5334951.7880981, 5334951.9759981, 5334955.2244981, 5334969.7257981, 5334983.6837981, 5334990.3453981, 5335009.1586981, 5335014.9033981, 5335035.7955981, 5335035.7614981, 5335038.7008981, 5335041.6012981, 5335044.5208981, 5335047.5187981, 5335050.8201981, 5335086.1382981, 5335088.1780981, 5335088.5797981, 5335095.3020981, 5335095.4626981, 5335221.7005981, 5335224.5435981, 5335232.75719809, 5335245.61349811, 5335245.81249811, 5335246.06129811, 5335246.33049811, 
5335246.71229811, 5335255.37089811, 5335260.75109812, 5335269.60279813, 5335270.95959812))",1.045879235810905
vablock_stadtbezirk.14,3,Maxvorstadt,4298192.33209,Maxvorstadt,52434,122,8,"list(c(690674.87720082, 690657.28180082, 690552.93660081, 690533.46800081, 690430.99550081, 690422.63240081, 690413.28760081, 690378.26860081, 690084.9257008, 689942.5422008, 689929.3936008, 689916.5708008, 689613.47160079, 689575.84910079, 689573.21150079, 689569.94480079, 689523.43530079, 689510.23440079, 689419.17520079, 689339.21620079, 689335.28140079, 689328.06690079, 689175.49960079, 689146.91730078, 689120.79100078, 689098.19200078, 689050.43910078, 689040.30810078, 689032.58130078, 688960.65870078, 
688952.97210078, 688918.49920078, 688910.33280078, 688886.21000078, 688883.02680078, 688867.52040078, 688862.50090078, 688880.84360078, 688991.70270078, 689091.35260078, 689108.98030078, 689224.30190079, 689293.45000079, 689405.07260079, 689408.36120079, 689411.71560079, 689415.17930079, 689419.20180079, 689572.37690079, 689572.71070079, 689573.47270079, 689574.26980079, 689576.0562008, 689578.89920079, 689579.32530079, 689577.03890079, 689581.39080079, 689578.10020079, 689575.22200079, 689566.45650079, 
689570.38540079, 689722.8406008, 690118.14490081, 690147.33720081, 690198.14740081, 690490.95630081, 690520.23460081, 690543.77640081, 690862.95910082, 690917.90040082, 690946.45830082, 690951.26620082, 691034.13320082, 691129.39430083, 691380.03020083, 691452.83380083, 691587.94360084, 691718.41240084, 691728.57830084, 691739.51300084, 691753.96960084, 691791.03700084, 692056.81780085, 692172.72810085, 692179.80860085, 692184.72160085, 692186.66910085, 692187.11950085, 692191.40390085, 692191.59940085, 
692192.87340085, 692193.42260085, 692193.63280085, 692193.56730085, 692193.19490085, 692191.23970085, 692187.90760085, 692187.77780085, 692199.42890085, 692199.46050085, 692204.50750085, 692205.55510085, 692208.49890085, 692212.16840085, 692221.69160085, 692221.31550085, 692221.25140085, 692221.35640085, 692221.44800085, 692221.57030085, 692222.14160085, 692222.65160085, 692222.68010085, 692223.55840085, 692224.75230085, 692226.30200085, 692226.72420085, 692227.73910085, 692228.35130085, 692229.35110085, 
692230.12550085, 692231.12080085, 692232.48300085, 692233.85750085, 692236.21590085, 692236.00870085, 692236.16130085, 692236.81910085, 692240.66810085, 692240.99580085, 692249.88410085, 692252.82820085, 692260.41550085, 692268.81080085, 692273.62230085, 692275.39130085, 692278.64180085, 692280.65170085, 692282.28880085, 692283.57720085, 692284.10320085, 692283.75710085, 692282.87330085, 692281.91480085, 692280.94640085, 692280.52910085, 692279.04030085, 692277.23930085, 692274.47970085, 692271.97350085, 
692268.21680085, 692266.72190085, 692254.20100085, 692253.74670085, 692251.25950085, 692252.60740085, 692253.74550085, 692256.68860085, 692259.58800085, 692264.11570085, 692268.51590085, 692289.97120085, 692315.02110085, 692320.85160085, 692324.77020085, 692329.22510085, 692330.63790085, 692332.21610085, 692336.09780085, 692340.09480085, 692341.76220085, 692346.93920085, 692352.54440085, 692402.38570085, 692403.41500085, 692403.21550085, 692404.48640085, 692406.98190085, 692417.62890085, 692454.14150086, 
692458.04040086, 692472.94930086, 692481.13680086, 692489.39020086, 692488.73010086, 692473.84970086, 692466.85150086, 692459.31810086, 692452.44820086, 692451.08260086, 692326.99210085, 692307.97900085, 692286.92550085, 692275.83360085, 692265.94020085, 692265.85000085, 692243.29730085, 692243.16820085, 692225.72390085, 692215.55430085, 692145.31440085, 692066.30080085, 692055.73300085, 692047.97460085, 692041.44910085, 692035.70540085, 692030.57660085, 692025.66090085, 692020.34030085, 692011.72230085, 
692012.61780085, 692014.70750085, 692033.81050085, 692038.45600085, 692044.92950085, 692057.03870085, 692064.16030085, 692064.33850085, 692072.08910085, 692072.80060085, 692074.80730085, 691939.92500084, 691820.34970084, 691788.32780084, 691636.18680084, 691598.17650084, 691580.27030084, 691537.01540084, 691526.17200084, 691511.01580083, 691186.50320083, 691176.99390083, 691167.75790083, 691131.37740083, 691030.02720082, 691017.34410082, 690981.59510082, 690826.58590082, 690805.41590082, 690674.87720082, 
5336921.71459803, 5336923.30559803, 5336943.89479803, 5336948.53929804, 5336975.45729804, 5336979.08169804, 5336983.82349804, 5336990.40079804, 5336735.53299806, 5336610.90049807, 5336601.18909807, 5336591.72499807, 5336326.59689809, 5336238.36199809, 5336233.4690981, 5336227.8286981, 5336115.7545981, 5336064.7353981, 5336088.4934981, 5335976.45549811, 5335969.72889811, 5335958.00359811, 5335748.28759812, 5335708.66809812, 5335683.52309812, 5335652.47809812, 5335574.82659813, 5335556.30049813, 5335542.06659813, 
5335427.02659813, 5335414.56789814, 5335360.60579813, 5335359.60079814, 5335357.59919814, 5335348.38059814, 5335303.46679814, 5335288.93149814, 5335287.38629814, 5335278.01589813, 5335270.95959812, 5335269.60279813, 5335260.75109812, 5335255.37089811, 5335246.71229811, 5335246.33049811, 5335246.06129811, 5335245.81249811, 5335245.61349811, 5335232.75719809, 5335237.2431981, 5335237.1834981, 5335247.7922981, 5335271.7283981, 5335309.6211981, 5335315.35259809, 5335318.0362981, 5335373.93199809, 5335378.4668981, 
5335382.4373981, 5335391.8217981, 5335405.3523981, 5335359.37019809, 5335251.44759806, 5335248.81089806, 5335244.57199806, 5335161.02909804, 5335149.85209804, 5335141.60929804, 5335005.00899802, 5335073.36359801, 5335090.21209801, 5335093.04899801, 5335141.93939801, 5335244.563398, 5335374.45109798, 5335443.26059798, 5335406.10819797, 5335370.02989796, 5335367.28349796, 5335364.34079796, 5335416.95979796, 5335550.68069796, 5335475.81319794, 5335442.65029793, 5335474.74359793, 5335497.05209793, 5335505.86529793, 
5335507.91449793, 5335527.35449793, 5335528.24279793, 5335534.05669793, 5335537.43059793, 5335540.49109793, 5335543.62489793, 5335546.05839793, 5335551.44649793, 5335556.10979793, 5335557.63609793, 5335555.32129793, 5335555.79299793, 5335554.44879793, 5335558.28569793, 5335569.47109793, 5335583.27819793, 5335580.85609793, 5335584.84369793, 5335587.25259793, 5335591.98919793, 5335594.25399793, 5335597.27039793, 5335607.47899793, 5335616.70719793, 5335617.25879793, 5335630.13469793, 5335643.64299793, 
5335658.79549793, 5335662.33459793, 5335670.94019793, 5335675.50719793, 5335682.96139793, 5335684.40259793, 5335685.57229793, 5335686.31609793, 5335686.48989793, 5335696.83059793, 5335699.82499793, 5335701.81209793, 5335705.98039793, 5335728.88409793, 5335730.48799793, 5335765.17079793, 5335776.18389793, 5335804.94079793, 5335836.80349793, 5335855.83919792, 5335863.59519793, 5335886.97359792, 5335900.60299793, 5335919.67069792, 5335940.23569792, 5335960.88339792, 5335990.76629792, 5336015.39349792, 
5336027.92689792, 5336040.45999792, 5336046.78809792, 5336059.53889792, 5336076.95209792, 5336094.32019792, 5336106.99299792, 5336122.98649792, 5336127.70069793, 5336175.56819792, 5336177.97219793, 5336189.36169793, 5336191.23089793, 5336192.71759793, 5336196.43939793, 5336199.97569793, 5336205.47969793, 5336210.90709793, 5336207.40879792, 5336203.27099792, 5336202.89929792, 5336203.29339792, 5336204.52879792, 5336204.99439792, 5336205.83679792, 5336208.69059792, 5336213.21959792, 5336215.12569792, 
5336222.55169792, 5336232.60809792, 5336361.27689792, 5336360.80669792, 5336370.01699792, 5336377.45039792, 5336384.56759792, 5336401.10959792, 5336450.29459791, 5336455.76239791, 5336479.74209791, 5336501.05769791, 5336528.89579791, 5336530.16099791, 5336558.54289791, 5336567.61649791, 5336571.17419791, 5336574.40009791, 5336575.03779791, 5336483.23519792, 5336465.80909792, 5336436.39359792, 5336393.78389792, 5336395.74449792, 5336395.76249792, 5336400.24799792, 5336399.45229793, 5336403.06319793, 
5336405.97199793, 5336419.38469793, 5336440.44649794, 5336443.16229794, 5336434.28259794, 5336431.13689794, 5336430.57329794, 5336432.20539794, 5336437.35149794, 5336452.60069794, 5336455.07439794, 5336463.41889794, 5336470.93729794, 5336539.88869794, 5336556.64619794, 5336554.88879794, 5336597.27189794, 5336623.73359794, 5336624.30089794, 5336649.67959794, 5336652.21949794, 5336659.36549794, 5336692.67039795, 5336710.01169795, 5336714.15619796, 5336734.01169797, 5336739.38519797, 5336740.59509797, 
5336749.99269797, 5336753.37029797, 5336758.18789797, 5336884.86079799, 5336888.64599799, 5336892.336398, 5336899.935498, 5336907.538998, 5336909.278298, 5336914.41699801, 5336912.51269802, 5336910.01989802, 5336921.71459803))",1.5257275813403517
vablock_stadtbezirk.15,6,Sendling,3938931.87105,Sendling,41002,104,15,"list(c(688743.23730078, 688732.85670078, 688711.78860078, 688670.11720078, 688667.82720078, 688649.48730078, 688651.49100078, 688653.53060078, 688660.96000078, 688671.50790078, 688678.00010078, 688681.30730078, 688683.83870078, 688691.88970078, 688695.68640078, 688698.89250078, 688705.08580078, 688711.56760078, 688717.55030078, 688723.12010078, 688727.41870078, 688733.56050078, 688734.50690078, 688740.66900078, 688741.38480078, 688744.27040078, 688745.57430078, 688750.54550078, 688755.15790078, 688760.98810078, 
688765.44570078, 688768.69640078, 688771.81890078, 688776.54400078, 688780.74160078, 688784.72490078, 688787.71190078, 688791.75550078, 688794.34690078, 688796.95180078, 688800.65370078, 688802.62900078, 688803.52320078, 688805.02980078, 688806.42420078, 688810.44540078, 688812.28270078, 688814.04160078, 688815.74080078, 688817.36630078, 688818.89350078, 688820.37120078, 688821.85360078, 688823.19620078, 688824.34710078, 688824.46510078, 688825.09010078, 688831.88940078, 688833.14730078, 688834.81600078, 
688835.56090078, 688836.67440078, 688837.36100078, 688838.27570078, 688839.24040078, 688840.32450078, 688840.83410078, 688841.36750078, 688841.71250078, 688842.25500078, 688842.63120078, 688842.92310078, 688843.21680078, 688843.38430078, 688843.52210078, 688843.52740078, 688843.60410078, 688843.63800078, 688842.35310078, 688842.26570078, 688841.24320078, 688840.44350078, 688840.33330078, 688839.96540078, 688839.66270078, 688839.27800078, 688838.77550078, 688838.34750078, 688838.17370078, 688838.20410078, 
688837.12480078, 688836.59730078, 688805.26660078, 688798.62850078, 688794.93560078, 688794.95310078, 688791.12350078, 688786.05660078, 688780.34980078, 688779.44960078, 688778.67740078, 688777.92540078, 688777.11650078, 688772.90380078, 688767.36290078, 688762.53960078, 688761.16280078, 688753.29820078, 688750.55020078, 688748.02350078, 688747.13310078, 688737.28760078, 688735.60720078, 688734.09140078, 688732.94190078, 688734.72060078, 688734.48740078, 688736.58860078, 688737.84750078, 688742.10980078, 
688746.15460078, 688754.66870078, 688756.15370078, 688756.12290078, 688757.29400078, 688757.86270078, 688759.26220078, 688760.23140078, 688760.38010078, 688760.68190078, 688766.62200078, 688766.83070078, 688767.33510078, 688768.33150078, 688768.03250078, 688769.09220078, 688766.59510078, 688770.59160078, 688770.35370078, 688772.21930078, 688787.05230078, 688791.51990078, 688792.24280078, 688791.99270078, 688792.15050078, 688798.27850078, 688799.36170078, 688804.34700078, 688808.06120078, 688811.86830078, 
688818.91620078, 688819.05490078, 688818.51390078, 688818.29010078, 688817.68230078, 688930.74950078, 689026.54850078, 689114.90500079, 689129.19340079, 689129.77120079, 689133.40710079, 689136.31930079, 689138.94810079, 689140.91130079, 689151.35990079, 689151.93230079, 689152.59370079, 689152.15280079, 689155.36180079, 689158.68860079, 689170.93280079, 689174.79930079, 689176.80290079, 689177.50740079, 689178.61800079, 689179.11690079, 689179.58950079, 689180.17230079, 689182.05150079, 689188.50700079, 
689187.89560079, 689182.12280079, 689182.85500079, 689189.41260079, 689211.52190079, 689259.27270079, 689278.72860079, 689293.15070079, 689318.52140079, 689336.20810079, 689356.46360079, 689386.50810079, 689444.27530079, 689489.43780079, 689544.4312008, 689562.24730079, 689596.9207008, 689648.9940008, 689677.9674008, 689739.0305008, 689746.7440008, 689768.8701008, 689864.8267008, 689863.9443008, 689861.9595008, 689861.3726008, 689848.0508008, 689874.6461008, 689882.3530008, 689895.4375008, 689902.2717008, 
689909.3673008, 689913.7206008, 689918.6318008, 689922.6218008, 689924.1556008, 689927.4499008, 689930.5371008, 689933.5187008, 689936.6257008, 689938.8894008, 689940.9198008, 689937.5289008, 689937.7885008, 689942.1535008, 689938.1759008, 689938.6537008, 689942.0391008, 689942.0827008, 689942.6911008, 689942.6899008, 689942.6877008, 689944.2243008, 689958.3703008, 689958.3600008, 689962.9825008, 689963.0302008, 689968.4955008, 689968.5093008, 689972.9347008, 689972.8912008, 689987.2627008, 689988.5596008, 
689988.4938008, 689989.0044008, 689988.9990008, 689988.4373008, 689988.4082008, 689989.0188008, 689988.9345008, 689988.4547008, 689988.3538008, 689988.9655008, 689988.9662008, 689988.7159008, 689988.4603008, 689988.2985008, 689988.2590008, 689988.3175008, 689988.4445008, 689988.6291008, 689988.8409008, 689989.0593008, 689988.9885008, 689994.7924008, 690004.7053008, 690004.2832008, 690003.4221008, 689995.9185008, 690013.8404008, 690045.7000008, 690049.9952008, 690050.6394008, 690050.8386008, 690076.20820081, 
690093.36980081, 690098.34720081, 690116.84900081, 690121.85700081, 690118.66080081, 690099.34700081, 690102.87410081, 690125.22050081, 690140.22040081, 690148.32720081, 690150.52900081, 690143.42110081, 690194.67860081, 690202.63660081, 690208.46810081, 690246.82040081, 690285.64030081, 690347.33760081, 690358.19630081, 690365.39980081, 690382.91610081, 690384.48410081, 690511.47080081, 690524.34960081, 690534.27170082, 690541.77290082, 690555.42930082, 690568.29100082, 690581.32470082, 690593.40320082, 
690597.04150082, 690602.46690082, 690621.41160082, 690632.28550082, 690635.99450082, 690643.90830082, 690647.92330082, 690651.58350082, 690655.05630082, 690657.74810082, 690660.25700082, 690671.25050082, 690672.72940082, 690673.87150082, 690675.08990082, 690675.57390082, 690676.01900082, 690675.95920082, 690675.52200082, 690674.85240082, 690672.49560082, 690671.20030082, 690666.90130082, 690664.11840082, 690661.31010082, 690649.11740082, 690644.79220082, 690629.38830082, 690627.98130082, 690627.04810082, 
690625.19760082, 690622.21470082, 690620.74580082, 690617.91120082, 690617.76350082, 690615.23910082, 690613.95560082, 690612.82050082, 690610.94390082, 690608.68970082, 690607.40780082, 690607.03060082, 690603.63790082, 690603.43920082, 690603.17970082, 690602.28660082, 690598.31870082, 690595.84190082, 690595.30490082, 690594.99240082, 690595.32350082, 690595.71740082, 690596.10440082, 690596.62210082, 690597.26090082, 690598.03090082, 690598.92270082, 690600.04380082, 690604.54820082, 690608.96240082, 
690611.23990082, 690616.54980082, 690621.37120082, 690625.13160082, 690692.31200082, 690694.41580082, 690694.26970082, 690704.80870082, 690702.12850082, 690707.92890082, 690709.33920082, 690709.04930082, 690708.85650082, 690708.77210082, 690708.80760082, 690708.96430082, 690709.43310082, 690669.69020082, 690668.88840082, 690668.48740082, 690668.03170082, 690667.57020082, 690667.13400082, 690666.75290082, 690666.47830082, 690666.32080082, 690666.29290082, 690666.39520082, 690667.00650082, 690648.94540082, 
690647.35810082, 690627.07180082, 690626.76150082, 690626.33780082, 690625.81870082, 690625.23410082, 690624.63340082, 690624.19230082, 690623.82730082, 690623.58910082, 690623.46930082, 690623.49900082, 690624.24710082, 690620.92140082, 690593.11690082, 690584.30290082, 690584.07010082, 690583.73390082, 690583.31390082, 690582.82880082, 690582.32870082, 690581.84360082, 690576.90990082, 690572.31150082, 690510.86200081, 690512.33220081, 690512.10450081, 690491.67140081, 690491.53210081, 690489.77560081, 
690484.81340081, 690478.34360081, 690473.01980081, 690468.86220081, 690388.18800081, 690293.39150081, 690248.80520081, 690134.79360081, 690079.56810081, 690065.1435008, 689951.1112008, 689812.4754008, 689775.6977008, 689744.8172008, 689690.2928008, 689682.7305008, 689672.6434008, 689667.9112008, 689666.6177008, 689654.6502008, 689642.7275008, 689641.9967008, 689544.55920079, 689437.90810079, 689432.56630079, 689426.11630079, 689419.30770079, 689413.29920079, 689413.04060079, 689405.84390079, 689366.89990079, 
689354.58550079, 689334.24240079, 689335.09640079, 689328.05970079, 689323.27270079, 689316.26310079, 689315.04830079, 689313.60720079, 689312.51440079, 689311.13050079, 689303.93230079, 689302.66820079, 689283.87490079, 689236.84340079, 689199.24800079, 689157.14340079, 689140.88230079, 689088.89000078, 689065.26760078, 689024.28950078, 689012.70150078, 688969.84080078, 688968.39180078, 688953.86570078, 688937.61340078, 688916.03990078, 688913.70770078, 688913.33660078, 688904.43780078, 688895.20820078, 
688893.71390078, 688893.93570078, 688877.70020078, 688869.82960078, 688864.89100078, 688858.07850078, 688790.07390078, 688789.78860078, 688783.54350078, 688781.98240078, 688779.73580078, 688778.10510078, 688772.78630078, 688743.23730078, 5333793.44449815, 5333802.80869815, 5333817.51179815, 5333844.41389815, 5333845.89609815, 5333842.45969815, 5333840.34589815, 5333838.08329815, 5333830.01549815, 5333817.93559815, 5333810.29159815, 5333806.31689815, 5333803.26349815, 5333793.21169815, 5333788.27699815, 
5333784.10979815, 5333775.72539815, 5333766.80989815, 5333758.37549815, 5333750.26519815, 5333743.71719815, 5333734.29059815, 5333732.85679815, 5333722.89189815, 5333721.72919815, 5333717.01859815, 5333714.88789815, 5333706.25429815, 5333698.11679815, 5333687.24769815, 5333678.71649815, 5333672.37959815, 5333666.20779815, 5333656.61659815, 5333647.75519815, 5333639.02549815, 5333632.25629815, 5333622.78529815, 5333616.38059814, 5333609.88639814, 5333600.37229815, 5333594.86439814, 5333592.45709815, 
5333588.20209814, 5333584.26299814, 5333572.77949814, 5333567.25619814, 5333561.68979814, 5333556.10109814, 5333550.59959814, 5333545.56469814, 5333540.22809815, 5333534.52159814, 5333528.80989814, 5333523.66129814, 5333523.71589814, 5333522.56959814, 5333488.72909814, 5333484.16469814, 5333477.04419814, 5333473.34029814, 5333466.34799814, 5333461.83109814, 5333455.57169814, 5333448.29309814, 5333439.49769814, 5333434.39319814, 5333428.67899814, 5333424.19859814, 5333417.48399814, 5333411.69369814, 
5333406.01019814, 5333400.02649814, 5333395.47909814, 5333390.92059814, 5333389.75979814, 5333384.96869814, 5333379.73549814, 5333379.83569814, 5333376.68959814, 5333367.90439814, 5333361.02989814, 5333360.08479814, 5333356.92329814, 5333337.48499814, 5333328.10269814, 5333328.15319814, 5333318.35059814, 5333311.00919814, 5333308.94909814, 5333289.16169814, 5333273.95779814, 5332987.86989815, 5332925.36889815, 5332925.61539815, 5332924.64529815, 5332892.18019815, 5332847.59139815, 5332798.31999815, 
5332789.84769815, 5332782.45139815, 5332775.56629815, 5332768.08839815, 5332728.08049815, 5332684.27059815, 5332647.23839815, 5332632.26209815, 5332556.37179815, 5332533.71059815, 5332511.53769815, 5332504.86779815, 5332416.60889815, 5332401.58749815, 5332386.99659815, 5332374.81899815, 5332336.79169815, 5332302.19829815, 5332244.67849815, 5332125.92259815, 5332084.92659815, 5331968.02179815, 5331917.65639815, 5331886.91489815, 5331882.24639815, 5331844.81119815, 5331828.61099815, 5331800.88329815, 
5331777.05299815, 5331772.45979815, 5331735.65229815, 5331735.93299815, 5331726.93099815, 5331705.37169815, 5331683.68299815, 5331674.68579815, 5331621.42759815, 5331621.31039815, 5331538.20459815, 5331513.62449815, 5331469.14299815, 5331181.73039815, 5331095.67029815, 5331065.30409815, 5330949.59399815, 5330927.14639815, 5330929.33879815, 5330929.72679815, 5330931.51249815, 5330932.84229815, 5330934.20579815, 5330936.72939815, 5330936.76479815, 5330931.09919815, 5330928.86849815, 5330922.73129815, 
5330937.57999814, 5330954.09379814, 5330973.89599813, 5330976.99539813, 5330972.37139813, 5330951.07799813, 5330937.04889813, 5330926.54629813, 5330918.67969813, 5330879.63169813, 5330877.48859813, 5330874.85699813, 5330873.84909813, 5330860.83289813, 5330846.85189813, 5330797.11059813, 5330779.83749813, 5330770.03709813, 5330766.21869813, 5330760.19909813, 5330757.16039813, 5330754.28169813, 5330748.31929813, 5330748.13199813, 5330747.82669813, 5330785.35409813, 5330859.89909813, 5330872.46669813, 
5330887.73359813, 5330915.58779813, 5330973.53369812, 5330999.86099812, 5331022.95439812, 5331070.52669812, 5331101.71909812, 5331122.18039812, 5331147.82769811, 5331149.21089811, 5331140.69559811, 5331138.96879811, 5331136.3788981, 5331127.9534981, 5331110.4228981, 5331191.5663981, 5331170.17829809, 5331166.15949809, 5331155.00819809, 5331111.80239809, 5331110.33399809, 5331107.60489809, 5331106.75139809, 5331088.46389809, 5331077.06229809, 5331073.76149809, 5331068.21009808, 5331081.62799808, 5331095.12779808, 
5331104.34439808, 5331115.72409808, 5331126.32749808, 5331131.38119808, 5331141.04689808, 5331151.48599808, 5331162.09189808, 5331176.15579808, 5331186.89379808, 5331198.71359808, 5331198.93099808, 5331206.12669808, 5331256.09199808, 5331256.20629808, 5331301.56329808, 5331301.70569808, 5331302.89809808, 5331302.95189808, 5331310.44609808, 5331311.01629808, 5331314.99829808, 5331314.81939808, 5331314.56879808, 5331314.57879808, 5331316.44229808, 5331316.39589808, 5331314.49479808, 5331314.42809808, 
5331314.77669808, 5331314.73849808, 5331312.53669808, 5331309.59169808, 5331309.59139808, 5331308.70039808, 5331308.72879808, 5331307.15629808, 5331307.15989808, 5331306.23589808, 5331306.21729808, 5331304.69209808, 5331304.66569808, 5331300.78249808, 5331300.78279808, 5331300.66279808, 5331300.44639808, 5331300.17459808, 5331299.95669808, 5331299.78139808, 5331299.66849808, 5331299.62659808, 5331299.67509808, 5331296.09939808, 5331295.90379808, 5331286.32209808, 5331276.58999808, 5331270.17249808, 
5331226.76899808, 5331215.48869808, 5331195.43279808, 5331192.78859807, 5331192.80739807, 5331192.20109808, 5331176.39549807, 5331165.62259807, 5331168.83999807, 5331176.53079807, 5331176.97699807, 5331174.22959807, 5331161.70279807, 5331159.48189807, 5331145.41259807, 5331135.96779807, 5331142.65669807, 5331140.34979807, 5331133.45929807, 5331101.59889806, 5331096.65199807, 5331093.02729807, 5331069.17829806, 5331107.03199806, 5331168.73079806, 5331179.56299806, 5331186.54899806, 5331203.94859805, 
5331205.83109806, 5331332.92629805, 5331345.77809805, 5331356.17179804, 5331363.77899804, 5331379.33099804, 5331395.12719804, 5331412.67149804, 5331430.98899804, 5331435.49499804, 5331444.22349804, 5331478.27229804, 5331501.85969804, 5331510.94139804, 5331530.19719804, 5331541.41369804, 5331551.46539804, 5331561.96019804, 5331571.95259804, 5331582.27599804, 5331629.43109804, 5331638.49659804, 5331647.45899804, 5331660.35779804, 5331666.67219804, 5331683.97469804, 5331698.11269804, 5331709.14159804, 
5331717.90039803, 5331739.08549804, 5331747.65219804, 5331772.56149804, 5331784.98209804, 5331799.30329804, 5331856.29389804, 5331877.26309804, 5331949.58539804, 5331956.65659804, 5331960.56359804, 5331970.79029804, 5331985.87099804, 5331993.29609804, 5332003.86469804, 5332004.41689804, 5332013.85909804, 5332019.25219804, 5332024.02359804, 5332033.37849804, 5332049.58459804, 5332062.93619804, 5332073.64079804, 5332137.28379804, 5332143.09119804, 5332146.12379804, 5332164.06099804, 5332234.12049804, 
5332277.03129804, 5332293.85499804, 5332308.00539804, 5332349.23969804, 5332355.03839804, 5332358.96579804, 5332362.87829804, 5332366.76559804, 5332370.63849804, 5332374.48659804, 5332378.87419804, 5332392.29159804, 5332403.87389804, 5332409.36759804, 5332420.73489804, 5332429.53079804, 5332435.50189804, 5332539.45569803, 5332542.48039803, 5332542.63479803, 5332558.52999803, 5332563.08939803, 5332571.41299803, 5332573.22959803, 5332573.47849803, 5332573.80119803, 5332574.16829803, 5332574.53999803, 
5332574.88639803, 5332575.69539803, 5332602.30179803, 5332601.31019804, 5332601.07449803, 5332600.95679804, 5332600.98889803, 5332601.14199803, 5332601.41739803, 5332601.78689803, 5332602.23099803, 5332602.69009803, 5332603.14439803, 5332604.14869804, 5332616.33029804, 5332617.37989804, 5332630.80739804, 5332630.29499804, 5332629.86829804, 5332629.57799804, 5332629.42529804, 5332629.43219804, 5332629.70519804, 5332630.08129804, 5332630.54239804, 5332631.04819804, 5332631.56979804, 5332632.65989804, 
5332634.87149804, 5332653.29999804, 5332659.13339804, 5332658.68399804, 5332658.32049804, 5332658.05389804, 5332657.91479804, 5332657.90529804, 5332658.02659804, 5332659.04619804, 5332661.97699804, 5332701.47359804, 5332705.83019804, 5332705.96999804, 5332719.45219805, 5332719.23959805, 5332720.40209805, 5332723.72179805, 5332728.03189805, 5332731.58019805, 5332734.47039805, 5332787.34219805, 5332851.58429806, 5332881.41569806, 5332957.68389807, 5332993.77759807, 5333003.20739807, 5333079.52759808, 
5333176.05259809, 5333202.82469809, 5333223.83849809, 5333260.34899809, 5333247.48069809, 5333254.22339809, 5333256.99099809, 5333257.82119809, 5333265.8311981, 5333273.69209809, 5333272.9229981, 5333337.6793981, 5333409.14829811, 5333412.65349811, 5333417.11779811, 5333421.85489811, 5333426.03789811, 5333424.45649811, 5333425.04789811, 5333448.49179811, 5333448.12999811, 5333449.80199811, 5333458.97349811, 5333461.52949812, 5333462.61249812, 5333470.38399811, 5333476.76889811, 5333484.34179811, 
5333490.29449811, 5333491.22059811, 5333496.03649812, 5333496.87819812, 5333509.46869812, 5333541.92519812, 5333567.88339812, 5333596.25129812, 5333607.31479813, 5333640.80519813, 5333654.31149813, 5333676.37039813, 5333682.00179813, 5333702.83539814, 5333703.53949813, 5333710.23039814, 5333717.74519814, 5333727.77539814, 5333723.18079814, 5333722.43579814, 5333725.95369814, 5333729.60049814, 5333730.18219814, 5333742.71029814, 5333749.75429814, 5333753.24139814, 5333755.44129814, 5333758.47899814, 
5333790.16519814, 5333790.29409814, 5333789.25909815, 5333789.00819815, 5333788.63059814, 5333788.36699814, 5333787.48969815, 5333793.44449815))",3.6583581288717624
vablock_stadtbezirk.16,17,Obergiesing-Fasangarten,5720866.26585,Obergiesing - Fasangarten,54352,95,22,"list(c(693335.36100088, 693336.16890088, 693323.10460088, 693319.61300088, 693318.18260088, 693316.91530088, 693315.57460088, 693282.09900087, 693230.96950087, 693176.15380087, 693113.14530087, 693109.57980087, 693060.81170087, 693017.31600087, 693018.14780087, 692941.81680087, 692871.77580087, 692866.77300087, 692788.19300086, 692580.12310086, 692568.16280086, 692391.54040086, 692383.68800085, 692379.85090085, 692359.70720085, 692353.68580085, 692335.77900085, 692330.44820085, 692320.50290085, 692248.20080085, 
692249.22080085, 692238.99340085, 692190.78480085, 692187.85730085, 692187.03800085, 692181.23040085, 692178.71620085, 692170.61010085, 692163.67300085, 692161.95050085, 692123.34170085, 692122.58600085, 692121.86730085, 692113.86360085, 692099.40300085, 692083.36890085, 692056.70890085, 692040.07090085, 692031.04460085, 692008.47130085, 691987.70780085, 691960.77300085, 691954.55820085, 691951.31130085, 691914.26420084, 691859.75860084, 691858.14730084, 691856.98410084, 691855.91730084, 691855.30020084, 
691822.53040084, 691821.29190084, 691820.71590084, 691820.23410084, 691819.24950084, 691817.38810084, 691811.25250084, 691807.29320084, 691805.71710084, 691803.34360084, 691791.82800084, 691795.69900084, 691799.11000084, 691800.61690084, 691795.24750084, 691784.86610084, 691776.20090084, 691767.24910084, 691765.90880084, 691761.92590084, 691754.64960084, 691751.53970084, 691749.23810084, 691740.99510084, 691738.18880084, 691735.18460084, 691720.86610084, 691718.72990084, 691711.05160084, 691707.48710084, 
691704.11000084, 691701.07950084, 691698.42800084, 691693.44080084, 691691.53310084, 691686.77830084, 691684.61800084, 691680.59170084, 691676.63690084, 691672.88350084, 691671.27060084, 691669.86020084, 691668.01910084, 691667.20240084, 691664.85010084, 691657.26580084, 691653.32090084, 691645.94420084, 691642.99930084, 691640.08520084, 691636.98830084, 691634.44080084, 691632.19980084, 691628.64080084, 691625.12660084, 691621.23740084, 691617.13340084, 691612.80340084, 691610.59240084, 691608.23850084, 
691607.13720084, 691577.92550084, 691565.17450084, 691562.26550084, 691571.00580084, 691621.46940084, 691714.94600084, 691745.97310084, 691769.33270084, 691816.92180084, 691858.91600084, 691889.56010084, 691899.44190084, 691921.25390084, 691965.95930085, 692037.19890085, 692071.11450085, 692102.37210085, 692154.60280085, 692203.59350085, 692217.98080085, 692227.31970085, 692176.96370085, 692182.65620085, 692225.92200085, 692206.97330085, 692203.64880085, 692203.82410085, 692205.50190085, 692209.83320085, 
692230.69020085, 692243.91870085, 692445.32140086, 692463.76390086, 692571.85950086, 692707.07110086, 692715.12650086, 692708.43580086, 692704.90320086, 692703.19420086, 692699.14910086, 692697.46860086, 692690.14900086, 692623.79440086, 692581.88780086, 692517.21480086, 692515.98370086, 692515.42470086, 692509.71110086, 692504.95250086, 692507.91930086, 692513.91310086, 692523.88300086, 692534.21130086, 692544.42960086, 692554.24220086, 692563.04060086, 692571.32150086, 692578.95360086, 692615.37050086, 
692648.32890086, 692660.00720086, 692675.88960086, 692698.79440086, 692713.71730086, 692725.10950086, 692739.02770086, 692761.41840086, 692767.60430086, 692761.52360086, 692763.98350086, 692769.96990086, 692780.42760086, 692799.40150086, 692816.38450087, 692836.48310087, 692855.39660087, 692874.48500087, 692894.35750087, 692912.33640087, 692930.69490087, 692938.42490087, 692940.54730087, 692950.29000087, 692968.91220087, 692987.31280087, 693005.06850087, 693021.25230087, 693034.16420087, 693038.92620087, 
693041.25080087, 693048.55140087, 693065.67820087, 693072.66220087, 693094.50300087, 693109.85320087, 693147.12460087, 693162.44960087, 693213.04350087, 693206.89340087, 693198.08600087, 693212.53220087, 693205.62280087, 693223.31860087, 693226.49430087, 693236.30700087, 693242.42190087, 693250.97230087, 693254.46310088, 693276.91680088, 693291.92710088, 693320.43550088, 693354.22060088, 693389.23890088, 693426.79940088, 693448.52430088, 693461.53630088, 693472.92750088, 693478.81870088, 693481.95370088, 
693488.87650088, 693494.53040088, 693497.30310088, 693507.97060088, 693590.18870088, 693745.83390089, 693852.74860089, 693853.66240089, 693884.99690089, 693937.00880089, 693970.55310089, 694058.03030089, 694100.96380089, 694142.28070089, 694145.9752009, 694150.2672009, 694152.9225009, 694169.2617009, 694174.3524009, 694175.7704009, 694181.7019009, 694183.1110009, 694189.1921009, 694192.5475009, 694200.2543009, 694201.1029009, 694218.4408009, 694236.5790009, 694256.1485009, 694264.7623009, 694310.9493009, 
694346.3478009, 694359.5628009, 694386.0449009, 694419.8799009, 694496.0027009, 694499.4503009, 694498.7351009, 694498.2583009, 694494.1849009, 694484.7480009, 694475.4714009, 694478.5023009, 694481.1538009, 694483.1053009, 694498.8486009, 694507.5350009, 694513.5814009, 694516.4514009, 694557.3310009, 694570.1371009, 694583.46200091, 694591.82120091, 694600.17970091, 694608.79900091, 694620.83130091, 694622.41380091, 694667.82120091, 694689.81100091, 694692.92870091, 694699.61380091, 694703.27150091, 
694706.40890091, 694724.49850091, 694742.53340091, 694738.26820091, 694737.63080091, 694736.29280091, 694767.39910091, 694772.02070091, 694776.14230091, 694783.99790091, 694816.11180091, 694824.27680091, 694823.44340091, 694806.53010091, 694804.08240091, 694802.78240091, 694801.44960091, 694800.15000091, 694798.81590091, 694797.47010091, 694796.17160091, 694793.08280091, 694784.09920091, 694777.64710091, 694777.10810091, 694766.13070091, 694763.16790091, 694761.85660091, 694759.17350091, 694754.61690091, 
694748.98640091, 694742.44620091, 694739.11000091, 694750.47000091, 694735.56000091, 694734.83000091, 694733.46000091, 694712.52000091, 694710.13000091, 694694.60000091, 694692.68490091, 694692.03600091, 694688.88690091, 694679.61410091, 694679.05320091, 694649.86780091, 694592.75840091, 694552.3261009, 694528.6071009, 694478.5880009, 694478.6122009, 694459.8600009, 694412.0670009, 694384.2383009, 694315.7675009, 694301.9580009, 694300.4546009, 694290.3922009, 694249.9586009, 694244.5934009, 694238.1917009, 
694206.0374009, 694200.8857009, 694180.2837009, 694154.7345009, 694132.86040089, 694109.55150089, 694108.31790089, 694091.58350089, 694082.86790089, 694074.14220089, 694056.23100089, 694039.47560089, 694026.17900089, 694022.10200089, 694006.85680089, 693991.66200089, 693976.98710089, 693964.47630089, 693958.81200089, 693958.65510089, 693952.73660089, 693942.52600089, 693932.43230089, 693926.92160089, 693922.23830089, 693921.11240089, 693912.02080089, 693902.47960089, 693894.54510089, 693891.75100089, 
693885.57250089, 693879.39320089, 693871.91890089, 693863.14010089, 693860.80120089, 693803.48040089, 693759.59800089, 693747.97260089, 693711.97960088, 693709.00670088, 693675.88630088, 693631.89900088, 693587.87180088, 693566.98530088, 693547.24310088, 693541.96870088, 693536.58330088, 693541.24900088, 693540.70940088, 693528.95980088, 693521.85520088, 693513.43700088, 693512.49010088, 693505.91940088, 693497.08180088, 693501.48910088, 693485.49500088, 693475.59490088, 693467.02060088, 693451.15650088, 
693444.34890088, 693418.46150088, 693409.62880088, 693407.19540088, 693407.02870088, 693403.32170088, 693400.08590088, 693401.90090088, 693401.89890088, 693393.27590088, 693388.74000088, 693379.67150088, 693378.11900088, 693369.10900088, 693355.63580088, 693344.69400088, 693337.31790088, 693324.17590088, 693321.89380088, 693303.99830088, 693306.32040088, 693302.52700088, 693263.64960087, 693263.30850087, 693256.35560087, 693248.03510087, 693224.36210087, 693208.65550087, 693205.83390087, 693203.06160087, 
693197.78780087, 693191.97470087, 693183.73130087, 693178.97940087, 693176.28170087, 693174.03400087, 693173.27740087, 693172.60820087, 693171.78810087, 693169.27720087, 693167.72720087, 693167.17990087, 693165.38860087, 693165.35540087, 693165.35100087, 693161.44800087, 693157.00810087, 693156.64910087, 693156.22340087, 693156.45530087, 693155.64920087, 693156.29780087, 693159.02480087, 693162.52170087, 693163.33600087, 693168.30750087, 693174.94020087, 693177.00490087, 693179.28410087, 693183.60260087, 
693190.28300087, 693193.83610087, 693195.82010087, 693196.16410087, 693197.13540087, 693198.47310087, 693198.69400087, 693198.84290087, 693199.32670087, 693199.43340087, 693198.88510087, 693198.83910087, 693201.85020087, 693205.03180087, 693205.06330087, 693208.22430087, 693209.80150087, 693214.07190087, 693214.49740087, 693214.72750087, 693215.91170087, 693219.64000087, 693231.68080087, 693237.56890087, 693239.21210087, 693239.61960087, 693246.71150087, 693251.43640087, 693256.02570087, 693259.81860087, 
693267.22050087, 693270.17990087, 693272.93710087, 693277.84540087, 693291.84090087, 693301.64330087, 693312.67990088, 693327.78150088, 693330.98740088, 693335.36100088, 5333190.03879786, 5333190.88059786, 5333209.67949786, 5333215.03949786, 5333211.68139786, 5333210.30129786, 5333209.51889786, 5333189.27339786, 5333163.30309787, 5333137.91879787, 5333109.60109787, 5333112.48509788, 5333098.40019788, 5333085.66309788, 5333083.32349788, 5333060.43089789, 5333039.17839789, 5333037.65119789, 5333014.2029979, 
5332950.61899791, 5332947.04959791, 5332893.76889792, 5332891.34269792, 5332890.15309792, 5332883.88189793, 5332886.84819793, 5332877.89949793, 5332875.49159793, 5332872.32449793, 5332851.48019793, 5332848.17779793, 5332845.05769793, 5332830.32299794, 5332829.42789794, 5332832.71779794, 5332831.23959794, 5332830.52069794, 5332828.02969794, 5332825.90009794, 5332825.41289794, 5332813.78769794, 5332812.07709794, 5332811.93149794, 5332810.03029794, 5332806.16109794, 5332801.36169794, 5332792.95479795, 
5332787.46699795, 5332784.35269795, 5332775.59849795, 5332767.02589795, 5332755.46229795, 5332752.47269795, 5332750.76959795, 5332733.02279796, 5332707.76299796, 5332706.56139796, 5332705.33019796, 5332703.72939796, 5332702.37829796, 5332693.84829796, 5332693.52989796, 5332700.06329796, 5332705.46929796, 5332705.06069796, 5332704.29779796, 5332701.77729796, 5332700.15209796, 5332699.51029796, 5332698.52729796, 5332693.79749796, 5332684.55089796, 5332659.01399796, 5332646.30629796, 5332587.30259796, 
5332434.11809796, 5332391.72419796, 5332394.92629796, 5332394.13409797, 5332391.80889796, 5332377.39659797, 5332371.96259797, 5332367.88089797, 5332356.32409797, 5332353.10329797, 5332350.07489797, 5332333.75559797, 5332331.32099797, 5332322.10469797, 5332317.29199797, 5332312.30639797, 5332307.14409797, 5332301.75639797, 5332290.83309797, 5332288.18659797, 5332276.11279797, 5332270.41489797, 5332258.90929797, 5332247.36549797, 5332235.79149797, 5332229.91499797, 5332223.97619797, 5332214.73719797, 
5332212.08299797, 5332206.47639797, 5332189.83909797, 5332181.14859797, 5332168.29939797, 5332162.96069797, 5332157.60369797, 5332152.31889797, 5332146.79509797, 5332141.12259797, 5332130.26479798, 5332118.80859797, 5332107.45749797, 5332096.18819798, 5332084.77999798, 5332079.09909798, 5332073.49279798, 5332071.18799798, 5332022.29139798, 5331993.32879798, 5331976.16589798, 5331951.24719798, 5331947.51659798, 5331924.34309797, 5331913.24299797, 5331904.91229797, 5331877.87419796, 5331842.82889796, 
5331806.31919796, 5331790.35389796, 5331755.17089796, 5331668.71069795, 5331476.91989795, 5331404.25679795, 5331349.81389795, 5331275.92739794, 5331192.57459794, 5331163.48879794, 5331143.24849794, 5331119.58649794, 5331105.86169794, 5330999.99969794, 5330567.49439794, 5330512.97709794, 5330501.25379794, 5330494.28399794, 5330485.51159794, 5330454.77329794, 5330463.86099794, 5330601.81149793, 5330614.44689792, 5330374.02419792, 5330075.60659791, 5330058.31749791, 5330056.37079791, 5330053.72309791, 
5330052.44199791, 5330049.41089791, 5330048.36429791, 5330043.82549791, 5330002.73689791, 5329976.77189792, 5329936.68209792, 5329935.91369792, 5329935.56729792, 5329931.99729792, 5329929.03069792, 5329927.63439792, 5329924.82389792, 5329921.68819792, 5329921.18919792, 5329923.19909792, 5329926.85559792, 5329931.42129792, 5329936.96609792, 5329943.47849792, 5329971.57089791, 5329936.89019791, 5329931.15299791, 5329929.13569791, 5329932.57559791, 5329937.74179791, 5329936.36549791, 5329926.02789791, 
5329871.59419791, 5329856.7056979, 5329854.53749791, 5329849.2101979, 5329850.9740979, 5329825.4375979, 5329778.9904979, 5329737.7229979, 5329688.6356979, 5329642.0445979, 5329595.7901979, 5329547.1341979, 5329503.90899789, 5329459.15719789, 5329440.32279789, 5329435.17119789, 5329411.4298979, 5329366.31919789, 5329320.20769789, 5329273.55019789, 5329225.90039789, 5329184.50939789, 5329149.37309789, 5329118.48649789, 5329072.23049789, 5329026.06859789, 5329007.09759789, 5329004.69389788, 5329003.01099788, 
5328998.91809788, 5329006.85229788, 5329033.05009788, 5329044.74849788, 5329061.10869788, 5329067.73499788, 5329083.01869788, 5329093.78859787, 5329095.72359788, 5329078.52079788, 5329067.79069787, 5329052.80339787, 5329054.39119787, 5329064.48259787, 5329071.17949787, 5329085.38159787, 5329096.20439787, 5329102.52689786, 5329104.52199786, 5329108.91829786, 5329116.34879786, 5329130.89929786, 5329161.85609786, 5329173.87919786, 5329183.71809786, 5329189.64399786, 5329191.17339786, 5329197.10449786, 
5329226.72849785, 5329282.75419784, 5329089.41019783, 5329089.84609783, 5329033.62809783, 5329075.54949783, 5329106.28249783, 5329187.44849782, 5329236.65039781, 5329239.10479781, 5329239.31879781, 5329239.60599781, 5329239.77949781, 5329240.88699781, 5329241.22549781, 5329241.32139781, 5329241.72489781, 5329241.81589781, 5329242.20979781, 5329242.43189781, 5329242.95319781, 5329243.00629781, 5329244.17169781, 5329245.34829781, 5329247.0297978, 5329247.7859978, 5329251.8245978, 5329256.0404978, 5329257.6205978, 
5329261.57139779, 5329266.59829779, 5329280.07529779, 5329280.71969779, 5329285.19439779, 5329288.16819779, 5329313.94319779, 5329354.08789779, 5329391.09279779, 5329391.11109779, 5329391.12369779, 5329391.13849779, 5329391.22209779, 5329391.28059779, 5329391.26709779, 5329391.33949778, 5329391.59349778, 5329391.41229778, 5329391.25069778, 5329391.14419778, 5329391.04769778, 5329390.94339778, 5329390.83049778, 5329390.79189778, 5329389.77129777, 5329390.66729777, 5329390.78819777, 5329391.04729777, 
5329391.17909777, 5329391.31069777, 5329392.49339777, 5329393.25379777, 5329423.54599777, 5329428.10459777, 5329437.54989777, 5329439.66449777, 5329439.97429777, 5329440.27439777, 5329440.28929777, 5329440.42059776, 5329440.46379776, 5329444.38399776, 5329523.69709776, 5329535.12609776, 5329541.24309776, 5329547.43899777, 5329553.56609776, 5329559.81189776, 5329566.10739777, 5329572.22439777, 5329586.66839776, 5329628.76779777, 5329659.01739777, 5329661.52789776, 5329713.03639777, 5329726.90389777, 
5329733.06719777, 5329745.66039777, 5329767.02799777, 5329763.82719777, 5329760.10959777, 5329777.52999777, 5329785.68999777, 5329853.02999777, 5329857.38999777, 5329865.53999777, 5329971.49999777, 5329983.56999777, 5330073.39999777, 5330081.78479777, 5330084.61669777, 5330098.36279777, 5330098.73289777, 5330098.74109777, 5330099.10259777, 5330097.09049778, 5330098.07069778, 5330098.63819778, 5330098.52779779, 5330102.52229779, 5330102.40719779, 5330102.11579779, 5330101.93969779, 5330104.1702978, 
5330104.6219978, 5330104.6734978, 5330104.3320978, 5330103.3860978, 5330103.8528978, 5330104.4093978, 5330107.22129781, 5330107.6612978, 5330113.14129781, 5330119.93719781, 5330125.75139781, 5330131.94989781, 5330132.27219781, 5330140.99309781, 5330145.53419781, 5330150.07829781, 5330159.40959782, 5330168.11539782, 5330175.05379782, 5330178.75839782, 5330192.62279782, 5330206.44829782, 5330219.77899782, 5330231.16189782, 5330236.31589782, 5330236.48999782, 5330245.29739782, 5330260.41339782, 5330275.35379782, 
5330283.47649782, 5330290.43019783, 5330292.10789783, 5330305.57579783, 5330319.72689783, 5330331.50829783, 5330338.76589783, 5330354.81949783, 5330370.89309783, 5330390.30929783, 5330387.73509783, 5330392.49829783, 5330510.05969783, 5330599.98959783, 5330623.77769784, 5330697.27029784, 5330713.39879784, 5330781.56829784, 5330871.35099784, 5330961.14449785, 5331005.40259785, 5331030.80339785, 5331045.43509785, 5331060.37379785, 5331062.15739785, 5331063.67769785, 5331096.84869785, 5331118.68929785, 
5331144.57749785, 5331147.30259785, 5331166.20169785, 5331191.62939785, 5331193.11259785, 5331242.19219785, 5331272.61279785, 5331298.91179786, 5331347.60159786, 5331368.51959786, 5331448.01969786, 5331475.12829786, 5331482.56989786, 5331482.99379786, 5331492.66479786, 5331501.10899786, 5331506.40459786, 5331508.25609786, 5331505.34689786, 5331503.81859786, 5331530.78849786, 5331535.95249786, 5331578.41819786, 5331633.13049786, 5331666.57119786, 5331688.34949786, 5331727.61689786, 5331726.85709786, 
5331780.40609787, 5331781.16749786, 5331792.49939786, 5331909.30229787, 5331910.34959787, 5331931.28989787, 5331952.26289787, 5332011.93109787, 5332065.57179787, 5332078.14859787, 5332090.48879787, 5332116.44579787, 5332143.14229787, 5332170.81699787, 5332195.44089787, 5332211.23949787, 5332225.66469787, 5332232.19099787, 5332238.02009787, 5332245.19349787, 5332270.09439787, 5332285.99499787, 5332296.45069787, 5332325.23529787, 5332340.91989787, 5332342.90949787, 5332349.84309787, 5332356.68569787, 
5332356.65169787, 5332358.07629787, 5332363.42009787, 5332391.61389787, 5332442.00799787, 5332482.18629787, 5332513.77119787, 5332521.09959787, 5332555.99499787, 5332597.43969787, 5332610.38999787, 5332624.60029787, 5332651.46929787, 5332695.30729787, 5332721.38939787, 5332727.45239787, 5332731.43939787, 5332741.54579787, 5332751.54749787, 5332753.58789787, 5332754.90489787, 5332755.07389787, 5332756.18909787, 5332757.41869787, 5332759.62889787, 5332785.63959787, 5332813.69869787, 5332814.43059787, 
5332841.19789787, 5332854.63139787, 5332929.86769787, 5332933.33679787, 5332936.16789787, 5332950.48539787, 5332974.09209787, 5333014.64849787, 5333034.48629786, 5333040.04519787, 5333041.90259787, 5333059.22859787, 5333070.53059786, 5333079.63629786, 5333087.55899786, 5333101.20599787, 5333106.90489786, 5333112.69749786, 5333120.83639786, 5333140.58039786, 5333151.95339786, 5333168.14889786, 5333188.08349786, 5333185.42619786, 5333190.03879786))",4.047689137474242
vablock_stadtbezirk.17,5,Au-Haidhausen,4219982.79992,Au - Haidhausen,63972,152,17,"list(c(693021.98060087, 693021.08370087, 693020.11220087, 693017.16400087, 693016.22250087, 692984.24120087, 692985.24650087, 692983.28870087, 692984.48680087, 692980.77960087, 692975.99580087, 692972.70010087, 692963.68490087, 692926.86190087, 692916.46850087, 692908.61800087, 692899.07820087, 692890.18070087, 692883.51220087, 692812.62520086, 692811.19880086, 692809.79250086, 692808.37620086, 692806.95910086, 692805.54310086, 692804.13560086, 692802.68100086, 692801.24560086, 692799.82000086, 692798.42320086, 
692796.99770086, 692795.55300086, 692794.13720086, 692792.75070086, 692791.35420086, 692789.90020086, 692788.50380086, 692787.54130086, 692787.08870086, 692785.67370086, 692784.24910086, 692782.83330086, 692781.46580086, 692780.03040086, 692779.49120086, 692778.63410086, 692777.19870086, 692775.75360086, 692775.51280086, 692774.33730086, 692772.92100086, 692771.49550086, 692770.07920086, 692768.65290086, 692767.24620086, 692765.82030086, 692764.41400086, 692763.02640086, 692761.55220086, 692760.35730086, 
692759.05640086, 692758.54580086, 692757.64990086, 692756.28150086, 692754.86520086, 692753.45850086, 692752.06180086, 692750.62610086, 692749.21040086, 692747.83280086, 692746.38800086, 692744.96220086, 692743.58470086, 692742.15880086, 692740.75170086, 692739.32660086, 692737.90990086, 692736.50330086, 692735.08740086, 692733.68070086, 692732.25440086, 692731.59020086, 692730.85810086, 692729.44180086, 692727.98670086, 692726.60920086, 692725.19290086, 692723.77670086, 692722.43750086, 692721.00150086, 
692719.61430086, 692718.14920086, 692716.76180086, 692715.36480086, 692713.93870086, 692712.57050086, 692711.13340086, 692709.76480086, 692708.36650086, 692707.01630086, 692705.67530086, 692704.32470086, 692703.03170086, 692701.64300086, 692700.23480086, 692696.52490086, 692696.12630086, 692704.13080086, 692707.92080086, 692721.29210086, 692721.72420086, 692722.32470086, 692723.03910086, 692723.41420086, 692723.57610086, 692737.13950086, 692737.49860086, 692751.41060086, 692764.89760086, 692837.90740086, 
692844.40410086, 692851.97990086, 692853.20890086, 692854.38300086, 692855.49140086, 692856.51380086, 692857.46010086, 692858.30000086, 692859.03320086, 692859.65870086, 692860.15630086, 692860.54900087, 692860.79340086, 692860.88790087, 692860.83290087, 692860.61680086, 692860.24930086, 692845.75150086, 692848.66210086, 692845.77470086, 692843.82410086, 692843.67710086, 692843.19800086, 692841.15640086, 692838.65730086, 692835.13500086, 692822.84690086, 692814.33190086, 692812.14070086, 692810.11010086, 
692804.54060086, 692802.16020086, 692799.47060086, 692797.08280086, 692794.31840086, 692785.14000086, 692768.60190086, 692749.36230086, 692744.58260086, 692740.57260086, 692736.06660086, 692729.22910086, 692708.77420086, 692685.85660086, 692677.10190086, 692663.86010086, 692654.76000086, 692640.26350086, 692639.55390086, 692629.56570086, 692616.78230086, 692616.47350086, 692613.34330086, 692613.04370086, 692602.77850086, 692595.85440086, 692590.30690086, 692589.89220086, 692582.81830086, 692576.54840086, 
692576.77550086, 692576.71200086, 692576.40670086, 692576.02290086, 692569.72140086, 692569.98590086, 692569.92180086, 692569.60640086, 692569.18630086, 692562.89410086, 692563.15140086, 692563.10650086, 692562.76720086, 692562.35900086, 692556.02080086, 692556.33280086, 692556.24150086, 692555.80280086, 692555.32900086, 692553.19270086, 692553.46560086, 692553.42290086, 692553.01700086, 692552.55890086, 692550.38800086, 692550.68460086, 692550.60420086, 692550.22910086, 692549.75420086, 692547.57240086, 
692547.85650086, 692547.77550086, 692547.36240086, 692546.93820086, 692544.76560086, 692545.05630086, 692544.98120086, 692544.59450086, 692544.13130086, 692541.90310086, 692542.16330086, 692542.04720086, 692541.66390086, 692541.20750086, 692533.36080086, 692533.59410086, 692533.47560086, 692533.07450086, 692532.68430086, 692524.96900086, 692525.14700086, 692525.01460086, 692524.74140086, 692524.33000086, 692516.59970086, 692516.82520086, 692516.70000086, 692516.35810086, 692515.93250086, 692508.22540086, 
692513.21460086, 692510.32980086, 692511.19050086, 692512.59640086, 692542.19370086, 692544.93160086, 692547.83320086, 692548.66650086, 692551.20390086, 692555.25650086, 692553.15430086, 692551.87490086, 692547.73330086, 692534.84590086, 692522.80860086, 692510.27290086, 692499.30090086, 692481.85400086, 692463.92940086, 692461.63640086, 692459.56920086, 692455.78610086, 692446.97290086, 692448.98390086, 692448.36890086, 692444.70790086, 692511.89860086, 692508.24890086, 692507.58470086, 692508.27070086, 
692506.54810086, 692504.66330086, 692502.60740086, 692501.65930086, 692501.52910086, 692499.21920086, 692496.75110086, 692493.64320086, 692488.23280086, 692471.25140086, 692472.27950086, 692466.98500086, 692466.05460086, 692460.08580086, 692450.45760086, 692440.93690086, 692431.51590086, 692422.20010086, 692412.99960086, 692403.90740085, 692394.84110085, 692385.92510085, 692377.11240085, 692368.35970085, 692351.22330085, 692350.24970085, 692349.78650085, 692347.02040085, 692345.23060085, 692344.51960085, 
692289.01730085, 692286.64290085, 692284.69080085, 692280.13070085, 692275.24990085, 692270.16780085, 692264.82730085, 692259.22030085, 692253.54470085, 692247.65100085, 692241.61850085, 692235.43980085, 692229.00450085, 692222.40800085, 692215.64930085, 692208.79070085, 692201.78440085, 692194.74000085, 692187.52470085, 692180.16810085, 692172.89550085, 692165.46830085, 692158.04590085, 692150.68170085, 692143.19790085, 692135.58960085, 692066.65300085, 692061.76610085, 692049.05840085, 692045.54030085, 
692042.77840085, 692038.81410085, 692038.45710085, 692037.75080085, 692036.17490085, 692034.67400085, 692034.27670085, 692032.41950085, 692027.11320085, 692020.08860085, 692019.67190085, 692016.21070085, 692017.07090085, 692010.26750085, 692009.47400085, 691999.82290085, 691995.02040085, 691986.27740085, 691972.29590085, 691948.08470085, 691930.99510084, 691912.55920084, 691902.27220084, 691897.50260084, 691892.84010084, 691892.33420084, 691889.06670084, 691883.10180084, 691878.68060084, 691873.76200084, 
691869.35170084, 691859.53870084, 691851.43780084, 691840.88980084, 691828.91710084, 691816.95500084, 691816.87100084, 691815.52930084, 691815.04620084, 691815.61990084, 691814.81090084, 691807.32280084, 691800.04490084, 691799.29310084, 691800.12880084, 691799.47950084, 691800.07810084, 691799.76410084, 691786.26790084, 691773.27640084, 691716.89860084, 691636.07020084, 691633.77510084, 691631.41900084, 691629.12370084, 691626.81920084, 691586.21490084, 691584.23680084, 691526.94670084, 691524.69910084, 
691467.03710083, 691451.04700083, 691433.33790083, 691430.42380083, 691419.52130083, 691408.93620083, 691325.03340083, 691238.87720083, 691229.40730083, 691219.62670083, 691211.71170083, 691200.20740083, 691205.31840083, 691209.98320083, 691214.13090083, 691217.70170083, 691220.64270083, 691222.91020083, 691224.46900083, 691225.29620083, 691225.38480083, 691224.75960083, 691224.63810083, 691224.10910083, 691223.40920083, 691222.66210083, 691221.84650083, 691351.57390083, 691368.17290083, 691431.78800083, 
691438.69280083, 691445.12680083, 691649.88820084, 691658.62160084, 691666.83950084, 691750.38880084, 691778.24570084, 691783.25440084, 691790.82080084, 691791.82800084, 691803.34360084, 691805.71710084, 691807.29320084, 691811.25250084, 691817.38810084, 691819.24950084, 691820.23410084, 691820.71590084, 691821.29190084, 691822.53040084, 691855.30020084, 691855.91730084, 691856.98410084, 691858.14730084, 691859.75860084, 691914.26420084, 691951.31130085, 691954.55820085, 691960.77300085, 691987.70780085, 
692008.47130085, 692031.04460085, 692040.07090085, 692056.70890085, 692083.36890085, 692099.40300085, 692113.86360085, 692121.86730085, 692122.58600085, 692123.34170085, 692161.95050085, 692163.67300085, 692170.61010085, 692178.71620085, 692181.23040085, 692187.03800085, 692187.85730085, 692190.78480085, 692238.99340085, 692249.22080085, 692248.20080085, 692320.50290085, 692330.44820085, 692335.77900085, 692353.68580085, 692359.70720085, 692379.85090085, 692383.68800085, 692391.54040086, 692568.16280086, 
692580.12310086, 692788.19300086, 692866.77300087, 692871.77580087, 692941.81680087, 693018.14780087, 693017.31600087, 693060.81170087, 693109.57980087, 693113.14530087, 693176.15380087, 693230.96950087, 693282.09900087, 693315.57460088, 693316.91530088, 693318.18260088, 693319.61300088, 693323.10460088, 693336.16890088, 693342.44500088, 693349.85690088, 693351.06170088, 693355.58840088, 693352.80800088, 693369.34180088, 693409.64030088, 693410.47340088, 693428.99530088, 693504.09610088, 693530.21540088, 
693531.40990088, 693539.16760088, 693539.30540088, 693540.68190088, 693542.51550088, 693542.88520088, 693551.24750088, 693554.85910088, 693560.73110088, 693566.49820088, 693584.43700088, 693588.92900088, 693594.21030088, 693600.01870088, 693605.97500088, 693618.52520088, 693618.46960088, 693624.97140088, 693644.06710088, 693644.61660088, 693643.92620088, 693651.79840088, 693662.87640088, 693668.08730088, 693674.13290088, 693682.88270088, 693691.52020088, 693699.05910088, 693706.36350088, 693713.69970088, 
693719.81780088, 693728.18060088, 693762.85270089, 693832.20090089, 693903.51560089, 693911.38230089, 693956.03150089, 693967.41320089, 694014.24180089, 694066.06760089, 694083.69430089, 694107.15390089, 694115.75920089, 694127.30570089, 694135.18530089, 694143.77490089, 694150.76500089, 694219.1705009, 694262.7134009, 694267.7540009, 694269.8570009, 694272.2969009, 694294.3929009, 694315.2595009, 694316.2162009, 694319.6034009, 694322.2141009, 694322.8133009, 694326.6269009, 694342.4093009, 694334.1210009, 
694338.3374009, 694339.5256009, 694385.4182009, 694389.5195009, 694411.6806009, 694417.0346009, 694422.6302009, 694456.7267009, 694493.3715009, 694500.8732009, 694535.2652009, 694576.8222009, 694583.0716009, 694600.5359009, 694628.7734009, 694633.3168009, 694638.82560091, 694648.93500091, 694657.44660091, 694666.65480091, 694678.98310091, 694705.94100091, 694735.18490091, 694764.05900091, 694767.77290091, 694805.52310091, 694823.33880091, 694853.39280091, 694853.49650091, 694826.90470091, 694823.50160091, 
694823.32760091, 694821.78730091, 694809.41600091, 694769.83120091, 694767.44820091, 694782.15090091, 694781.20810091, 694826.54650091, 694889.28180091, 694904.10160091, 694899.63140091, 694894.85480091, 694884.97880091, 694875.15940091, 694870.82600091, 694866.83550091, 694865.57870091, 694864.38370091, 694863.19920091, 694862.19750091, 694687.86440091, 694512.2039009, 694390.1795009, 694229.4820009, 694090.63020089, 693976.89310089, 693904.50270089, 693903.75770089, 693901.70380089, 693901.91060089, 
693902.20510089, 693900.48890089, 693899.57450089, 693899.55570089, 693898.31900089, 693897.82850089, 693898.36720089, 693899.62390089, 693900.92910089, 693901.45940089, 693902.29970089, 693902.35570089, 693889.92480089, 693817.18500089, 693795.93980089, 693785.79920089, 693778.38320089, 693768.60720089, 693767.47910089, 693725.59840088, 693725.11140088, 693670.11520088, 693659.56140088, 693622.83920088, 693622.93330088, 693622.96200088, 693622.96730088, 693625.97410088, 693625.76830088, 693625.46400088, 
693625.46330088, 693625.44400088, 693625.42940088, 693625.23900088, 693625.10340088, 693627.22570088, 693628.14850088, 693623.45470088, 693612.56140088, 693616.81240088, 693619.35720088, 693621.06190088, 693622.12450088, 693624.03230088, 693625.66540088, 693626.83170088, 693628.60730088, 693634.44280088, 693638.60520088, 693643.37140088, 693530.85010088, 693508.06970088, 693429.85300088, 693420.42740088, 693409.59870088, 693327.51080088, 693324.92360088, 693323.14680088, 693321.29530088, 693319.14620087, 
693318.65950087, 693317.47320087, 693316.99650087, 693314.44260087, 693311.89970087, 693308.97910087, 693301.34680087, 693294.00830087, 693292.18790087, 693288.52640087, 693286.07930087, 693284.00910087, 693281.93990087, 693279.94570087, 693278.09140087, 693276.52280087, 693275.13550087, 693271.61450087, 693225.96000087, 693220.31370087, 693211.87540087, 693208.75590087, 693207.04790087, 693205.62100087, 693204.18340087, 693202.61610087, 693199.67240087, 693196.82930087, 693193.97050087, 693191.28640087, 
693188.81040087, 693186.59310087, 693184.56440087, 693182.71060087, 693181.25090087, 693179.93570087, 693164.31310087, 693161.19230087, 693159.38870087, 693157.13980087, 693155.73730087, 693152.40340087, 693146.94600087, 693140.84360087, 693134.28420087, 693127.44990087, 693120.45900087, 693113.48770087, 693106.68800087, 693100.25330087, 693094.34150087, 693089.13390087, 693084.65670087, 693083.74290087, 693081.20600087, 693078.84770087, 693077.51910087, 693077.43600087, 693078.49690087, 693094.69750087, 
693094.53290087, 693093.95240087, 693091.01880087, 693090.39520087, 693088.20110087, 693087.67530087, 693085.35730087, 693085.21570087, 693081.17820087, 693081.30940087, 693080.27800087, 693078.91260087, 693081.76110087, 693080.92150087, 693081.84930087, 693021.98060087, 5335306.77329788, 5335303.33629788, 5335303.60839788, 5335292.96709788, 5335293.24049788, 5335170.02009788, 5335169.64909788, 5335161.58739788, 5335159.86309788, 5335151.30279788, 5335140.25049788, 5335132.94499788, 5335115.27669788, 
5335047.76689788, 5335030.73089788, 5335019.02689788, 5335005.98279789, 5334995.20519788, 5334987.83769789, 5334917.77669789, 5334916.37029789, 5334914.96479789, 5334913.55889789, 5334912.17299789, 5334910.75699789, 5334909.38129789, 5334907.93349789, 5334906.50629789, 5334905.08949789, 5334903.70389789, 5334902.28719789, 5334900.84979789, 5334899.44369789, 5334898.05869789, 5334896.67339789, 5334895.22589789, 5334893.84079789, 5334892.87279789, 5334892.42489789, 5334891.00909789, 5334889.58299789, 
5334888.18719789, 5334886.82289789, 5334885.40589789, 5334884.86439789, 5334884.01039789, 5334882.58289789, 5334881.14479789, 5334880.90509789, 5334879.73789789, 5334878.33109789, 5334876.90389789, 5334875.49719789, 5334874.0901979, 5334872.69399789, 5334871.27709789, 5334869.8709979, 5334868.49579789, 5334867.02679789, 5334865.83889789, 5334864.54689789, 5334864.0363979, 5334863.14059789, 5334861.78579789, 5334860.3790979, 5334858.98279789, 5334857.5868979, 5334856.16939789, 5334854.7526979, 5334853.3874979, 
5334851.94969789, 5334850.5327979, 5334849.1580979, 5334847.7418979, 5334846.3565979, 5334844.9204979, 5334843.5246979, 5334842.1291979, 5334840.7131979, 5334839.3175979, 5334837.9111979, 5334837.2348979, 5334836.5057979, 5334835.0995979, 5334833.6618979, 5334832.2870979, 5334830.8806979, 5334829.4742979, 5334828.1407979, 5334826.7232979, 5334825.3376979, 5334823.8990979, 5334822.5234979, 5334821.1375979, 5334819.7304979, 5334818.3758979, 5334816.9886979, 5334815.6441979, 5334814.2885979, 5334812.9849979, 
5334811.7018979, 5334810.4083979, 5334809.1771979, 5334807.8324979, 5334806.4769979, 5334802.0397979, 5334801.4838979, 5334799.4745979, 5334798.5212979, 5334795.1577979, 5334795.5743979, 5334795.7393979, 5334795.5258979, 5334795.1200979, 5334794.5858979, 5334791.1736979, 5334791.7182979, 5334812.72819789, 5334830.0048979, 5334906.16399789, 5334908.17949789, 5334909.46589789, 5334909.00359789, 5334908.40899789, 5334907.70169789, 5334906.89089789, 5334905.97709789, 5334904.96909789, 5334903.87679789, 
5334902.72019789, 5334901.50859789, 5334900.16279789, 5334898.77119789, 5334897.37379789, 5334895.96049789, 5334894.57099789, 5334893.21569789, 5334835.09509789, 5334834.36809789, 5334820.66399789, 5334821.14789789, 5334820.56179789, 5334820.27289789, 5334820.78329789, 5334813.58129789, 5334807.97019789, 5334794.70159789, 5334784.95949789, 5334780.32949789, 5334772.85359789, 5334750.88199789, 5334743.40579789, 5334733.33629789, 5334727.84059789, 5334722.49949789, 5334706.89839789, 5334679.84279789, 
5334649.43679789, 5334642.3933979, 5334636.1707979, 5334629.5596979, 5334619.8869979, 5334594.4188979, 5334570.1394979, 5334561.6290979, 5334550.1401979, 5334542.2767979, 5334531.4041979, 5334530.8661979, 5334525.76519791, 5334524.3329979, 5334524.0406979, 5334521.16549791, 5334520.89349791, 5334518.24099791, 5334518.44199791, 5334519.26669791, 5334518.36009791, 5334521.62639791, 5334508.03189791, 5334507.63839791, 5334507.23259791, 5334506.94049791, 5334506.89039791, 5334493.23149791, 5334492.82549791, 
5334492.39259791, 5334492.10239791, 5334492.06949791, 5334478.42079791, 5334478.04649791, 5334477.60639791, 5334477.28679791, 5334477.25879791, 5334463.51049791, 5334463.09239791, 5334462.57449791, 5334462.28819791, 5334462.36369791, 5334458.02669791, 5334457.66209791, 5334457.15419791, 5334456.81109791, 5334456.83129791, 5334452.71449791, 5334452.24369791, 5334451.81539791, 5334451.50409791, 5334451.51919791, 5334447.40149791, 5334446.99689791, 5334446.48039791, 5334446.17659791, 5334446.20599791, 
5334442.09819791, 5334441.66269791, 5334441.19829791, 5334440.88389791, 5334440.90219791, 5334436.68119791, 5334436.22049791, 5334435.75709791, 5334435.48629791, 5334435.52289791, 5334422.49379791, 5334422.08159791, 5334421.59599791, 5334421.33759791, 5334421.37629791, 5334408.56509791, 5334408.14269791, 5334407.72369791, 5334407.51489791, 5334407.48949791, 5334394.67919791, 5334394.25859791, 5334393.78589791, 5334393.54539791, 5334393.56249791, 5334380.76179791, 5334377.79359791, 5334372.99739791, 
5334372.48059791, 5334372.35509791, 5334373.84799791, 5334373.98509791, 5334374.28869791, 5334374.49939791, 5334375.14109791, 5334377.21029791, 5334369.10229791, 5334364.10769791, 5334357.10099791, 5334334.45299791, 5334311.47269791, 5334289.83029791, 5334267.50129791, 5334243.16319792, 5334215.22329792, 5334212.41209792, 5334210.74059792, 5334210.45399792, 5334196.01629792, 5334195.51469792, 5334193.06839792, 5334178.72009792, 5334161.62789791, 5334147.30479791, 5334144.81659791, 5334144.67339791, 
5334139.80159791, 5334134.98349791, 5334130.20929791, 5334128.35099791, 5334128.35589791, 5334124.21309791, 5334120.01459791, 5334115.27069792, 5334108.20469791, 5334088.07619792, 5334087.11509792, 5334080.99479792, 5334081.75939792, 5334074.71209792, 5334063.09929792, 5334051.58069792, 5334039.91179792, 5334028.05609792, 5334016.25499792, 5334004.31819792, 5333992.29709792, 5333980.27059792, 5333968.12769792, 5333955.90889792, 5333931.35839792, 5333929.89829792, 5333929.20269792, 5333925.05339792, 
5333922.36839792, 5333921.36009792, 5333841.43369793, 5333838.11779793, 5333835.39059793, 5333829.42779793, 5333823.69309793, 5333818.22179793, 5333812.95069793, 5333807.87819793, 5333803.07109793, 5333798.46569793, 5333794.08509793, 5333790.05169793, 5333786.16899793, 5333782.57019793, 5333779.33329793, 5333776.35229793, 5333773.55629793, 5333771.19039793, 5333769.10779793, 5333767.31959794, 5333765.69609794, 5333764.43709794, 5333763.56839794, 5333763.01079794, 5333762.69889794, 5333762.75199794, 
5333763.76699794, 5333763.83639794, 5333764.02229794, 5333763.64549794, 5333762.86769794, 5333761.35259794, 5333762.03939795, 5333761.67159795, 5333760.75969795, 5333759.72049795, 5333759.38469795, 5333757.83099795, 5333753.39079795, 5333747.51359795, 5333747.16719795, 5333744.33079795, 5333742.80289795, 5333737.10159795, 5333738.19139795, 5333731.04599795, 5333727.65439795, 5333722.15029795, 5333714.40099795, 5333702.22779795, 5333693.60009795, 5333684.01599795, 5333678.54199795, 5333675.84449795, 
5333672.98109795, 5333672.67719795, 5333670.71259796, 5333666.91759796, 5333664.07349796, 5333660.89969796, 5333657.74509796, 5333650.91809796, 5333644.83849796, 5333636.40819796, 5333626.22369796, 5333614.51599796, 5333614.36259796, 5333613.10899796, 5333612.66979796, 5333612.07199796, 5333611.26969796, 5333604.00179796, 5333596.81709796, 5333596.07749796, 5333593.84529796, 5333591.55229796, 5333590.66509796, 5333589.64229796, 5333577.60979796, 5333566.22559796, 5333518.30389796, 5333449.90359797, 
5333447.94269797, 5333445.99929797, 5333444.02719797, 5333442.03479797, 5333407.62879798, 5333406.00049797, 5333357.63099798, 5333355.71199798, 5333307.37759798, 5333293.94399798, 5333277.78559799, 5333275.25149799, 5333265.15159799, 5333256.90369799, 5333184.29559799, 5333112.136398, 5333104.208298, 5333096.015398, 5333089.371298, 5333077.152798, 5333073.807798, 5333069.864998, 5333065.382698, 5333060.427898, 5333055.074298, 5333049.402598, 5333043.496598, 5333037.445498, 5333031.470698, 5333025.528098, 
5333024.792998, 5333022.260998, 5333019.621298, 5333017.295498, 5333015.119498, 5332960.99289799, 5332951.54949799, 5332915.32519798, 5332911.75009799, 5332908.42649798, 5332793.15679797, 5332790.05309797, 5332787.02999797, 5332739.43739797, 5332717.85229796, 5332712.48929796, 5332695.99329796, 5332693.79749796, 5332698.52729796, 5332699.51029796, 5332700.15209796, 5332701.77729796, 5332704.29779796, 5332705.06069796, 5332705.46929796, 5332700.06329796, 5332693.52989796, 5332693.84829796, 5332702.37829796, 
5332703.72939796, 5332705.33019796, 5332706.56139796, 5332707.76299796, 5332733.02279796, 5332750.76959795, 5332752.47269795, 5332755.46229795, 5332767.02589795, 5332775.59849795, 5332784.35269795, 5332787.46699795, 5332792.95479795, 5332801.36169794, 5332806.16109794, 5332810.03029794, 5332811.93149794, 5332812.07709794, 5332813.78769794, 5332825.41289794, 5332825.90009794, 5332828.02969794, 5332830.52069794, 5332831.23959794, 5332832.71779794, 5332829.42789794, 5332830.32299794, 5332845.05769793, 
5332848.17779793, 5332851.48019793, 5332872.32449793, 5332875.49159793, 5332877.89949793, 5332886.84819793, 5332883.88189793, 5332890.15309792, 5332891.34269792, 5332893.76889792, 5332947.04959791, 5332950.61899791, 5333014.2029979, 5333037.65119789, 5333039.17839789, 5333060.43089789, 5333083.32349788, 5333085.66309788, 5333098.40019788, 5333112.48509788, 5333109.60109787, 5333137.91879787, 5333163.30309787, 5333189.27339786, 5333209.51889786, 5333210.30129786, 5333211.68139786, 5333215.03949786, 
5333209.67949786, 5333190.88059786, 5333197.65559786, 5333205.65999786, 5333207.09849786, 5333211.89009786, 5333214.38219786, 5333230.51749786, 5333270.62509785, 5333271.58819785, 5333291.11209785, 5333365.82729785, 5333383.04169785, 5333384.74989785, 5333382.41039785, 5333382.72609784, 5333388.00439785, 5333395.38889784, 5333396.80609784, 5333391.47959784, 5333396.30299784, 5333404.14809784, 5333410.72689784, 5333429.58819784, 5333432.42599784, 5333435.30459784, 5333437.77339784, 5333440.30789784, 
5333444.91139784, 5333446.33049784, 5333448.21369784, 5333453.33939784, 5333454.13159784, 5333458.49729784, 5333459.83899784, 5333460.86339784, 5333460.97409784, 5333460.72669784, 5333459.92479783, 5333458.67039783, 5333456.83229783, 5333454.53569783, 5333451.68069783, 5333449.02879783, 5333457.84019783, 5333494.73259783, 5333568.14049782, 5333643.61929782, 5333651.91029782, 5333698.99019782, 5333710.98409782, 5333760.26999781, 5333814.89719781, 5333833.45989781, 5333858.1409978, 5333867.1910978, 
5333880.8989978, 5333891.7853978, 5333906.0125978, 5333917.6721978, 5334031.7771978, 5334105.16359779, 5334116.75629779, 5334121.07059779, 5334125.46799779, 5334161.80769779, 5334196.83979779, 5334198.47849779, 5334204.24639779, 5334210.42369779, 5334215.32099779, 5334212.98819779, 5334238.82279779, 5334242.99389779, 5334247.77249779, 5334249.11989779, 5334301.10979778, 5334305.76339778, 5334325.86939778, 5334330.73209778, 5334335.81399778, 5334361.64239778, 5334389.34309778, 5334394.05049778, 5334415.65339777, 
5334437.15099777, 5334440.38759777, 5334448.35769777, 5334461.26729777, 5334463.31669777, 5334465.24389777, 5334468.78279776, 5334471.20739776, 5334473.82739776, 5334477.32879776, 5334483.78099776, 5334489.60119776, 5334493.62339776, 5334493.84809775, 5334496.09619775, 5334497.20809775, 5334496.43759775, 5334503.53809775, 5334614.58079775, 5334625.89879775, 5334626.51259775, 5334631.62729775, 5334672.79029775, 5334804.60199775, 5334812.54379775, 5334815.36999775, 5334820.27679775, 5334829.02449775, 
5334841.09869774, 5334843.95129774, 5334867.86539775, 5334867.16929774, 5334865.58139775, 5334863.82489775, 5334883.71389775, 5334902.02019775, 5334919.08239775, 5334935.82989775, 5334952.31869775, 5334966.74249775, 5334962.47179776, 5334966.35999777, 5334969.05599778, 5334989.42369779, 5335015.1764978, 5335039.08869781, 5335054.26229782, 5335047.58129782, 5335030.50079782, 5335022.40429782, 5335010.50779782, 5335010.37089782, 5335009.43439782, 5335008.37279782, 5335007.82059782, 5335006.55839782, 
5335005.31629782, 5335004.81229782, 5335005.43169782, 5335006.77549782, 5335006.78819781, 5335004.31819782, 5334995.59319782, 5334939.98249782, 5334942.74759782, 5334944.02449783, 5334883.46429782, 5334884.98119783, 5334885.16739783, 5334892.01059783, 5334890.90069783, 5334911.67539783, 5334915.66689783, 5334929.82409783, 5334933.56019784, 5334934.99119784, 5334935.25259784, 5334935.10879783, 5334936.79179784, 5334949.20889783, 5334950.77019784, 5334958.15949784, 5334963.72949784, 5334966.05399784, 
5334966.70929784, 5334966.17139784, 5334969.98059784, 5334971.78919784, 5334991.08139784, 5335010.61459784, 5335024.45599784, 5335035.19189783, 5335047.41039784, 5335062.32339784, 5335073.77589783, 5335073.64129784, 5335085.80139784, 5335113.19329784, 5335129.18969783, 5335148.33699783, 5335179.48659784, 5335185.79729784, 5335206.97239785, 5335209.51269785, 5335212.43099785, 5335234.33299786, 5335224.74479786, 5335222.33409786, 5335220.29089786, 5335218.43639785, 5335218.08729786, 5335217.20079786, 
5335216.85209786, 5335215.36229786, 5335214.10309786, 5335213.02899786, 5335212.73569786, 5335212.45379786, 5335212.93319786, 5335214.41149786, 5335215.53699786, 5335216.75719786, 5335218.20769786, 5335219.79129786, 5335221.64049786, 5335223.61099786, 5335225.29829786, 5335229.59459786, 5335241.78199786, 5335243.29279786, 5335245.54519786, 5335246.20399786, 5335246.35739786, 5335246.49179786, 5335246.39539786, 5335246.29379786, 5335245.80799786, 5335245.05599786, 5335243.93309786, 5335242.43699786, 
5335240.73899786, 5335238.82099787, 5335236.69039787, 5335234.19579787, 5335231.60669787, 5335228.90319786, 5335181.75019787, 5335175.49279787, 5335172.95009787, 5335169.75939787, 5335168.23329787, 5335164.61989787, 5335160.25279787, 5335156.83129787, 5335154.36279787, 5335152.78429787, 5335152.40329787, 5335153.06469787, 5335154.71359787, 5335157.49429787, 5335161.21579787, 5335165.85669787, 5335171.25789787, 5335172.86379787, 5335177.34859787, 5335183.92229787, 5335190.77639787, 5335197.77939787, 
5335204.70769787, 5335264.77389787, 5335267.19969787, 5335268.22789787, 5335273.39779787, 5335274.50439787, 5335275.58959787, 5335273.92749787, 5335274.59749787, 5335274.12159787, 5335275.25469787, 5335275.74029787, 5335276.01019787, 5335276.37709787, 5335287.01789787, 5335287.24529787, 5335290.66459787, 5335306.77329788))",2.6574126180203836
vablock_stadtbezirk.18,16,Ramersdorf-Perlach,19897135.96974,Ramersdorf - Perlach,120776,61,16,"list(c(693542.88520088, 693542.51550088, 693540.68190088, 693539.30540088, 693539.16760088, 693531.40990088, 693530.21540088, 693504.09610088, 693428.99530088, 693410.47340088, 693409.64030088, 693369.34180088, 693352.80800088, 693355.58840088, 693351.06170088, 693349.85690088, 693342.44500088, 693336.16890088, 693335.36100088, 693330.98740088, 693327.78150088, 693312.67990088, 693301.64330087, 693291.84090087, 693277.84540087, 693272.93710087, 693270.17990087, 693267.22050087, 693259.81860087, 693256.02570087, 
693251.43640087, 693246.71150087, 693239.61960087, 693239.21210087, 693237.56890087, 693231.68080087, 693219.64000087, 693215.91170087, 693214.72750087, 693214.49740087, 693214.07190087, 693209.80150087, 693208.22430087, 693205.06330087, 693205.03180087, 693201.85020087, 693198.83910087, 693198.88510087, 693199.43340087, 693199.32670087, 693198.84290087, 693198.69400087, 693198.47310087, 693197.13540087, 693196.16410087, 693195.82010087, 693193.83610087, 693190.28300087, 693183.60260087, 693179.28410087, 
693177.00490087, 693174.94020087, 693168.30750087, 693163.33600087, 693162.52170087, 693159.02480087, 693156.29780087, 693155.64920087, 693156.45530087, 693156.22340087, 693156.64910087, 693157.00810087, 693161.44800087, 693165.35100087, 693165.35540087, 693165.38860087, 693167.17990087, 693167.72720087, 693169.27720087, 693171.78810087, 693172.60820087, 693173.27740087, 693174.03400087, 693176.28170087, 693178.97940087, 693183.73130087, 693191.97470087, 693197.78780087, 693203.06160087, 693205.83390087, 
693208.65550087, 693224.36210087, 693248.03510087, 693256.35560087, 693263.30850087, 693263.64960087, 693302.52700088, 693306.32040088, 693303.99830088, 693321.89380088, 693324.17590088, 693337.31790088, 693344.69400088, 693355.63580088, 693369.10900088, 693378.11900088, 693379.67150088, 693388.74000088, 693393.27590088, 693401.89890088, 693401.90090088, 693400.08590088, 693403.32170088, 693407.02870088, 693407.19540088, 693409.62880088, 693418.46150088, 693444.34890088, 693451.15650088, 693467.02060088, 
693475.59490088, 693485.49500088, 693501.48910088, 693497.08180088, 693505.91940088, 693512.49010088, 693513.43700088, 693521.85520088, 693528.95980088, 693540.70940088, 693541.24900088, 693536.58330088, 693541.96870088, 693547.24310088, 693566.98530088, 693587.87180088, 693631.89900088, 693675.88630088, 693709.00670088, 693711.97960088, 693747.97260089, 693759.59800089, 693803.48040089, 693860.80120089, 693863.14010089, 693871.91890089, 693879.39320089, 693885.57250089, 693891.75100089, 693894.54510089, 
693902.47960089, 693912.02080089, 693921.11240089, 693922.23830089, 693926.92160089, 693932.43230089, 693942.52600089, 693952.73660089, 693958.65510089, 693958.81200089, 693964.47630089, 693976.98710089, 693991.66200089, 694006.85680089, 694022.10200089, 694026.17900089, 694039.47560089, 694056.23100089, 694074.14220089, 694082.86790089, 694091.58350089, 694108.31790089, 694109.55150089, 694132.86040089, 694154.7345009, 694180.2837009, 694200.8857009, 694206.0374009, 694238.1917009, 694244.5934009, 
694249.9586009, 694290.3922009, 694300.4546009, 694301.9580009, 694315.7675009, 694384.2383009, 694412.0670009, 694459.8600009, 694478.6122009, 694478.5880009, 694528.6071009, 694552.3261009, 694592.75840091, 694649.86780091, 694679.05320091, 694679.61410091, 694688.88690091, 694692.03600091, 694692.68490091, 694694.60000091, 694710.13000091, 694712.52000091, 694733.46000091, 694734.83000091, 694735.56000091, 694750.47000091, 694739.11000091, 694742.44620091, 694748.98640091, 694754.61690091, 694759.17350091, 
694761.85660091, 694763.16790091, 694766.13070091, 694777.10810091, 694777.64710091, 694784.09920091, 694793.08280091, 694796.17160091, 694797.47010091, 694798.81590091, 694800.15000091, 694801.44960091, 694802.78240091, 694804.08240091, 694806.53010091, 694823.44340091, 694824.27680091, 694825.60780091, 694826.49840091, 694854.41260091, 694856.76480091, 694860.50240091, 694856.42840091, 694903.38410091, 695376.78070092, 695379.49000092, 695378.69760092, 695383.54320092, 695382.14830092, 695379.28900092, 
695381.68890092, 695387.17240092, 695392.16330092, 695477.98150093, 695573.40520093, 695576.45660093, 695583.70120093, 695584.87120093, 695585.58730093, 695586.48520093, 695602.78330093, 695614.13090093, 695625.88670093, 695627.84910093, 695629.27240093, 695629.39850093, 695628.16690093, 695625.96310093, 695618.23490093, 695593.88570093, 695594.96240093, 695595.84830093, 695611.73230093, 695620.48170093, 695672.81280093, 695679.49190093, 695682.38460093, 695685.12640093, 695688.58500093, 695694.15020093, 
695751.35440093, 695800.17980093, 695822.83070093, 695823.73090093, 695826.66140093, 695878.93080094, 695926.30290094, 696009.59490094, 696065.14630094, 696072.66850094, 696079.29280094, 696080.64820094, 696082.04460094, 696082.87230094, 696084.21600094, 696084.40860094, 696083.76040094, 696083.69800094, 696083.87250094, 696085.36080094, 696087.85870094, 696093.08000094, 696130.38440094, 696168.33200094, 696210.92610094, 696218.77050094, 696244.32820094, 696282.01950095, 696325.91020095, 696364.69220095, 
696413.55500095, 696475.79200095, 696474.66260095, 696412.54890095, 696410.80400095, 696441.57480095, 696472.07880095, 696538.26910095, 696591.24910095, 696597.53060095, 696663.06000095, 696708.06270096, 696727.67960096, 696777.23200096, 696819.34160096, 696893.67110096, 696937.17610096, 696996.56140096, 697014.16490096, 697050.40570096, 697082.02440097, 697115.21730097, 697118.16520097, 697120.22060097, 697191.16260097, 697206.39850097, 697228.57050097, 697313.84380097, 697319.28110097, 697320.81080097, 
697343.56670097, 697351.53540097, 697356.62960097, 697370.65140097, 697376.63380097, 697421.05910097, 697455.79600097, 697474.14890097, 697533.57830098, 697556.38790098, 697592.48140098, 697634.20180098, 697653.71820098, 697674.08980098, 697684.83720098, 697696.90230098, 697713.81990098, 697748.00190098, 697772.44280098, 697812.04810098, 697861.64460098, 697894.20230098, 697921.46990098, 697980.87540099, 697989.33660099, 697993.39830099, 697997.11940099, 698039.83480099, 698046.64390099, 698054.38570099, 
698108.92740099, 698117.24470099, 698126.98380099, 698129.18590099, 698133.92530099, 698161.87050099, 698167.10530099, 698171.51140099, 698189.45300099, 698219.46310099, 698221.09750099, 698229.23930099, 698241.92050099, 698254.85060099, 698259.00580099, 698273.51970099, 698278.29190099, 698292.20190099, 698295.43840099, 698304.48460099, 698310.85640099, 698315.749201, 698330.82830099, 698348.335301, 698364.834701, 698372.157801, 698440.313101, 698437.379901, 698444.252201, 698469.168101, 698472.185401, 
698478.552701, 698488.603701, 698536.335701, 698531.712801, 698531.199301, 698561.429901, 698597.268301, 698626.901001, 698649.773301, 698670.035101, 698672.660601, 698696.964501, 698699.941701, 698731.665401, 698755.65540101, 698779.68130101, 698803.68850101, 698827.65470101, 698849.66720101, 698851.58160101, 698876.55200101, 698895.51840101, 698901.53450101, 698926.56620101, 698951.54050101, 698979.00710101, 698985.47190101, 698991.02200101, 698991.07090101, 699000.53730101, 699118.12760101, 699122.48120101, 
699123.52260101, 699129.40990101, 699135.34560101, 699171.72170102, 699176.66770102, 699177.17930102, 699185.10170102, 699229.73640102, 699230.12880102, 699243.63160102, 699253.12290102, 699257.22520102, 699270.32850102, 699283.32880102, 699295.85460102, 699307.77680102, 699330.52300102, 699351.40190102, 699367.48790102, 699383.67340102, 699395.59810102, 699401.22960102, 699409.37610102, 699413.69060102, 699419.94580102, 699426.17870102, 699433.79860102, 699438.73440102, 699447.70520102, 699448.98250102, 
699451.41650102, 699457.05820102, 699457.39050102, 699458.26560102, 699472.04890102, 699482.79720102, 699498.59860102, 699502.61080102, 699504.89400102, 699516.19860102, 699526.77080102, 699532.27830102, 699547.17180103, 699559.60330103, 699558.26840103, 699557.13460103, 699562.15390103, 699579.48930103, 699590.46240103, 699598.39620103, 699632.47320103, 699642.63910103, 699652.32230103, 699653.75240103, 699680.17440103, 699733.57060103, 699765.52240103, 699773.54200103, 699798.33130103, 699812.22150103, 
699828.75320103, 699829.00430103, 699872.82690103, 699910.81370103, 699923.93720103, 699932.42860103, 700003.29050104, 700029.90240104, 700010.07300104, 699997.01650104, 699984.06950104, 699981.91870104, 699965.70440104, 699956.25890104, 699948.89390104, 699947.37210104, 699942.87780104, 699938.02160104, 699926.56380103, 699925.83060103, 699918.47020103, 699908.41650103, 699905.55310103, 699881.92490103, 699878.85950103, 699870.41890103, 699869.24120103, 699868.15260103, 699864.96920103, 699863.79120103, 
699861.55960103, 699856.14050103, 699854.20630103, 699851.32800103, 699851.85110103, 699853.90610103, 699855.09900103, 699834.00770103, 699823.45830103, 699813.02330103, 699808.25680103, 699805.98600103, 699795.22830103, 699792.68240103, 699782.65420103, 699769.77850103, 699761.84070103, 699751.72460103, 699737.87520103, 699729.53650103, 699723.06260103, 699707.46700103, 699690.02940103, 699685.62640103, 699682.41230103, 699682.20710103, 699679.65670103, 699678.30970103, 699669.22940103, 699664.11550103, 
699660.25970103, 699657.49970103, 699655.74160103, 699654.85280103, 699654.85340103, 699654.98660103, 699659.29590103, 699664.33000103, 699665.06900103, 699665.24430103, 699665.82530103, 699667.06820103, 699667.20160103, 699670.04560103, 699670.63050103, 699673.89320103, 699678.01680103, 699683.71240103, 699690.09840103, 699690.53100103, 699690.70290103, 699695.02230103, 699696.95240103, 699698.56850103, 699701.85930103, 699705.55980103, 699706.18890103, 699710.18120103, 699714.23320103, 699715.49840103, 
699717.01040103, 699720.98630103, 699723.35980103, 699727.21230103, 699732.81470103, 699736.24730103, 699738.14300103, 699742.25040103, 699742.66940103, 699745.56970103, 699746.64540103, 699747.99980103, 699749.07490103, 699750.14550103, 699750.29260103, 699749.87240103, 699746.79720103, 699746.50870103, 699745.82340103, 699745.62460103, 699745.06920103, 699744.83820103, 699746.46890103, 699747.07110103, 699747.15960103, 699748.98510103, 699749.32230103, 699751.94170103, 699752.68090103, 699759.80200103, 
699778.79400103, 699783.87520103, 699792.18170103, 699800.69570103, 699805.53290103, 699811.14560103, 699825.83950103, 699845.10930103, 699860.39090103, 699885.57560103, 699896.94130103, 699926.67860103, 699974.69070104, 699994.07720104, 699994.81330104, 700015.31920104, 700060.13250104, 700098.31980104, 700131.07030104, 700136.35660104, 700136.45240104, 700151.14760104, 700164.89410104, 700202.12460104, 700185.69880104, 700165.79130104, 700145.25840104, 700135.61490104, 700119.47330104, 700096.17660104, 
700075.73080104, 700060.59910104, 700044.23280104, 700037.76040104, 700013.74730104, 700010.65130104, 700004.22170104, 699989.49290104, 699987.28970104, 699986.70550104, 699973.22450104, 699960.38680104, 699945.24090103, 699915.22780104, 699906.29850103, 699890.66730103, 699869.72540103, 699842.23040103, 699839.88690103, 699831.89760103, 699813.41360103, 699808.40240103, 699806.17200103, 699764.97450103, 699754.52990103, 699752.92230103, 699734.74090103, 699698.69240103, 699668.41140103, 699622.29160103, 
699603.10770103, 699598.29910103, 699604.75650103, 699586.97080103, 699571.45950103, 699559.12190102, 699538.46160102, 699524.26460102, 699517.81290102, 699497.16080102, 699489.66500102, 699476.26140102, 699463.04210102, 699456.71770102, 699452.09870102, 699433.44060102, 699418.62220102, 699414.95250102, 699397.23200102, 699397.03820102, 699378.80090102, 699378.28380102, 699360.52920102, 699342.25670102, 699324.19270102, 699320.19570102, 699317.20180102, 699314.32610102, 699311.00530102, 699308.16320102, 
699306.39530102, 699298.91180102, 699284.17440102, 699274.84160102, 699269.49140102, 699254.71600102, 699239.93120102, 699225.08940102, 699210.23910102, 699195.42400102, 699189.24380102, 699180.65570102, 699165.98630101, 699151.31760101, 699142.37550101, 699136.58840101, 699121.78460101, 699114.12570101, 699107.05820101, 699092.42490101, 699077.78160101, 699063.07740101, 699048.37370101, 699033.67380101, 699032.13190101, 699019.27870101, 699004.87570101, 698990.46420101, 698984.77000101, 698975.84920101, 
698957.71690101, 698948.19920101, 698946.48600101, 698928.72510101, 698909.58100101, 698887.34100101, 698869.42630101, 698861.45780101, 698851.75930101, 698835.66280101, 698821.90100101, 698808.11970101, 698802.15970101, 698794.08100101, 698779.83740101, 698765.553901, 698759.834501, 698750.932001, 698734.148501, 698716.348501, 698703.498601, 698698.423801, 698680.808501, 698672.455201, 698652.146101, 698651.165001, 698636.660401, 698622.175801, 698608.539901, 698602.879201, 698581.555601, 698567.190101, 
698552.811201, 698538.424501, 698524.049401, 698518.248001, 698504.548801, 698495.761101, 698447.192301, 698442.020601, 698437.052701, 698409.164601, 698406.827201, 698404.930901, 698405.399301, 698403.013901, 698397.165401, 698393.078901, 698386.863401, 698383.985501, 698381.144001, 698382.966101, 698384.445501, 698387.284101, 698388.053201, 698388.558701, 698390.990801, 698395.827901, 698404.440701, 698409.964401, 698411.620701, 698415.608401, 698419.929701, 698424.752701, 698428.399501, 698436.688201, 
698439.360501, 698444.386301, 698452.851101, 698460.428501, 698471.040201, 698524.798301, 698526.727601, 698528.282301, 698462.055901, 698463.681501, 698464.260001, 698465.719501, 698470.777101, 698393.542701, 698254.14040099, 698234.97260099, 698234.30510099, 698218.72930099, 698213.00060099, 698207.25980099, 698084.79670099, 697977.84450099, 697968.31040098, 697953.78980098, 697939.27920098, 697924.76870098, 697907.19010098, 697906.84260098, 697889.26400098, 697888.91650098, 697871.34820098, 697871.00090098, 
697853.42750098, 697853.08290098, 697835.51480098, 697835.15260098, 697813.99780098, 697625.27130098, 697624.96560098, 697610.47290098, 697595.91990098, 697595.70580098, 697575.09160098, 697561.48910097, 697547.88870097, 697534.28920097, 697520.67230097, 697507.06060097, 697493.46130097, 697473.87210097, 697459.38990097, 697399.88170097, 697399.04450097, 697368.15180097, 697366.50000097, 697364.84230097, 697363.21910097, 697361.62050097, 697360.07680097, 697358.57760097, 697357.15370097, 697355.80540097, 
697354.55240097, 697354.12640097, 697345.96040097, 697321.97970097, 697241.86800097, 697214.81970097, 697179.11000097, 697150.56990096, 697110.42970096, 697038.57650096, 696945.68710096, 696811.57430096, 696761.02300096, 696698.65590095, 696670.02520095, 696586.58310095, 696482.59880095, 696333.11570095, 696196.28870094, 696058.56040094, 695898.68910093, 695893.08570093, 695769.07240093, 695708.51940093, 695694.90460093, 695530.57760093, 695414.09830092, 695291.29820092, 695130.38620092, 694989.86490091, 
694739.87710091, 694472.2150009, 694451.6349009, 694377.8330009, 694258.0494009, 694121.88040089, 693940.59760089, 693750.09960089, 693622.94890088, 693554.85910088, 693551.24750088, 693542.88520088, 5333396.80609784, 5333395.38889784, 5333388.00439785, 5333382.72609784, 5333382.41039785, 5333384.74989785, 5333383.04169785, 5333365.82729785, 5333291.11209785, 5333271.58819785, 5333270.62509785, 5333230.51749786, 5333214.38219786, 5333211.89009786, 5333207.09849786, 5333205.65999786, 5333197.65559786, 
5333190.88059786, 5333190.03879786, 5333185.42619786, 5333188.08349786, 5333168.14889786, 5333151.95339786, 5333140.58039786, 5333120.83639786, 5333112.69749786, 5333106.90489786, 5333101.20599787, 5333087.55899786, 5333079.63629786, 5333070.53059786, 5333059.22859787, 5333041.90259787, 5333040.04519787, 5333034.48629786, 5333014.64849787, 5332974.09209787, 5332950.48539787, 5332936.16789787, 5332933.33679787, 5332929.86769787, 5332854.63139787, 5332841.19789787, 5332814.43059787, 5332813.69869787, 
5332785.63959787, 5332759.62889787, 5332757.41869787, 5332756.18909787, 5332755.07389787, 5332754.90489787, 5332753.58789787, 5332751.54749787, 5332741.54579787, 5332731.43939787, 5332727.45239787, 5332721.38939787, 5332695.30729787, 5332651.46929787, 5332624.60029787, 5332610.38999787, 5332597.43969787, 5332555.99499787, 5332521.09959787, 5332513.77119787, 5332482.18629787, 5332442.00799787, 5332391.61389787, 5332363.42009787, 5332358.07629787, 5332356.65169787, 5332356.68569787, 5332349.84309787, 
5332342.90949787, 5332340.91989787, 5332325.23529787, 5332296.45069787, 5332285.99499787, 5332270.09439787, 5332245.19349787, 5332238.02009787, 5332232.19099787, 5332225.66469787, 5332211.23949787, 5332195.44089787, 5332170.81699787, 5332143.14229787, 5332116.44579787, 5332090.48879787, 5332078.14859787, 5332065.57179787, 5332011.93109787, 5331952.26289787, 5331931.28989787, 5331910.34959787, 5331909.30229787, 5331792.49939786, 5331781.16749786, 5331780.40609787, 5331726.85709786, 5331727.61689786, 
5331688.34949786, 5331666.57119786, 5331633.13049786, 5331578.41819786, 5331535.95249786, 5331530.78849786, 5331503.81859786, 5331505.34689786, 5331508.25609786, 5331506.40459786, 5331501.10899786, 5331492.66479786, 5331482.99379786, 5331482.56989786, 5331475.12829786, 5331448.01969786, 5331368.51959786, 5331347.60159786, 5331298.91179786, 5331272.61279785, 5331242.19219785, 5331193.11259785, 5331191.62939785, 5331166.20169785, 5331147.30259785, 5331144.57749785, 5331118.68929785, 5331096.84869785, 
5331063.67769785, 5331062.15739785, 5331060.37379785, 5331045.43509785, 5331030.80339785, 5331005.40259785, 5330961.14449785, 5330871.35099784, 5330781.56829784, 5330713.39879784, 5330697.27029784, 5330623.77769784, 5330599.98959783, 5330510.05969783, 5330392.49829783, 5330387.73509783, 5330390.30929783, 5330370.89309783, 5330354.81949783, 5330338.76589783, 5330331.50829783, 5330319.72689783, 5330305.57579783, 5330292.10789783, 5330290.43019783, 5330283.47649782, 5330275.35379782, 5330260.41339782, 
5330245.29739782, 5330236.48999782, 5330236.31589782, 5330231.16189782, 5330219.77899782, 5330206.44829782, 5330192.62279782, 5330178.75839782, 5330175.05379782, 5330168.11539782, 5330159.40959782, 5330150.07829781, 5330145.53419781, 5330140.99309781, 5330132.27219781, 5330131.94989781, 5330125.75139781, 5330119.93719781, 5330113.14129781, 5330107.6612978, 5330107.22129781, 5330104.4093978, 5330103.8528978, 5330103.3860978, 5330104.3320978, 5330104.6734978, 5330104.6219978, 5330104.1702978, 5330101.93969779, 
5330102.11579779, 5330102.40719779, 5330102.52229779, 5330098.52779779, 5330098.63819778, 5330098.07069778, 5330097.09049778, 5330099.10259777, 5330098.74109777, 5330098.73289777, 5330098.36279777, 5330084.61669777, 5330081.78479777, 5330073.39999777, 5329983.56999777, 5329971.49999777, 5329865.53999777, 5329857.38999777, 5329853.02999777, 5329785.68999777, 5329777.52999777, 5329760.10959777, 5329763.82719777, 5329767.02799777, 5329745.66039777, 5329733.06719777, 5329726.90389777, 5329713.03639777, 
5329661.52789776, 5329659.01739777, 5329628.76779777, 5329586.66839776, 5329572.22439777, 5329566.10739777, 5329559.81189776, 5329553.56609776, 5329547.43899777, 5329541.24309776, 5329535.12609776, 5329523.69709776, 5329444.38399776, 5329440.46379776, 5329440.46649776, 5329440.47169776, 5329440.67909776, 5329440.67149776, 5329442.34979776, 5329462.90849776, 5329459.36839776, 5329423.69379772, 5329423.50909772, 5329413.26089772, 5329412.95849772, 5329392.09929772, 5329336.13569772, 5329335.95829772, 
5329335.52999772, 5329335.15269772, 5329328.61389772, 5329321.48999771, 5329318.16599771, 5329316.64699771, 5329316.41249771, 5329316.27039771, 5329316.08529771, 5329318.26329771, 5329319.06719771, 5329317.8631977, 5329317.8391977, 5329316.4928977, 5329314.53569771, 5329313.0061977, 5329309.1962977, 5329303.06859771, 5329289.43349771, 5329285.16229771, 5329285.02659771, 5329282.66009771, 5329281.55769771, 5329276.7958977, 5329276.1866977, 5329275.9195977, 5329275.6765977, 5329276.0521977, 5329275.5393977, 
5329270.39189769, 5329266.24199769, 5329264.70179769, 5329232.52209769, 5329232.57559769, 5329230.56289769, 5329227.73159768, 5329217.41489768, 5329210.73049767, 5329209.82649767, 5329209.03029767, 5329193.16889767, 5329165.06769767, 5329156.18189767, 5329105.53449767, 5329088.73089767, 5329067.42599767, 5329057.24439767, 5329046.38159767, 5329020.84979767, 5329020.95679767, 5329020.81569767, 5329019.81729767, 5329018.28339766, 5329014.62239766, 5329013.65759766, 5329010.49109766, 5329004.33729766, 
5328996.50199765, 5328989.14779765, 5328979.48459765, 5328966.72929764, 5328961.78089764, 5328972.69909765, 5328961.00039765, 5328956.20579764, 5328950.98049764, 5328938.33849764, 5328927.57299764, 5328926.17639763, 5328911.59589763, 5328901.51919762, 5328897.12669762, 5328885.78789762, 5328875.10729762, 5328856.39129761, 5328844.48449761, 5328828.4394976, 5328824.0135976, 5328814.9011976, 5328807.3581976, 5328799.80889759, 5328799.14389759, 5328805.72929759, 5328784.29419759, 5328779.69179758, 5328772.90709758, 
5328746.80549758, 5328745.15569758, 5328744.69509758, 5328737.70049758, 5328735.29849757, 5328733.74489757, 5328732.01759757, 5328730.83879757, 5328719.55279757, 5328710.29839757, 5328705.41079756, 5328690.46029756, 5328685.28289756, 5328676.18759755, 5328665.28379755, 5328660.57329755, 5328655.43059755, 5328652.43389755, 5328649.07219755, 5328645.11129755, 5328636.18229754, 5328630.40919754, 5328621.42159754, 5328610.15859753, 5328603.08159753, 5328597.15429753, 5328582.91969753, 5328580.76729753, 
5328579.73009752, 5328578.77979752, 5328567.83519752, 5328566.18059752, 5328564.25949752, 5328552.29899751, 5328550.47129751, 5328548.33119751, 5328556.06239751, 5328554.10649751, 5328542.05899751, 5328540.74099751, 5328539.63129751, 5328535.10049751, 5328527.5401975, 5328527.18349751, 5328525.1380975, 5328521.9490975, 5328518.7022975, 5328517.6642975, 5328514.9096975, 5328513.9652975, 5328511.3727975, 5328510.7479975, 5328507.9177975, 5328505.9247975, 5328504.3946975, 5328499.67069749, 5328495.46939749, 
5328491.51089749, 5328511.97939749, 5328482.68719749, 5328472.16259749, 5328470.76009749, 5328465.67979748, 5328465.06739748, 5328463.76559748, 5328461.71469748, 5328451.90079748, 5328432.14419748, 5328430.17259748, 5328426.69679748, 5328422.57939747, 5328418.56169747, 5328415.46679747, 5328412.72359747, 5328412.36589747, 5328409.06269747, 5328408.66739747, 5328411.31099746, 5328413.30999746, 5328415.32939746, 5328417.38009746, 5328419.33729746, 5328421.18759745, 5328421.36249745, 5328423.70069745, 
5328425.47179745, 5328425.68619745, 5328426.55679745, 5328427.45249745, 5328428.40349744, 5328428.62829744, 5328428.81999744, 5328428.82189744, 5328430.46919744, 5328450.95009743, 5328467.06469743, 5328470.92899743, 5328492.70059743, 5328514.67559743, 5328510.43819743, 5328509.86169743, 5328509.83159743, 5328508.87959742, 5328503.62069742, 5328503.56599742, 5328501.98099742, 5328500.86089742, 5328500.39049742, 5328498.85039742, 5328497.31629742, 5328495.84289742, 5328494.43119742, 5328491.75959742, 
5328489.29219741, 5328487.39369741, 5328485.48209741, 5328484.07909741, 5328483.42019741, 5328482.46739741, 5328481.96609741, 5328481.23079741, 5328480.4944974, 5328479.6021974, 5328479.0243974, 5328477.9759974, 5328477.8264974, 5328477.5413974, 5328476.8924974, 5328476.8454974, 5328476.7397974, 5328475.1164974, 5328473.8043974, 5328471.9987974, 5328471.5047974, 5328491.0454974, 5328489.8749974, 5328488.7773974, 5328488.2029974, 5328486.65299739, 5328485.35319739, 5328474.17379739, 5328464.73369739, 
5328464.10869739, 5328461.95939739, 5328460.59879739, 5328459.60709739, 5328455.38089739, 5328454.11579739, 5328452.91209739, 5328452.67759739, 5328448.19329738, 5328439.10299738, 5328433.71389738, 5328432.35659738, 5328428.16839737, 5328425.82729737, 5328424.44049737, 5328424.41919737, 5328420.73069737, 5328417.53979737, 5328415.70079736, 5328414.52049736, 5328404.59539736, 5328402.27999735, 5328417.01049736, 5328432.30749736, 5328447.38849736, 5328449.40689736, 5328464.80129736, 5328477.70619736, 
5328490.96709736, 5328494.82969736, 5328506.12989736, 5328518.47749736, 5328544.38519736, 5328545.72799736, 5328559.09139736, 5328577.34069736, 5328582.56249736, 5328646.08469737, 5328656.56569737, 5328685.40389737, 5328689.42189737, 5328693.46329737, 5328705.26259737, 5328739.26299737, 5328748.99199737, 5328772.75039737, 5328781.30309737, 5328794.02209737, 5328823.15069737, 5328834.10079737, 5328841.23379737, 5328852.75469737, 5328858.48809737, 5328870.55789737, 5328872.70329737, 5328873.71549737, 
5328887.83729737, 5328891.17579737, 5328904.32829737, 5328921.43089738, 5328931.98209738, 5328941.67769738, 5328954.96799738, 5328962.96749738, 5328967.80849738, 5328979.50079738, 5328995.61979738, 5328999.69089738, 5329010.89289738, 5329011.60849738, 5329020.49769738, 5329022.93759738, 5329044.78469738, 5329057.16719738, 5329066.52579738, 5329081.69239738, 5329091.41299738, 5329116.44419738, 5329116.68439738, 5329125.31529739, 5329143.99019738, 5329168.88929738, 5329172.51139738, 5329175.45099738, 
5329184.39189738, 5329193.09609738, 5329194.04189738, 5329213.85439738, 5329217.85979738, 5329229.36759738, 5329243.94159738, 5329263.74159738, 5329285.84939738, 5329287.32739738, 5329288.81529738, 5329325.37289738, 5329346.01299738, 5329375.57349738, 5329402.74699738, 5329424.21779738, 5329427.86479738, 5329432.27169738, 5329442.81619738, 5329452.43369738, 5329455.48549738, 5329463.60769738, 5329482.12699738, 5329500.69399738, 5329518.66869738, 5329543.88559738, 5329558.23249737, 5329581.94069738, 
5329584.27899738, 5329609.67209738, 5329627.98839738, 5329650.96249738, 5329669.40139737, 5329689.22949738, 5329691.86689737, 5329720.31969737, 5329755.15229737, 5329758.43419737, 5329789.12189737, 5329798.15809737, 5329823.14839738, 5329833.40889738, 5329881.64389737, 5329899.45739737, 5329902.05249737, 5329927.49869737, 5329929.64309737, 5329946.23999737, 5329950.92299737, 5329985.45209737, 5330018.04319737, 5330022.22839737, 5330029.07209737, 5330036.57059737, 5330037.37639737, 5330038.31149737, 
5330045.68189737, 5330052.54179737, 5330057.98089736, 5330065.15639736, 5330064.75779736, 5330063.69149736, 5330071.32229735, 5330069.68589735, 5330069.54439735, 5330065.48829735, 5330055.23949735, 5330044.08939734, 5330037.13709734, 5330036.00159734, 5330043.05039734, 5330042.85229734, 5330042.71579734, 5330046.38309733, 5330063.84439734, 5330085.01979734, 5330106.50899734, 5330118.42079734, 5330133.99249734, 5330163.33959734, 5330190.18069735, 5330213.21389735, 5330236.01059735, 5330243.62449735, 
5330271.88909735, 5330278.15459735, 5330291.16689735, 5330311.85009735, 5330314.96579735, 5330315.83359735, 5330334.68289735, 5330351.00929735, 5330366.76539736, 5330393.93469736, 5330402.99459736, 5330425.61039736, 5330459.46669736, 5330495.60119737, 5330499.26339736, 5330511.77939737, 5330540.72889737, 5330540.63559737, 5330540.58959737, 5330539.81129737, 5330542.04559737, 5330526.35119737, 5330526.84009737, 5330532.16269738, 5330536.61199738, 5330545.71279738, 5330551.38129738, 5330552.80549738, 
5330569.42229738, 5330573.31359739, 5330576.70189739, 5330581.48439739, 5330589.49479739, 5330595.00529739, 5330597.46559739, 5330605.34709739, 5330608.20779739, 5330612.55999739, 5330616.8392974, 5330618.8847974, 5330620.3162974, 5330626.0348974, 5330630.5818974, 5330632.3204974, 5330640.7079974, 5330640.8005974, 5330647.0158974, 5330647.1858974, 5330653.8103974, 5330660.61409741, 5330667.35399741, 5330669.49979741, 5330671.11119741, 5330672.65939741, 5330674.44709741, 5330675.98829741, 5330676.93069741, 
5330679.71339741, 5330685.19419741, 5330688.67299741, 5330690.39539741, 5330695.16069741, 5330699.92359742, 5330704.45879742, 5330708.99409742, 5330713.51049742, 5330715.41139742, 5330718.47939742, 5330723.75529742, 5330729.02019742, 5330732.22329742, 5330734.06869742, 5330738.75399742, 5330741.17659743, 5330743.77269743, 5330749.13699743, 5330754.50079743, 5330759.66199743, 5330764.80319743, 5330769.94429743, 5330770.48459743, 5330776.19199743, 5330782.59839743, 5330788.99969744, 5330791.53949744, 
5330794.47649744, 5330800.42809744, 5330803.54939744, 5330804.11309744, 5330809.86789744, 5330816.08359744, 5330823.29209744, 5330829.09809745, 5330831.67939745, 5330835.57429745, 5330842.04069745, 5330847.57359745, 5330853.09759745, 5330855.48629745, 5330857.80279745, 5330861.88039745, 5330865.95629745, 5330867.58439746, 5330870.00889746, 5330874.57749746, 5330879.41679746, 5330882.92309746, 5330883.93829746, 5330887.45569746, 5330889.11089746, 5330893.16109746, 5330893.42309746, 5330897.18649746, 
5330900.94649747, 5330904.47679747, 5330906.13739747, 5330912.41269747, 5330916.65139747, 5330920.88319747, 5330925.11449747, 5330929.34649747, 5330931.05189748, 5330933.52929748, 5330935.13029748, 5330943.93969748, 5330944.87979748, 5330945.77829748, 5330953.97889749, 5330954.63779748, 5330965.61009748, 5330979.17119748, 5330989.70779748, 5331020.53759748, 5331037.57089749, 5331048.64709748, 5331049.24039748, 5331049.82619749, 5331055.70169749, 5331058.56109748, 5331067.61779748, 5331075.60389749, 
5331080.85769748, 5331093.18329748, 5331105.50389748, 5331124.15229748, 5331133.12119748, 5331135.80679748, 5331141.57439748, 5331147.81529748, 5331154.55589748, 5331159.65089748, 5331172.16279748, 5331176.78129748, 5331185.45299748, 5331201.50449748, 5331216.71409748, 5331238.07879748, 5331346.35989747, 5331350.25769747, 5331353.38439747, 5331398.55609748, 5331401.72179748, 5331402.79519748, 5331405.65409748, 5331415.55699748, 5331455.14829748, 5331582.02919749, 5331607.7912975, 5331608.4860975, 
5331624.6762975, 5331630.5253975, 5331636.2559975, 5331782.12169751, 5331836.47009752, 5331836.14059752, 5331835.62559752, 5331835.10159752, 5331834.58449752, 5331833.96139752, 5331843.87699752, 5331843.25309752, 5331853.16569752, 5331852.53629753, 5331862.44899753, 5331861.82409753, 5331871.73949753, 5331871.11029753, 5331881.41509753, 5331880.67119753, 5332017.06159754, 5332025.89789754, 5332025.42529755, 5332024.94039755, 5332031.43809755, 5332030.74799755, 5332030.28989755, 5332029.84169755, 
5332029.38359755, 5332028.93489755, 5332028.47239755, 5332028.01799755, 5332027.35719756, 5332026.86769756, 5332024.87889756, 5332049.85319756, 5332048.82209757, 5332048.83709757, 5332049.00209757, 5332049.30859757, 5332049.75619756, 5332050.33599757, 5332051.05769756, 5332051.90249757, 5332052.86039756, 5332053.94209757, 5332054.34579757, 5332054.06579757, 5332053.26279757, 5332048.64329757, 5332047.21179758, 5332104.03309758, 5332128.64269758, 5332163.66969758, 5332229.33739759, 5332308.1153976, 
5332429.19559761, 5332472.02549761, 5332524.86339762, 5332548.15159762, 5332608.24969762, 5332665.37659763, 5332722.49969764, 5332753.47399766, 5332777.71449767, 5332813.96069768, 5332815.31139768, 5332852.49849769, 5332870.66119769, 5332874.74629769, 5332924.0318977, 5332953.75709771, 5332974.50769772, 5332988.91179773, 5332997.85999774, 5333013.85789776, 5333031.54849778, 5333032.99129778, 5333039.24959779, 5333045.8109978, 5333038.61129781, 5333016.19859782, 5333233.11049783, 5333347.90329784, 
5333396.30299784, 5333391.47959784, 5333396.80609784))",1.3247665099026298
vablock_stadtbezirk.19,25,Laim,5286014.7705,Laim,57116,108,11,"list(c(685647.26780072, 685606.42480071, 685522.65440071, 685458.39310071, 685396.61370071, 685282.18860071, 685284.73260071, 685234.53010071, 685205.94320071, 685178.70280071, 685149.27640071, 685132.94430071, 685122.74340071, 685111.10280071, 685102.8433007, 685110.45520071, 685117.28170071, 685164.80990071, 685174.11900071, 685176.41680071, 685178.59070071, 685182.61390071, 685187.58860071, 685190.02450071, 685137.64400071, 685103.86380071, 685099.98260071, 685086.4456007, 685068.8788007, 685042.3168007, 
684987.5893007, 684962.8096007, 684922.7555007, 684889.5251007, 684884.6711007, 684875.3927007, 684848.5718007, 684776.9109007, 684751.3745007, 684731.2509007, 684725.4851007, 684727.0225007, 684737.5416007, 684746.5358007, 684794.5198007, 684826.7128007, 685139.17450071, 685239.43760071, 685243.15840071, 685292.45520071, 685347.19860071, 685397.58570071, 685431.83660071, 685462.04350071, 685520.46790071, 685577.52880072, 685583.26180072, 685634.16170072, 685694.47100072, 685767.54170072, 685821.09580072, 
685853.16490072, 685879.49930072, 685960.06890072, 686048.71470072, 686121.72510072, 686195.85160073, 686228.68570073, 686237.49150073, 686267.89520073, 686324.96660073, 686408.02910073, 686543.17450073, 686658.82410074, 686673.08170074, 686682.01420074, 686688.18680074, 686697.59670074, 686712.32520074, 686729.05230074, 686752.94340074, 686773.41700074, 686860.47380074, 686906.16070074, 686953.87750074, 686991.83470074, 687076.41180074, 687123.73390074, 687170.64740075, 687227.55950075, 687273.57410075, 
687305.85210075, 687325.78360075, 687341.21900075, 687412.73490075, 687479.86930075, 687516.96840075, 687588.96780075, 687666.00940076, 687689.79550076, 687725.30740076, 687753.91870076, 687824.09370076, 687876.36510076, 687931.60490076, 687925.87170076, 687921.20780076, 687926.45920076, 687943.64320076, 687948.80510076, 687949.45420076, 687953.41580076, 687959.60800076, 687960.71280076, 687961.57120076, 687951.84090076, 687946.42720076, 687943.45420076, 687936.72150076, 687933.56580076, 687931.51020076, 
687931.20480076, 687932.98850076, 687935.51770076, 687942.30880076, 687941.41170076, 687940.93660076, 687947.19120076, 687955.26310076, 687963.67790076, 687978.81970076, 687984.56540076, 687989.04480076, 688000.55880076, 688032.41920076, 688047.55510076, 688049.20010076, 688055.91840076, 688072.84340076, 688104.15160076, 688132.72700076, 688147.59170076, 688149.20790076, 688153.60750077, 688183.97270077, 688188.41160077, 688222.68700077, 688246.66960077, 688269.53020077, 688268.08880077, 688270.65550077, 
688273.42620077, 688276.23220077, 688278.96750077, 688281.66240077, 688284.47180077, 688287.18930077, 688289.92980077, 688292.67110077, 688295.27320077, 688297.92490077, 688300.50980077, 688303.17310077, 688305.86630077, 688308.45050077, 688311.11450077, 688313.74860077, 688316.36230077, 688318.99680077, 688321.63050077, 688324.50320077, 688327.31600077, 688330.13920077, 688333.02510077, 688335.75230077, 688338.52800077, 688341.25560077, 688343.96290077, 688346.76020077, 688349.32070077, 688352.12250077, 
688354.65530077, 688357.28040077, 688360.00390077, 688362.53750077, 688365.20060077, 688367.83370077, 688370.45640077, 688373.31940077, 688376.10250077, 688378.81640077, 688381.64820077, 688384.49850077, 688387.15550077, 688389.69320077, 688392.30130077, 688394.91150077, 688397.64040077, 688400.40080077, 688402.79540077, 688405.31990077, 688410.15920077, 688413.40220077, 688423.17130077, 688429.61420077, 688436.07320077, 688443.37460077, 688445.06220077, 688448.91220077, 688455.18920077, 688460.98690077, 
688464.45970077, 688473.13280077, 688473.37310077, 688478.90730077, 688478.66660077, 688485.76360077, 688490.27030077, 688505.31740077, 688505.37030077, 688506.18850077, 688514.24270077, 688516.18480077, 688518.19760077, 688520.49770077, 688521.86790077, 688523.62510077, 688525.42980077, 688492.28660077, 688458.15600077, 688378.23480077, 688366.29490077, 688353.70590077, 688340.25570077, 688319.63380077, 688298.35060077, 688283.08170077, 688261.26570077, 688246.06740077, 688211.29740077, 688191.59680077, 
688158.49190076, 688127.97820076, 688092.84970076, 687997.05920076, 687896.67970076, 687806.28800076, 687675.32080076, 687652.65280076, 687542.61470075, 687454.01770075, 687425.58610075, 687420.80800075, 687410.39850075, 687370.63630075, 687333.87160075, 687292.78750075, 687253.03150075, 687211.51520075, 687062.54470074, 687013.94660074, 686967.52400074, 686916.80500074, 686893.20620074, 686866.14840074, 686815.72050074, 686765.86940074, 686725.23350074, 686375.19000073, 686377.41760073, 686374.40640073, 
686351.02470073, 686346.67390073, 686302.33260073, 686255.95170073, 686225.22940073, 686226.70390073, 686220.78300073, 686210.18920073, 686187.31690073, 686176.17450073, 686165.95600073, 686164.93110073, 686151.25960073, 686151.25310073, 686149.95570073, 686141.23810072, 686134.69860072, 686127.63060072, 686114.96890072, 686114.85510072, 686082.81470072, 686082.94570072, 686070.87660072, 686068.73720072, 686056.43380072, 686003.50100072, 685967.22240072, 685876.88590072, 685708.58500072, 685659.39050072, 
685658.68020072, 685647.26780072, 5335476.67929831, 5335490.82889832, 5335519.84769832, 5335535.58209832, 5335544.43779833, 5335597.78199833, 5335602.58809833, 5335627.18669834, 5335642.43589834, 5335658.77329834, 5335677.67919834, 5335583.93899834, 5335525.88359834, 5335458.09189834, 5335378.66919834, 5335377.89949834, 5335377.21149834, 5335372.42739834, 5335371.35979834, 5335350.82469834, 5335331.42149834, 5335330.65789834, 5335329.77479834, 5335329.34249834, 5335083.96829834, 5334963.35019834, 
5334949.63029834, 5334906.90909834, 5334867.16989835, 5334820.40909835, 5334745.62599835, 5334699.10369835, 5334602.32999835, 5334508.31629835, 5334496.38649835, 5334473.44769836, 5334399.02699836, 5334164.77699836, 5334070.35339836, 5333970.61979836, 5333914.14799836, 5333858.15879836, 5333788.44759836, 5333744.14479836, 5333751.39789836, 5333752.51179836, 5333752.24169834, 5333739.95279834, 5333739.47409834, 5333736.57189833, 5333730.19079833, 5333715.62079833, 5333700.53399833, 5333687.51489833, 
5333653.23219832, 5333612.51069832, 5333608.07329832, 5333568.39059832, 5333518.08799832, 5333443.65799831, 5333376.93109831, 5333321.07179831, 5333255.56319831, 5333279.7140983, 5333298.8984983, 5333308.73099829, 5333313.44099829, 5333313.90949829, 5333313.83799829, 5333313.59529829, 5333310.93989828, 5333302.94919828, 5333284.20179827, 5333264.49389826, 5333262.06799826, 5333301.26939826, 5333329.11319826, 5333344.05389826, 5333367.44769826, 5333387.58889826, 5333410.08069826, 5333424.27539826, 
5333479.62959825, 5333509.28209825, 5333538.30689825, 5333562.72639825, 5333621.18209824, 5333656.88459824, 5333693.93749824, 5333745.16709823, 5333791.83329823, 5333829.64859823, 5333858.11379823, 5333880.17209823, 5333981.73929822, 5334075.58489822, 5334120.27649822, 5334201.56699821, 5334287.20299821, 5334313.80919821, 5334352.62759821, 5334382.9621982, 5334456.7729982, 5334505.7593982, 5334552.23759819, 5334559.45669819, 5334563.01649819, 5334567.26359819, 5334584.41889819, 5334589.57479819, 
5334590.12059819, 5334593.47799819, 5334598.72409819, 5334599.14749819, 5334599.47129819, 5334628.28599819, 5334645.78949819, 5334657.65349819, 5334690.90909819, 5334715.11449819, 5334736.83269819, 5334782.87169819, 5334805.42359819, 5334829.14929819, 5334866.33569819, 5334866.50089819, 5334866.62239819, 5334889.92639819, 5334913.35139819, 5334936.31909819, 5334970.27869819, 5334985.85549819, 5334985.41899819, 5335003.56229819, 5335000.99679819, 5335020.48059819, 5335020.37389819, 5335028.44959819, 
5335042.45839818, 5335062.25809818, 5335074.98169818, 5335078.46249818, 5335078.83509818, 5335081.20649818, 5335097.59909818, 5335099.99419818, 5335110.92979817, 5335118.58099817, 5335117.90149817, 5335137.62199817, 5335138.27249817, 5335139.08089817, 5335139.75049817, 5335140.43739817, 5335141.13259817, 5335141.71219817, 5335142.33829817, 5335142.89579817, 5335143.43319817, 5335143.94529817, 5335144.46939817, 5335144.91079817, 5335145.39529817, 5335145.88109817, 5335146.34229817, 5335146.80649817, 
5335147.26949817, 5335147.74179817, 5335148.19479817, 5335148.66779817, 5335149.17019817, 5335149.67019817, 5335150.14059817, 5335150.54339817, 5335150.90999817, 5335151.31849817, 5335151.67509817, 5335152.04089817, 5335152.41019817, 5335152.70019817, 5335152.96959817, 5335153.20839817, 5335153.39079817, 5335153.61709817, 5335153.83599817, 5335154.06989817, 5335154.30269817, 5335154.53509817, 5335154.75679817, 5335154.97539817, 5335155.17129817, 5335155.42179817, 5335155.71309817, 5335155.82669817, 
5335155.92569817, 5335156.02739816, 5335156.07909817, 5335156.16539817, 5335156.21299817, 5335156.14619817, 5335156.08439816, 5335155.69259816, 5335155.42859816, 5335154.37819816, 5335153.41819816, 5335152.29879816, 5335150.88189816, 5335150.46729816, 5335149.52639816, 5335147.68049816, 5335145.80709816, 5335144.53289816, 5335141.06219816, 5335141.57199816, 5335139.19549816, 5335138.69569816, 5335135.24919816, 5335132.82269816, 5335124.99499816, 5335125.17719816, 5335124.72899816, 5335120.50649816, 
5335146.95389816, 5335175.37269816, 5335208.76779816, 5335227.66419816, 5335252.63889816, 5335278.78709816, 5335280.19339816, 5335280.61779816, 5335278.25329817, 5335277.29729817, 5335275.53539817, 5335273.00719817, 5335270.31349817, 5335267.98379817, 5335266.74309817, 5335265.66239817, 5335265.28979817, 5335265.37539818, 5335265.80929818, 5335267.10969818, 5335269.47179818, 5335272.90469818, 5335280.99479819, 5335289.64319819, 5335297.3624982, 5335310.23529821, 5335308.92069821, 5335318.35499821, 
5335326.60939822, 5335329.81159822, 5335306.75219822, 5335307.39749822, 5335309.33769822, 5335310.37099822, 5335310.06599823, 5335307.76849823, 5335304.60049823, 5335289.52669824, 5335285.20159824, 5335281.98579825, 5335280.85379825, 5335281.44889825, 5335282.11289825, 5335285.45129825, 5335290.43209826, 5335294.98359826, 5335338.03699828, 5335355.25279828, 5335368.11549828, 5335370.99119828, 5335372.46349828, 5335380.02249828, 5335385.91169828, 5335389.97069828, 5335401.85759828, 5335402.57569828, 
5335404.09039829, 5335407.00659829, 5335408.85129829, 5335410.37369829, 5335408.94259829, 5335410.71679829, 5335410.62649829, 5335410.78569829, 5335411.76129829, 5335410.40159829, 5335411.26309829, 5335412.80679829, 5335411.87159829, 5335415.79969829, 5335416.80559829, 5335418.31779829, 5335401.27059829, 5335404.46679829, 5335410.3005983, 5335414.5037983, 5335425.6025983, 5335457.67689831, 5335474.25789831, 5335473.18179831, 5335476.67929831))",1.9259051754324532
vablock_stadtbezirk.20,1,Altstadt-Lehel,3145888.14344,Altstadt - Lehel,20876,66,17,"list(c(692704.77010086, 692682.92070086, 692655.55570086, 692573.35350086, 692567.02850086, 692569.62450086, 692571.60860086, 692571.93270086, 692571.10520086, 692579.57070086, 692589.99990086, 692595.48620086, 692599.25970086, 692601.15830086, 692602.32650086, 692609.40290086, 692611.95770086, 692613.18840086, 692614.58980086, 692618.61020086, 692621.19180086, 692621.28740086, 692621.32290086, 692619.81360086, 692618.93850086, 692618.52910086, 692615.72030086, 692612.23950086, 692612.03800086, 692607.35480086, 
692598.79500086, 692595.35070086, 692590.99710086, 692582.37970086, 692580.02480086, 692576.65610086, 692575.11930086, 692573.49720086, 692571.15560086, 692567.55960086, 692560.88490086, 692558.63990086, 692556.42170086, 692553.79080086, 692551.34140086, 692541.99550086, 692535.57380086, 692530.39800086, 692520.57100086, 692519.36560086, 692518.58700086, 692518.36640086, 692518.74000086, 692520.24410086, 692520.34900086, 692520.43730086, 692520.60380086, 692520.23470086, 692508.54110086, 692498.84440086, 
692489.39020086, 692481.13680086, 692472.94930086, 692458.04040086, 692454.14150086, 692417.62890085, 692406.98190085, 692404.48640085, 692403.21550085, 692403.41500085, 692402.38570085, 692352.54440085, 692346.93920085, 692341.76220085, 692340.09480085, 692336.09780085, 692332.21610085, 692330.63790085, 692329.22510085, 692324.77020085, 692320.85160085, 692315.02110085, 692289.97120085, 692268.51590085, 692264.11570085, 692259.58800085, 692256.68860085, 692253.74550085, 692252.60740085, 692251.25950085, 
692253.74670085, 692254.20100085, 692266.72190085, 692268.21680085, 692271.97350085, 692274.47970085, 692277.23930085, 692279.04030085, 692280.52910085, 692280.94640085, 692281.91480085, 692282.87330085, 692283.75710085, 692284.10320085, 692283.57720085, 692282.28880085, 692280.65170085, 692278.64180085, 692275.39130085, 692273.62230085, 692268.81080085, 692260.41550085, 692252.82820085, 692249.88410085, 692240.99580085, 692240.66810085, 692236.81910085, 692236.16130085, 692236.00870085, 692236.21590085, 
692233.85750085, 692232.48300085, 692231.12080085, 692230.12550085, 692229.35110085, 692228.35130085, 692227.73910085, 692226.72420085, 692226.30200085, 692224.75230085, 692223.55840085, 692222.68010085, 692222.65160085, 692222.14160085, 692221.57030085, 692221.44800085, 692221.35640085, 692221.25140085, 692221.31550085, 692221.69160085, 692212.16840085, 692208.49890085, 692205.55510085, 692204.50750085, 692199.46050085, 692199.42890085, 692187.77780085, 692187.90760085, 692191.23970085, 692193.19490085, 
692193.56730085, 692193.63280085, 692193.42260085, 692192.87340085, 692191.59940085, 692191.40390085, 692187.11950085, 692186.66910085, 692184.72160085, 692179.80860085, 692172.72810085, 692056.81780085, 691791.03700084, 691753.96960084, 691739.51300084, 691728.57830084, 691718.41240084, 691587.94360084, 691452.83380083, 691380.03020083, 691129.39430083, 691034.13320082, 690951.26620082, 690946.45830082, 690917.90040082, 690862.95910082, 690833.46370082, 690821.67680082, 690820.02200082, 690813.28170082, 
690815.78130082, 690839.40160082, 690920.26090082, 690959.67130082, 690995.33590082, 691011.31410082, 690991.57080082, 690993.24420082, 690995.51890082, 690998.69990082, 691017.87510082, 691030.64820083, 691053.31150083, 691059.08080083, 691062.52340083, 691065.36560083, 691071.75160083, 691076.21020083, 691081.26410083, 691089.32660083, 691100.77650083, 691208.73020083, 691232.12740083, 691237.71530083, 691243.63270083, 691249.14470083, 691254.04120083, 691259.15980083, 691263.20260083, 691269.22270083, 
691274.55460083, 691280.60780083, 691286.39020083, 691308.70340083, 691329.37900083, 691351.09060083, 691372.67820083, 691396.30110083, 691434.97090083, 691442.65590083, 691469.20390083, 691474.05420083, 691480.07900083, 691484.92070083, 691494.99270084, 691529.96890084, 691557.73020084, 691561.70690084, 691565.02870084, 691569.03050084, 691573.54570084, 691578.45760084, 691583.96050084, 691644.65990084, 691651.54020084, 691659.40570084, 691666.53040084, 691672.73830084, 691677.46830084, 691682.19460084, 
691728.32070084, 691775.42560084, 691829.12570084, 691889.59250084, 691900.14910084, 691907.93490084, 691914.34010084, 691923.18150084, 691929.55950084, 691936.67350084, 691942.68190084, 691948.98110085, 692020.29920085, 692066.20990085, 692091.88960085, 692097.09080085, 692102.31210085, 692107.68900085, 692112.75770085, 692118.14190085, 692156.33240085, 692161.97620085, 692202.97140085, 692217.34720085, 692348.41530085, 692383.93190085, 692444.70790086, 692448.36890086, 692448.98390086, 692446.97290086, 
692455.78610086, 692459.56920086, 692461.63640086, 692463.92940086, 692481.85400086, 692499.30090086, 692510.27290086, 692522.80860086, 692534.84590086, 692547.73330086, 692551.87490086, 692553.15430086, 692555.25650086, 692551.20390086, 692548.66650086, 692547.83320086, 692544.93160086, 692542.19370086, 692512.59640086, 692511.19050086, 692510.32980086, 692513.21460086, 692508.22540086, 692515.93250086, 692516.35810086, 692516.70000086, 692516.82520086, 692516.59970086, 692524.33000086, 692524.74140086, 
692525.01460086, 692525.14700086, 692524.96900086, 692532.68430086, 692533.07450086, 692533.47560086, 692533.59410086, 692533.36080086, 692541.20750086, 692541.66390086, 692542.04720086, 692542.16330086, 692541.90310086, 692544.13130086, 692544.59450086, 692544.98120086, 692545.05630086, 692544.76560086, 692546.93820086, 692547.36240086, 692547.77550086, 692547.85650086, 692547.57240086, 692549.75420086, 692550.22910086, 692550.60420086, 692550.68460086, 692550.38800086, 692552.55890086, 692553.01700086, 
692553.42290086, 692553.46560086, 692553.19270086, 692555.32900086, 692555.80280086, 692556.24150086, 692556.33280086, 692556.02080086, 692562.35900086, 692562.76720086, 692563.10650086, 692563.15140086, 692562.89410086, 692569.18630086, 692569.60640086, 692569.92180086, 692569.98590086, 692569.72140086, 692576.02290086, 692576.40670086, 692576.71200086, 692576.77550086, 692576.54840086, 692582.81830086, 692589.89220086, 692590.30690086, 692595.85440086, 692602.77850086, 692613.04370086, 692613.34330086, 
692616.47350086, 692616.78230086, 692629.56570086, 692639.55390086, 692640.26350086, 692654.76000086, 692663.86010086, 692677.10190086, 692685.85660086, 692708.77420086, 692729.22910086, 692736.06660086, 692740.57260086, 692744.58260086, 692749.36230086, 692768.60190086, 692785.14000086, 692794.31840086, 692797.08280086, 692799.47060086, 692802.16020086, 692804.54060086, 692810.11010086, 692812.14070086, 692814.33190086, 692822.84690086, 692835.13500086, 692838.65730086, 692841.15640086, 692843.19800086, 
692843.67710086, 692843.82410086, 692845.77470086, 692848.66210086, 692845.75150086, 692860.24930086, 692860.61680086, 692860.83290087, 692860.88790087, 692860.79340086, 692860.54900087, 692860.15630086, 692859.65870086, 692859.03320086, 692858.30000086, 692857.46010086, 692856.51380086, 692855.49140086, 692854.38300086, 692853.20890086, 692851.97990086, 692844.40410086, 692837.90740086, 692764.89760086, 692751.41060086, 692737.49860086, 692737.13950086, 692723.57610086, 692723.41420086, 692723.03910086, 
692722.32470086, 692721.72420086, 692721.29210086, 692707.92080086, 692704.13080086, 692696.12630086, 692696.52490086, 692700.23480086, 692701.64300086, 692703.03170086, 692704.32470086, 692705.67530086, 692707.01630086, 692708.36650086, 692709.76480086, 692711.13340086, 692712.57050086, 692713.93870086, 692715.36480086, 692716.76180086, 692718.14920086, 692719.61430086, 692721.00150086, 692722.43750086, 692723.77670086, 692725.19290086, 692726.60920086, 692727.98670086, 692729.44180086, 692730.85810086, 
692731.59020086, 692732.25440086, 692733.68070086, 692735.08740086, 692736.50330086, 692737.90990086, 692739.32660086, 692740.75170086, 692742.15880086, 692743.58470086, 692744.96220086, 692746.38800086, 692747.83280086, 692749.21040086, 692750.62610086, 692752.06180086, 692753.45850086, 692754.86520086, 692756.28150086, 692757.64990086, 692758.54580086, 692759.05640086, 692760.35730086, 692761.55220086, 692763.02640086, 692764.41400086, 692765.82030086, 692767.24620086, 692768.65290086, 692770.07920086, 
692771.49550086, 692772.92100086, 692774.33730086, 692775.51280086, 692775.75360086, 692777.19870086, 692778.63410086, 692779.49120086, 692780.03040086, 692781.46580086, 692782.83330086, 692784.24910086, 692785.67370086, 692787.08870086, 692787.54130086, 692788.50380086, 692789.90020086, 692791.35420086, 692792.75070086, 692794.13720086, 692795.55300086, 692796.99770086, 692798.42320086, 692799.82000086, 692801.24560086, 692802.68100086, 692804.13560086, 692805.54310086, 692806.95910086, 692808.37620086, 
692809.79250086, 692811.19880086, 692812.62520086, 692883.51220087, 692890.18070087, 692899.07820087, 692908.61800087, 692916.46850087, 692926.86190087, 692963.68490087, 692972.70010087, 692975.99580087, 692980.77960087, 692984.48680087, 692983.28870087, 692985.24650087, 692984.24120087, 693016.22250087, 693017.16400087, 693020.11220087, 693021.08370087, 693021.98060087, 693026.70260087, 693027.63030087, 693026.67010087, 693029.54690087, 693028.45480087, 693053.29100087, 693056.79450087, 693065.15650087, 
693064.44820087, 693065.80810087, 693066.48190087, 693067.44100087, 693072.83740087, 693076.44720087, 693078.25930087, 693080.11990087, 693081.03180087, 693082.89590087, 693083.81640087, 693084.26210087, 693084.83930087, 693088.00150087, 693088.89340087, 693089.58140087, 693096.05730087, 693096.17370087, 693102.65980087, 693105.01330087, 693107.88120087, 693114.76250087, 693117.56840087, 693120.90250087, 693123.73980087, 693126.72280087, 693132.41020087, 693141.51330087, 693150.28020087, 693181.30190087, 
693238.99860087, 693239.38810087, 693244.44960087, 693227.91450087, 693137.25670087, 693022.12890087, 692968.43760087, 692931.21430087, 692904.56240087, 692878.15830086, 692871.97300086, 692831.69160086, 692797.52530086, 692791.93510086, 692769.59100086, 692750.97930086, 692743.87200086, 692740.10010086, 692735.47270086, 692725.54510086, 692704.77010086, 5336941.15359789, 5336944.2616979, 5336945.2272979, 5336945.2500979, 5336945.1441979, 5336939.1628979, 5336934.1643979, 5336933.3471979, 5336933.5253979, 
5336914.2966979, 5336886.5045979, 5336869.9336979, 5336859.0903979, 5336854.2897979, 5336851.3028979, 5336833.4059979, 5336826.1614979, 5336821.0355979, 5336808.7095979, 5336779.8102979, 5336746.4523979, 5336738.0892979, 5336729.4733979, 5336718.1442979, 5336712.8753979, 5336711.0576979, 5336702.2611979, 5336693.2304979, 5336692.7522979, 5336681.6623979, 5336660.9103979, 5336652.7992979, 5336642.5821979, 5336628.1868979, 5336624.1422979, 5336618.1549979, 5336614.9719979, 5336612.4361979, 5336610.1322979, 
5336607.4089979, 5336602.5530979, 5336601.09379791, 5336599.96589791, 5336598.64169791, 5336597.54469791, 5336592.37389791, 5336589.73179791, 5336586.95909791, 5336582.30459791, 5336581.49129791, 5336580.26269791, 5336578.82479791, 5336577.41919791, 5336575.80629791, 5336575.64479791, 5336575.47349791, 5336574.45159791, 5336573.48399791, 5336560.05649791, 5336547.00099791, 5336528.89579791, 5336501.05769791, 5336479.74209791, 5336455.76239791, 5336450.29459791, 5336401.10959792, 5336384.56759792, 
5336377.45039792, 5336370.01699792, 5336360.80669792, 5336361.27689792, 5336232.60809792, 5336222.55169792, 5336215.12569792, 5336213.21959792, 5336208.69059792, 5336205.83679792, 5336204.99439792, 5336204.52879792, 5336203.29339792, 5336202.89929792, 5336203.27099792, 5336207.40879792, 5336210.90709793, 5336205.47969793, 5336199.97569793, 5336196.43939793, 5336192.71759793, 5336191.23089793, 5336189.36169793, 5336177.97219793, 5336175.56819792, 5336127.70069793, 5336122.98649792, 5336106.99299792, 
5336094.32019792, 5336076.95209792, 5336059.53889792, 5336046.78809792, 5336040.45999792, 5336027.92689792, 5336015.39349792, 5335990.76629792, 5335960.88339792, 5335940.23569792, 5335919.67069792, 5335900.60299793, 5335886.97359792, 5335863.59519793, 5335855.83919792, 5335836.80349793, 5335804.94079793, 5335776.18389793, 5335765.17079793, 5335730.48799793, 5335728.88409793, 5335705.98039793, 5335701.81209793, 5335699.82499793, 5335696.83059793, 5335686.48989793, 5335686.31609793, 5335685.57229793, 
5335684.40259793, 5335682.96139793, 5335675.50719793, 5335670.94019793, 5335662.33459793, 5335658.79549793, 5335643.64299793, 5335630.13469793, 5335617.25879793, 5335616.70719793, 5335607.47899793, 5335597.27039793, 5335594.25399793, 5335591.98919793, 5335587.25259793, 5335584.84369793, 5335580.85609793, 5335583.27819793, 5335569.47109793, 5335558.28569793, 5335554.44879793, 5335555.79299793, 5335555.32129793, 5335557.63609793, 5335556.10979793, 5335551.44649793, 5335546.05839793, 5335543.62489793, 
5335540.49109793, 5335537.43059793, 5335534.05669793, 5335528.24279793, 5335527.35449793, 5335507.91449793, 5335505.86529793, 5335497.05209793, 5335474.74359793, 5335442.65029793, 5335475.81319794, 5335550.68069796, 5335416.95979796, 5335364.34079796, 5335367.28349796, 5335370.02989796, 5335406.10819797, 5335443.26059798, 5335374.45109798, 5335244.563398, 5335141.93939801, 5335093.04899801, 5335090.21209801, 5335073.36359801, 5335005.00899802, 5334943.85689802, 5334804.06839802, 5334771.47949802, 
5334639.94639802, 5334632.97739802, 5334567.11699802, 5334392.41519801, 5334310.69739801, 5334231.11129801, 5334231.80319801, 5334206.59689801, 5334202.01129801, 5334197.72969801, 5334193.39189801, 5334169.10769801, 5334152.67729801, 5334123.65699801, 5334116.62069801, 5334112.92459801, 5334110.03989801, 5334104.75219801, 5334101.78229801, 5334099.01739801, 5334095.46399801, 5334090.748998, 5334049.096198, 5334041.918698, 5334041.406598, 5334041.431998, 5334042.098498, 5334043.02919799, 5334044.59839799, 
5334046.31859799, 5334049.32229799, 5334052.40949799, 5334056.64859799, 5334061.44929799, 5334081.12089799, 5334098.46859799, 5334116.59779799, 5334134.20449799, 5334153.95949799, 5334186.74149798, 5334193.48919798, 5334215.86959798, 5334220.21299798, 5334225.86969798, 5334230.81949798, 5334242.24009798, 5334282.70199798, 5334314.85469797, 5334318.78109797, 5334321.15379798, 5334323.09359797, 5334324.44189797, 5334325.09189798, 5334324.75959797, 5334314.80529797, 5334313.76469797, 5334313.35939797, 
5334313.68249797, 5334314.67309797, 5334315.78239797, 5334317.35049797, 5334335.57699796, 5334354.37229796, 5334375.71789796, 5334399.87489795, 5334403.58279795, 5334405.73849795, 5334406.96899795, 5334408.12179795, 5334408.35379795, 5334408.16749795, 5334407.68269795, 5334406.77789795, 5334393.33879795, 5334386.62959794, 5334382.84929794, 5334382.52519794, 5334382.52959794, 5334383.04259794, 5334384.15759794, 5334385.92009794, 5334405.88739794, 5334408.91379794, 5334334.28019793, 5334308.36039793, 
5334224.80839792, 5334201.34789792, 5334178.72009792, 5334193.06839792, 5334195.51469792, 5334196.01629792, 5334210.45399792, 5334210.74059792, 5334212.41209792, 5334215.22329792, 5334243.16319792, 5334267.50129791, 5334289.83029791, 5334311.47269791, 5334334.45299791, 5334357.10099791, 5334364.10769791, 5334369.10229791, 5334377.21029791, 5334375.14109791, 5334374.49939791, 5334374.28869791, 5334373.98509791, 5334373.84799791, 5334372.35509791, 5334372.48059791, 5334372.99739791, 5334377.79359791, 
5334380.76179791, 5334393.56249791, 5334393.54539791, 5334393.78589791, 5334394.25859791, 5334394.67919791, 5334407.48949791, 5334407.51489791, 5334407.72369791, 5334408.14269791, 5334408.56509791, 5334421.37629791, 5334421.33759791, 5334421.59599791, 5334422.08159791, 5334422.49379791, 5334435.52289791, 5334435.48629791, 5334435.75709791, 5334436.22049791, 5334436.68119791, 5334440.90219791, 5334440.88389791, 5334441.19829791, 5334441.66269791, 5334442.09819791, 5334446.20599791, 5334446.17659791, 
5334446.48039791, 5334446.99689791, 5334447.40149791, 5334451.51919791, 5334451.50409791, 5334451.81539791, 5334452.24369791, 5334452.71449791, 5334456.83129791, 5334456.81109791, 5334457.15419791, 5334457.66209791, 5334458.02669791, 5334462.36369791, 5334462.28819791, 5334462.57449791, 5334463.09239791, 5334463.51049791, 5334477.25879791, 5334477.28679791, 5334477.60639791, 5334478.04649791, 5334478.42079791, 5334492.06949791, 5334492.10239791, 5334492.39259791, 5334492.82549791, 5334493.23149791, 
5334506.89039791, 5334506.94049791, 5334507.23259791, 5334507.63839791, 5334508.03189791, 5334521.62639791, 5334518.36009791, 5334519.26669791, 5334518.44199791, 5334518.24099791, 5334520.89349791, 5334521.16549791, 5334524.0406979, 5334524.3329979, 5334525.76519791, 5334530.8661979, 5334531.4041979, 5334542.2767979, 5334550.1401979, 5334561.6290979, 5334570.1394979, 5334594.4188979, 5334619.8869979, 5334629.5596979, 5334636.1707979, 5334642.3933979, 5334649.43679789, 5334679.84279789, 5334706.89839789, 
5334722.49949789, 5334727.84059789, 5334733.33629789, 5334743.40579789, 5334750.88199789, 5334772.85359789, 5334780.32949789, 5334784.95949789, 5334794.70159789, 5334807.97019789, 5334813.58129789, 5334820.78329789, 5334820.27289789, 5334820.56179789, 5334821.14789789, 5334820.66399789, 5334834.36809789, 5334835.09509789, 5334893.21569789, 5334894.57099789, 5334895.96049789, 5334897.37379789, 5334898.77119789, 5334900.16279789, 5334901.50859789, 5334902.72019789, 5334903.87679789, 5334904.96909789, 
5334905.97709789, 5334906.89089789, 5334907.70169789, 5334908.40899789, 5334909.00359789, 5334909.46589789, 5334908.17949789, 5334906.16399789, 5334830.0048979, 5334812.72819789, 5334791.7182979, 5334791.1736979, 5334794.5858979, 5334795.1200979, 5334795.5258979, 5334795.7393979, 5334795.5743979, 5334795.1577979, 5334798.5212979, 5334799.4745979, 5334801.4838979, 5334802.0397979, 5334806.4769979, 5334807.8324979, 5334809.1771979, 5334810.4083979, 5334811.7018979, 5334812.9849979, 5334814.2885979, 
5334815.6441979, 5334816.9886979, 5334818.3758979, 5334819.7304979, 5334821.1375979, 5334822.5234979, 5334823.8990979, 5334825.3376979, 5334826.7232979, 5334828.1407979, 5334829.4742979, 5334830.8806979, 5334832.2870979, 5334833.6618979, 5334835.0995979, 5334836.5057979, 5334837.2348979, 5334837.9111979, 5334839.3175979, 5334840.7131979, 5334842.1291979, 5334843.5246979, 5334844.9204979, 5334846.3565979, 5334847.7418979, 5334849.1580979, 5334850.5327979, 5334851.94969789, 5334853.3874979, 5334854.7526979, 
5334856.16939789, 5334857.5868979, 5334858.98279789, 5334860.3790979, 5334861.78579789, 5334863.14059789, 5334864.0363979, 5334864.54689789, 5334865.83889789, 5334867.02679789, 5334868.49579789, 5334869.8709979, 5334871.27709789, 5334872.69399789, 5334874.0901979, 5334875.49719789, 5334876.90389789, 5334878.33109789, 5334879.73789789, 5334880.90509789, 5334881.14479789, 5334882.58289789, 5334884.01039789, 5334884.86439789, 5334885.40589789, 5334886.82289789, 5334888.18719789, 5334889.58299789, 5334891.00909789, 
5334892.42489789, 5334892.87279789, 5334893.84079789, 5334895.22589789, 5334896.67339789, 5334898.05869789, 5334899.44369789, 5334900.84979789, 5334902.28719789, 5334903.70389789, 5334905.08949789, 5334906.50629789, 5334907.93349789, 5334909.38129789, 5334910.75699789, 5334912.17299789, 5334913.55889789, 5334914.96479789, 5334916.37029789, 5334917.77669789, 5334987.83769789, 5334995.20519788, 5335005.98279789, 5335019.02689788, 5335030.73089788, 5335047.76689788, 5335115.27669788, 5335132.94499788, 
5335140.25049788, 5335151.30279788, 5335159.86309788, 5335161.58739788, 5335169.64909788, 5335170.02009788, 5335293.24049788, 5335292.96709788, 5335303.60839788, 5335303.33629788, 5335306.77329788, 5335324.29779788, 5335327.71699788, 5335327.95969788, 5335338.64159787, 5335338.92919788, 5335430.47089787, 5335446.23109787, 5335488.85719787, 5335489.05959787, 5335497.28009787, 5335497.19639787, 5335503.38939787, 5335541.10299787, 5335572.82329787, 5335588.48579787, 5335604.44939787, 5335612.39289787, 
5335628.27249787, 5335636.24719787, 5335640.19809787, 5335645.13509787, 5335672.98129787, 5335680.92039787, 5335686.90059787, 5335744.60659787, 5335750.09429787, 5335806.53949787, 5335827.25509787, 5335844.72279787, 5335888.24019787, 5335899.90029787, 5335912.35169787, 5335922.23779787, 5335931.48929787, 5335946.35139787, 5335968.32949787, 5335988.52729786, 5336048.82039786, 5336156.21309786, 5336155.97809786, 5336164.41979786, 5336174.53139786, 5336231.94069787, 5336304.36339787, 5336365.35819788, 
5336412.02879788, 5336473.83719788, 5336522.24429788, 5336571.01769788, 5336692.42849789, 5336774.81479789, 5336785.12599789, 5336834.78579789, 5336884.16079789, 5336908.86289789, 5336918.85309789, 5336925.48179789, 5336934.35879789, 5336941.15359789))",8.143322475570033
vablock_stadtbezirk.21,14,Berg am Laim,6315330.58899,Berg am Laim,47367,75,5,"list(c(696816.48850096, 696798.79430096, 696734.09190095, 696674.47510095, 696617.81420095, 696602.88660095, 696531.35820095, 696507.00230095, 696497.09950095, 696459.87430095, 696433.04550095, 696406.13630095, 696379.22300095, 696371.42000095, 696352.31080094, 696325.51340094, 696298.84280094, 696222.90120094, 696146.67270094, 696097.33980094, 696092.35540094, 696060.19300094, 696029.20010094, 696021.65150094, 696014.19270094, 696005.02270094, 695987.42670094, 695951.15360094, 695935.19850094, 695913.30350093, 
695911.59920093, 695907.83900093, 695904.12090093, 695896.46660093, 695884.42830093, 695882.12810093, 695883.83130093, 695884.74280093, 695885.35980093, 695678.35220093, 695647.62440093, 695615.46790093, 695614.71860093, 695614.64210093, 695537.29440093, 695483.34500092, 695384.05940092, 695274.32360092, 695242.69270092, 695246.55030092, 695241.80790092, 695231.92730092, 695225.41950092, 695222.74900092, 695219.07950092, 695212.69790092, 695198.59060092, 695199.76850092, 695200.15600092, 695198.19780092, 
695070.06210092, 695059.07480091, 695009.42770091, 694977.37180091, 694949.37620091, 694888.28880091, 694867.79880091, 694823.32760091, 694823.50160091, 694826.90470091, 694853.49650091, 694853.39280091, 694823.33880091, 694805.52310091, 694767.77290091, 694764.05900091, 694735.18490091, 694705.94100091, 694678.98310091, 694666.65480091, 694657.44660091, 694648.93500091, 694638.82560091, 694633.3168009, 694628.7734009, 694600.5359009, 694583.0716009, 694576.8222009, 694535.2652009, 694500.8732009, 
694493.3715009, 694456.7267009, 694422.6302009, 694417.0346009, 694411.6806009, 694389.5195009, 694385.4182009, 694339.5256009, 694338.3374009, 694334.1210009, 694342.4093009, 694326.6269009, 694322.8133009, 694322.2141009, 694319.6034009, 694316.2162009, 694315.2595009, 694294.3929009, 694272.2969009, 694269.8570009, 694267.7540009, 694262.7134009, 694219.1705009, 694150.76500089, 694143.77490089, 694135.18530089, 694127.30570089, 694115.75920089, 694107.15390089, 694083.69430089, 694066.06760089, 
694014.24180089, 693967.41320089, 693956.03150089, 693911.38230089, 693903.51560089, 693832.20090089, 693762.85270089, 693728.18060088, 693719.81780088, 693713.69970088, 693706.36350088, 693699.05910088, 693691.52020088, 693682.88270088, 693674.13290088, 693668.08730088, 693662.87640088, 693651.79840088, 693643.92620088, 693644.61660088, 693644.06710088, 693624.97140088, 693618.46960088, 693618.52520088, 693605.97500088, 693600.01870088, 693594.21030088, 693588.92900088, 693584.43700088, 693566.49820088, 
693560.73110088, 693554.85910088, 693622.94890088, 693750.09960089, 693940.59760089, 694121.88040089, 694258.0494009, 694377.8330009, 694451.6349009, 694472.2150009, 694739.87710091, 694989.86490091, 695130.38620092, 695291.29820092, 695414.09830092, 695530.57760093, 695694.90460093, 695708.51940093, 695769.07240093, 695893.08570093, 695898.68910093, 696058.56040094, 696196.28870094, 696333.11570095, 696482.59880095, 696586.58310095, 696670.02520095, 696698.65590095, 696761.02300096, 696801.81590096, 
696865.27830096, 696969.11980096, 696978.82300096, 697029.43880096, 697057.82260096, 697083.43140096, 697108.29920096, 697172.79600097, 697194.27170097, 697198.41770097, 697206.58650097, 697212.48100097, 697213.42580097, 697266.99760097, 697338.03290097, 697342.21140097, 697412.33270097, 697403.66550097, 697491.86810097, 697497.10680097, 697501.01630097, 697561.92760097, 697614.13350098, 697656.70650098, 697664.78680098, 697660.09340098, 697656.44610098, 697652.29870098, 697649.30520098, 697647.65780098, 
697622.14150098, 697600.09160098, 697597.13020098, 697581.74920097, 697564.94060097, 697564.07150097, 697562.48460097, 697558.78780097, 697554.45260097, 697553.86960097, 697548.48450097, 697551.76180097, 697548.83410097, 697533.40910097, 697517.69200097, 697514.83170097, 697494.89100097, 697493.16430097, 697487.32580097, 697462.15080097, 697449.67760097, 697444.35500097, 697441.37480097, 697437.05040097, 697429.27220097, 697424.20790097, 697422.81870097, 697401.50250097, 697385.28680097, 697370.74080097, 
697342.85670097, 697286.20700097, 697266.80460097, 697264.20160097, 697246.97000097, 697229.50040097, 697207.43070097, 697199.37490097, 697138.67530096, 697134.09140096, 697124.38840096, 697120.96470096, 697120.45120096, 697065.25010096, 697014.67070096, 697006.83820096, 696965.50860096, 696937.82390096, 696877.18640096, 696846.84510096, 696816.48850096, 5334799.1828976, 5334801.1755976, 5334808.45019761, 5334815.15249761, 5334821.52409762, 5334823.20619762, 5334831.24599762, 5334833.98909762, 5334835.10409763, 
5334839.29679763, 5334841.72299763, 5334842.92479763, 5334842.99519763, 5334842.66049764, 5334841.74429764, 5334839.34129764, 5334835.74929764, 5334823.75899765, 5334811.69229765, 5334803.86879766, 5334788.51019766, 5334766.41399766, 5334742.31149766, 5334737.22209766, 5334732.88689766, 5334727.54379766, 5334717.29079766, 5334703.59469767, 5334701.88199767, 5334699.53439767, 5334695.00399767, 5334694.93779767, 5334694.86969767, 5334694.73009767, 5334694.50789767, 5334694.46849767, 5334689.80959767, 
5334687.25409767, 5334685.52409767, 5334728.91329769, 5334733.74319769, 5334736.44939769, 5334744.73809769, 5334745.58529769, 5334737.2701977, 5334729.5079977, 5334720.63349771, 5334710.91619772, 5334718.56689772, 5334719.67729772, 5334720.99479772, 5334724.25489772, 5334726.86529772, 5334728.08299772, 5334729.76249772, 5334732.96829772, 5334740.57869772, 5334728.30349772, 5334724.51509772, 5334723.91879772, 5334684.81999773, 5334681.45819773, 5334671.17079774, 5334662.37089774, 5334652.90769774, 
5334637.47559775, 5334631.69209775, 5334626.51259775, 5334625.89879775, 5334614.58079775, 5334503.53809775, 5334496.43759775, 5334497.20809775, 5334496.09619775, 5334493.84809775, 5334493.62339776, 5334489.60119776, 5334483.78099776, 5334477.32879776, 5334473.82739776, 5334471.20739776, 5334468.78279776, 5334465.24389777, 5334463.31669777, 5334461.26729777, 5334448.35769777, 5334440.38759777, 5334437.15099777, 5334415.65339777, 5334394.05049778, 5334389.34309778, 5334361.64239778, 5334335.81399778, 
5334330.73209778, 5334325.86939778, 5334305.76339778, 5334301.10979778, 5334249.11989779, 5334247.77249779, 5334242.99389779, 5334238.82279779, 5334212.98819779, 5334215.32099779, 5334210.42369779, 5334204.24639779, 5334198.47849779, 5334196.83979779, 5334161.80769779, 5334125.46799779, 5334121.07059779, 5334116.75629779, 5334105.16359779, 5334031.7771978, 5333917.6721978, 5333906.0125978, 5333891.7853978, 5333880.8989978, 5333867.1910978, 5333858.1409978, 5333833.45989781, 5333814.89719781, 5333760.26999781, 
5333710.98409782, 5333698.99019782, 5333651.91029782, 5333643.61929782, 5333568.14049782, 5333494.73259783, 5333457.84019783, 5333449.02879783, 5333451.68069783, 5333454.53569783, 5333456.83229783, 5333458.67039783, 5333459.92479783, 5333460.72669784, 5333460.97409784, 5333460.86339784, 5333459.83899784, 5333458.49729784, 5333454.13159784, 5333453.33939784, 5333448.21369784, 5333446.33049784, 5333444.91139784, 5333440.30789784, 5333437.77339784, 5333435.30459784, 5333432.42599784, 5333429.58819784, 
5333410.72689784, 5333404.14809784, 5333396.30299784, 5333347.90329784, 5333233.11049783, 5333016.19859782, 5333038.61129781, 5333045.8109978, 5333039.24959779, 5333032.99129778, 5333031.54849778, 5333013.85789776, 5332997.85999774, 5332988.91179773, 5332974.50769772, 5332953.75709771, 5332924.0318977, 5332874.74629769, 5332870.66119769, 5332852.49849769, 5332815.31139768, 5332813.96069768, 5332777.71449767, 5332753.47399766, 5332722.49969764, 5332665.37659763, 5332608.24969762, 5332548.15159762, 
5332524.86339762, 5332472.02549761, 5332491.58389761, 5332463.1402976, 5332409.64429759, 5332437.2436976, 5332581.21359759, 5332655.35739759, 5332718.38199758, 5332779.83689758, 5332943.69069758, 5332980.02519758, 5332988.72409758, 5333006.22989757, 5333018.84529757, 5333020.86819757, 5332996.46859757, 5333156.64139756, 5333165.68589756, 5333329.19649756, 5333342.59979756, 5333564.55459755, 5333583.58459755, 5333598.36669755, 5333749.06119754, 5333884.67659754, 5333980.07599754, 5333998.04269754, 
5334001.17299754, 5334003.60289754, 5334007.29369754, 5334011.91959754, 5334017.19879754, 5334046.93319754, 5334079.35909754, 5334084.96809754, 5334114.05879754, 5334149.53669754, 5334150.01299754, 5334152.21219754, 5334157.69099754, 5334170.79129755, 5334169.57759754, 5334185.98069754, 5334192.75289754, 5334194.17969755, 5334246.99839755, 5334300.81049755, 5334310.24509755, 5334379.69739755, 5334385.71519755, 5334406.03459755, 5334495.75809755, 5334540.26899755, 5334537.16839755, 5334546.83229755, 
5334583.82929755, 5334613.66099755, 5334633.09719755, 5334638.41709755, 5334711.53079755, 5334754.76439756, 5334756.15519756, 5334758.81259756, 5334764.34939756, 5334766.24229756, 5334766.50109756, 5334768.17879757, 5334769.88759757, 5334774.08209757, 5334775.61779757, 5334779.35159758, 5334775.52909758, 5334773.62949758, 5334774.16669758, 5334774.24679758, 5334782.87529758, 5334790.68569758, 5334792.07239759, 5334795.72309759, 5334797.12629759, 5334802.4079976, 5334799.2742976, 5334799.1828976))",1.0555872231722507
vablock_stadtbezirk.22,22,Aubing-Lochhausen-Langwied,34057321.80287,Aubing - Lochhausen - Langwied,NA,18,6,"list(c(680687.91190062, 680691.94690062, 680693.84840062, 680696.05020062, 680696.49340062, 680693.73430062, 680688.15070062, 680666.06980062, 680542.65130062, 680538.74950062, 680436.06280062, 680357.24320062, 680349.39350062, 680317.84290062, 680306.96570062, 680251.27430062, 680249.98620062, 680248.41810062, 680244.17460062, 680232.98730062, 680199.62560062, 679998.32270061, 679848.60970061, 679828.62580061, 679779.95190061, 679764.13300061, 679755.55620061, 679752.41120061, 679734.18200061, 679727.42220061, 
679719.89230061, 679714.92460061, 679709.06910061, 679632.82280061, 679586.68800061, 679572.07130061, 679337.0227006, 679298.7223006, 679284.3090006, 679279.0354006, 679268.4039006, 679057.0040006, 678996.9959006, 678982.3671006, 678875.81370059, 678828.84280059, 678818.85940059, 678813.11250059, 678681.82120059, 678675.54440059, 678669.57080059, 678669.33680059, 678540.11500059, 678536.50470059, 678506.77140059, 678504.05110059, 678493.92520059, 678483.89940059, 678482.99620059, 678476.42220059, 
678452.08040059, 678449.49960059, 678441.25460059, 678432.72860059, 678394.24440059, 678368.38680059, 678350.43270058, 678345.29590058, 678340.60960058, 678287.86170058, 678264.41680058, 678201.67490058, 678145.96690058, 678127.44670058, 678125.71650058, 678110.53100058, 677798.20140058, 677647.79770057, 677646.81250057, 677645.67110057, 677636.84920057, 677634.59020057, 677632.44950057, 677633.33630057, 677631.50210057, 677628.76070057, 677625.27350057, 677624.95500057, 677624.51380057, 677623.71870057, 
677621.24140057, 677618.56730057, 677616.78850057, 677613.32760057, 677610.86090057, 677608.39310057, 677609.70020057, 677609.60430057, 677603.50370057, 677601.95690057, 677596.47900057, 677599.18910057, 677597.68430057, 677596.47920057, 677594.07000057, 677589.41290057, 677584.96450057, 677582.13220057, 677579.23960057, 677575.17600057, 677571.44390057, 677568.43390057, 677562.80480057, 677557.41880057, 677551.52570057, 677547.18710057, 677536.00930057, 677529.17030057, 677524.28900057, 677520.69390057, 
677518.58650057, 677515.17380057, 677514.13530057, 677512.21110057, 677510.53970057, 677635.80100057, 677672.19970057, 677661.86760057, 677683.53440057, 677737.73070057, 677787.18810058, 677793.05320058, 677790.96160058, 677791.33790058, 677793.09760058, 677793.17390058, 677791.09110058, 677791.09000058, 677785.14050058, 677783.52870058, 677782.66110058, 677781.51710058, 677779.30330058, 677775.94470058, 677767.03340058, 677753.40090057, 677743.15710057, 677731.75810057, 677781.71520058, 677875.80990058, 
677878.27410058, 677881.14230058, 677883.34010058, 677878.81250058, 677872.00600058, 677858.72150058, 677832.19060058, 677791.77590058, 677753.96410058, 677720.91100057, 677716.26430057, 677711.08950057, 677696.94890057, 677686.53730057, 677586.66960057, 677573.04360057, 677570.74010057, 677559.32640057, 677541.87680057, 677534.31970057, 677513.61150057, 677474.64080057, 677469.25590057, 677464.29930057, 677423.09490057, 677380.84240057, 677315.55260057, 677314.36650057, 677311.88160057, 677286.60580057, 
677281.54410057, 677276.48200057, 677265.20030057, 677253.68400057, 677182.46260057, 677167.41790057, 677153.07460057, 677145.86130057, 677142.51300057, 677140.24650057, 677138.77290057, 677120.02730056, 677108.80770056, 677094.97190056, 677092.40780056, 677086.17800056, 677073.28880056, 677064.67510056, 677055.61140056, 677054.69800056, 677048.78190056, 677043.82100056, 677033.49860056, 677027.79240056, 677020.71070056, 676998.16260056, 676996.09940056, 676993.21550056, 676909.35740056, 676879.52140056, 
676789.31700056, 676742.66560056, 676724.89990056, 676631.56930056, 676567.48910056, 676556.72780056, 676553.02580056, 676550.75090056, 676550.44760056, 676548.11930056, 676544.02770056, 676538.76710056, 676458.28840055, 676449.32070055, 676442.72040055, 676432.61990055, 676293.55400055, 676283.23820055, 676272.37520055, 676263.89520055, 676257.60070055, 676233.73590055, 676189.62340055, 676122.11350055, 676116.18340055, 676112.69330055, 676110.83240055, 676110.63150055, 676112.60910055, 676164.51030055, 
676162.70070055, 676149.56560055, 676147.47410055, 676146.52550055, 676137.12180055, 676135.61170055, 676125.38260055, 676119.81630055, 676110.48090055, 676108.20700055, 676104.33000055, 676104.97180055, 676105.07500055, 676103.34300055, 676100.25960055, 676100.56600055, 676100.86720055, 676097.95000055, 676097.45500055, 676098.25960055, 676093.70250055, 676093.58470055, 676093.24140055, 676090.15420055, 676091.87710055, 676092.26120055, 676090.05240055, 676085.52610055, 676085.04050055, 676079.46910055, 
676077.01460055, 676071.20960055, 676068.29880055, 676065.17300055, 676064.58720055, 676061.06280055, 676050.80240055, 676036.36770055, 676034.97570055, 676034.51790055, 676031.37720055, 676026.43820055, 676021.61190055, 676023.14040055, 676021.04910055, 676003.33570055, 675996.15620055, 675983.68760055, 675958.47330055, 675940.53520055, 675925.24350055, 675910.59790055, 675899.61140055, 675884.35390055, 675871.01650055, 675858.53660055, 675843.53700054, 675826.76260054, 675811.47820054, 675789.80570054, 
675768.14220054, 675753.54150054, 675690.45420054, 675691.67830054, 675689.85940054, 675687.03140054, 675684.12250054, 675661.00560054, 675641.74280054, 675628.87740054, 675627.34160054, 675621.14940054, 675598.47110054, 675591.07690054, 675589.34320054, 675561.10360054, 675559.40690054, 675560.33180054, 675561.99200054, 675564.59450054, 675579.17000054, 675581.57900054, 675584.00710054, 675634.45090054, 675682.14970054, 675711.08280054, 675771.02990054, 675778.46620054, 675827.42250054, 675853.70970055, 
675876.67350055, 675906.68300055, 675910.16270055, 675954.73580055, 675993.14070055, 676037.79390055, 676119.72230055, 676202.09580055, 676262.71400055, 676294.81430055, 676310.79560055, 676320.27430055, 676332.85230055, 676327.39990055, 676311.88000055, 676296.69220055, 676288.51860055, 676278.78170055, 676278.63230055, 676272.50030055, 676263.78730055, 676264.87670055, 676265.52220055, 676271.61030055, 676273.30260055, 676271.53020055, 676271.20150055, 676266.18870055, 676256.19830055, 676246.78060055, 
676245.89820055, 676256.36810055, 676253.73560055, 676235.93260055, 676238.76060055, 676240.23480055, 676242.20430055, 676311.95700055, 676394.83690055, 676496.06500056, 676536.01510056, 676613.87070056, 676617.74060056, 676637.20410056, 676541.03240056, 676545.32990056, 676565.43090056, 676569.38560056, 676569.51200056, 676587.62100056, 676527.78880056, 676524.79040056, 676551.75080056, 676679.11020056, 676781.37930056, 676858.24690056, 676856.89440056, 676869.14070056, 676908.97570056, 676967.81040056, 
676967.64520056, 676967.36510056, 677048.48720056, 677084.25770056, 677128.73060057, 677220.75770057, 677225.05240057, 677228.54290057, 677230.38620057, 677231.98100057, 677235.59740057, 677239.19780057, 677239.37080057, 677244.51470057, 677245.71060057, 677250.46930057, 677253.61870057, 677253.91310057, 677253.95340057, 677312.47900057, 677315.14870057, 677315.87220057, 677317.18900057, 677318.93010057, 677334.57400057, 677390.36420057, 677429.00000057, 677563.74750057, 677568.46840057, 677580.36530057, 
677627.87260057, 677645.62420057, 677703.86340057, 677762.94420058, 677764.80920058, 677783.55870058, 677785.53430058, 677789.99730058, 677793.91010058, 677772.83470058, 677730.63970058, 677731.29390058, 677734.22770058, 677741.76400058, 677828.56030058, 677815.09200058, 677817.02440058, 677793.46070058, 677803.14200058, 677883.10310058, 677793.95740058, 677793.95970058, 677772.19500058, 677755.50260058, 677755.89860058, 677757.27550058, 677863.20580058, 677929.55090058, 677945.19380058, 677960.59690058, 
677961.04780058, 677962.19460058, 677964.79500058, 677967.63320058, 677967.87540058, 677969.21850058, 677965.66410058, 677917.80050058, 677907.36490058, 677866.67390058, 677845.31010058, 677807.09070058, 677822.83980058, 677750.13210058, 677752.40120058, 677756.20810058, 677737.88370058, 677709.24410057, 677678.97060057, 677683.85820057, 677684.14280057, 677684.74780057, 677686.91160057, 677693.47970057, 677697.90860057, 677698.13560057, 677698.85670057, 677701.36040057, 677702.48960057, 677703.40510057, 
677709.91120057, 677706.99040057, 677724.14140058, 677742.93010058, 677744.48960058, 677757.21230058, 677768.69780058, 677777.27860058, 677779.60280058, 677778.48350058, 677778.29030058, 677779.23290058, 677779.81520058, 677780.13050058, 677780.11560058, 677779.81560058, 677779.21100058, 677777.33150058, 677776.32040058, 677775.07010058, 677776.31750058, 677772.19700058, 677767.49330058, 677766.11360058, 677756.30200058, 677755.25870058, 677751.99330058, 677751.07070058, 677746.83130058, 677735.28380058, 
677738.66260058, 677748.12120058, 677808.43560058, 677818.47230058, 677892.43610058, 678042.50690058, 678057.96970058, 678065.88750058, 678141.10310058, 678163.37770058, 678174.25910058, 678181.46360058, 678184.76580058, 678186.79640058, 678290.91900058, 678478.50160059, 678667.47870059, 678753.97830059, 678758.85740059, 678760.43960059, 678774.75280059, 678776.47290059, 678785.40040059, 678795.73120059, 678855.11890059, 678867.32810059, 678873.38270059, 678874.82950059, 678880.98350059, 678885.52190059, 
678984.0609006, 679184.7693006, 679195.2005006, 679222.5273006, 679253.5106006, 679328.8882006, 679420.7499006, 679481.7832006, 679525.44730061, 679535.57420061, 679540.65540061, 679545.19990061, 679552.14720061, 679574.70350061, 679661.36150061, 679732.80940061, 679740.21960061, 679836.54120061, 679844.47900061, 679868.32000061, 679882.51870061, 679893.53060061, 679906.22280061, 679912.02900061, 679938.49820061, 679971.54850061, 679973.22930061, 679974.04980061, 680004.84360061, 680026.93500061, 
680111.69930062, 680228.34810062, 680231.13740062, 680270.81920062, 680289.02260062, 680299.29060062, 680313.65930062, 680315.34420062, 680328.52990062, 680333.83440062, 680346.43350062, 680358.31350062, 680369.93300062, 680381.38090062, 680392.86720062, 680405.73860062, 680418.61460062, 680419.38930062, 680423.80060062, 680437.92150062, 680447.48480062, 680451.49360062, 680452.84270062, 680457.25590062, 680458.95270062, 680466.52190062, 680469.61030062, 680469.81120062, 680481.22170062, 680484.08200062, 
680491.24150062, 680497.72440062, 680501.26930062, 680504.07060062, 680507.39980062, 680513.43870062, 680516.15920062, 680526.56820062, 680540.04100062, 680544.16830062, 680576.78010062, 680581.47190062, 680585.93740062, 680589.98930062, 680590.30230062, 680604.52990062, 680605.29210062, 680619.11080062, 680633.23880062, 680642.74180062, 680647.32650063, 680655.02860062, 680669.43750062, 680683.89580063, 680698.39660063, 680712.94480063, 680720.81440063, 680733.86690063, 680749.70380063, 680777.31610063, 
680811.66660063, 680846.21460063, 680856.86360063, 680882.81340063, 680922.11280063, 680925.08630063, 680933.53360063, 680971.96470063, 680979.04610063, 681008.76640063, 681022.65490063, 681033.21100063, 681064.03710063, 681074.37040063, 681076.09260063, 681078.83040063, 681103.87860063, 681124.22430063, 681125.55380063, 681140.26310063, 681169.17750063, 681194.47960063, 681198.05760063, 681200.15390063, 681200.29850063, 681205.90670063, 681219.96750063, 681223.52210063, 681224.18640063, 681233.19040063, 
681245.88030063, 681256.29340063, 681267.97100064, 681277.90010064, 681279.26910064, 681289.39380064, 681300.33530064, 681312.55500064, 681323.27900064, 681323.38760064, 681326.14640064, 681327.48160064, 681328.91510064, 681336.34460064, 681358.69440064, 681384.28760064, 681379.48820064, 681386.26380064, 681392.68920064, 681399.91120064, 681407.25160064, 681416.50470064, 681427.27030064, 681451.68160064, 681453.02950064, 681475.91550064, 681484.58660064, 681493.14800064, 681498.55120064, 681504.92950064, 
681511.57470064, 681513.53490064, 681517.54890064, 681524.81470064, 681532.09340064, 681539.00800064, 681547.15560064, 681554.38190064, 681561.49070064, 681570.21860064, 681578.24990064, 681587.11430064, 681596.01110064, 681599.52870064, 681600.69810064, 681606.91390064, 681608.66070064, 681608.70210064, 681614.91330064, 681615.72310064, 681616.61200064, 681617.17030064, 681618.21110064, 681622.05670064, 681625.69880064, 681632.92010064, 681653.76110064, 681665.99060064, 681667.00100064, 681685.83870064, 
681693.16900064, 681693.67730064, 681698.53690064, 681716.87870064, 681730.22200064, 681751.28890064, 681775.29780064, 681769.39210064, 681783.05270064, 681786.02730064, 681786.92530064, 681795.12910064, 681798.47440064, 681800.94030064, 681802.41090064, 681824.07220064, 681830.86280064, 681855.52030065, 681866.02270065, 681883.22100065, 681889.74850065, 681899.45910065, 681910.28430065, 681932.30690065, 681966.48310065, 682000.34460065, 682005.80940065, 682038.27930065, 682084.59950065, 682115.53070065, 
682122.35920065, 682124.28300065, 682203.27160065, 682304.29080065, 682331.35520065, 682341.41930065, 682366.45480065, 682460.19240066, 682468.82120066, 682477.77020066, 682430.63840066, 682415.91990066, 682415.31430066, 682412.37100066, 682394.41000065, 682393.47540065, 682374.85470065, 682373.98070065, 682361.30790065, 682359.20580065, 682346.46990065, 682332.73680065, 682324.22570065, 682298.74100065, 682258.57300065, 682247.57060065, 682238.71620065, 682208.88630065, 682177.13770065, 682161.02780065, 
682156.46530065, 682132.66340065, 682127.66760065, 682102.28160065, 682029.22940065, 682010.85030065, 682009.19580065, 681992.73700065, 681942.71270065, 681927.86610065, 681897.45050065, 681831.52630064, 681791.14580064, 681758.70740064, 681725.17800064, 681712.25290064, 681695.97560064, 681679.47320064, 681671.38080064, 681663.44500064, 681664.53990064, 681662.47660064, 681648.27760064, 681643.87740064, 681634.01980064, 681628.21460064, 681619.65510064, 681605.17360064, 681596.84360064, 681590.63640064, 
681576.00270064, 681561.27300064, 681546.42680064, 681531.53390064, 681516.50730064, 681501.42190064, 681486.23090064, 681470.97340064, 681455.61070064, 681440.17100064, 681424.64490064, 681409.03990064, 681393.35080064, 681377.59880064, 681361.79280064, 681349.64300064, 681330.16080064, 681309.29870064, 681280.36790063, 681264.78520063, 681249.21950063, 681235.25700063, 681233.67910063, 681218.60690063, 681204.30140063, 681188.43930063, 681161.75730063, 681111.25490063, 681078.72670063, 681059.31090063, 
681034.58590063, 680995.05850063, 680906.77900063, 680914.22960063, 680925.10270063, 680929.00270063, 680964.16870063, 680966.93250063, 680971.16470063, 680979.25510063, 680967.57950063, 680966.10690063, 680967.09950063, 680967.94980063, 680970.27770063, 680973.02930063, 680982.74750063, 680992.46150063, 681002.32780063, 681006.23890063, 681018.84800063, 681024.92930063, 681031.45940063, 681041.50930063, 681047.85110063, 681060.68160063, 681083.85310063, 681104.74580063, 681114.24800063, 681116.68160063, 
681127.64000063, 681141.31720063, 681151.57930063, 681170.00400063, 681178.76100063, 681194.07140063, 681209.37910063, 681225.63920063, 681245.43440063, 681283.33510063, 681294.76140064, 681296.84150064, 681299.16260064, 681383.69350064, 681416.11470064, 681432.76720064, 681438.40010064, 681431.28800064, 681428.87010064, 681425.61360064, 681422.91960064, 681419.59840064, 681415.69260064, 681419.83010064, 681419.13160064, 681418.20560064, 681404.05150064, 681399.37020064, 681395.53030064, 681322.40470064, 
681271.14030063, 681270.03750063, 681269.02100063, 681268.10200063, 681267.28020063, 681266.55600063, 681265.95000063, 681265.41700063, 681265.02220063, 681264.76650063, 681264.66020063, 681264.69410063, 681264.86830063, 681265.19310063, 681265.64930063, 681266.24770063, 681266.98830063, 681267.84110063, 681268.82760063, 681269.91720063, 681338.73630064, 681356.35070064, 681357.82930064, 681359.28830064, 681349.78930064, 681348.16620064, 681331.55010064, 681311.25050064, 681292.08060063, 681266.46090063, 
681251.16600063, 681251.13450063, 681245.99620063, 681237.13390063, 681230.52750063, 681222.46490063, 681214.55160063, 681209.40560063, 681208.31900063, 681314.78830064, 681379.24580064, 681433.40230064, 681529.59250064, 681527.13460064, 681513.43620064, 681512.00020064, 681449.37780064, 681377.19680064, 681376.38650064, 681276.86780063, 681269.04200063, 681266.35290063, 681263.60290063, 681254.87920063, 681252.03720063, 681201.14680063, 681163.61100063, 681148.97590063, 681120.31900063, 681110.86260063, 
681110.07400063, 681107.83020063, 681108.09770063, 681128.63920063, 681172.86240063, 681173.99140063, 681177.37920063, 681104.65100063, 681098.16140063, 681061.26790063, 681029.22520063, 681008.39550063, 681006.00100063, 680994.74870063, 680979.67050063, 680892.97970063, 680880.62150063, 680785.21970063, 680731.07110062, 680719.08200062, 680722.26520062, 680711.31650062, 680697.88390062, 680685.81170062, 680670.51050062, 680665.52320062, 680664.68390062, 680657.46160062, 680630.44450062, 680628.75910062, 
680627.71000062, 680774.32820063, 680843.22700063, 680910.06390063, 680966.88340063, 681008.68370063, 681081.23480063, 681153.62160063, 681155.47030063, 681156.21670063, 681156.88950063, 681157.69020063, 681158.25760063, 681158.21170063, 681158.08120063, 681157.38550063, 681156.23310063, 681154.42530063, 681151.15840063, 681149.09200063, 681146.93280063, 681144.16270063, 681140.22500063, 681134.57970063, 681129.21420063, 681124.37600063, 681115.82990063, 681107.82690063, 681094.27640063, 681084.90210063, 
681077.67150063, 681073.32120063, 681068.21920063, 681061.45190063, 681057.16190063, 681054.86200063, 681053.41990063, 681052.62640063, 681053.01590063, 681054.87130063, 681055.98640063, 681059.21490063, 681062.84470063, 681066.19990063, 681071.77450063, 681078.14840063, 681082.29180063, 681092.54790063, 681101.02850063, 681109.47670063, 681120.93120063, 681143.20380063, 681159.56300063, 681178.37650063, 681200.68240063, 681234.57780063, 681255.62990063, 681277.19810063, 681307.25250063, 681337.00180064, 
681366.94170064, 681410.08920064, 681432.29370064, 681454.38640064, 681470.37170064, 681317.62060063, 681243.05790063, 681160.22100063, 681073.58380063, 680895.47390063, 680799.81550063, 680736.15750062, 680685.75230062, 680687.91190062, 5341888.99669854, 5341915.56929854, 5341929.54959854, 5341954.85959854, 5341967.03469854, 5341966.36059854, 5341964.99619854, 5341959.57559854, 5341929.14249855, 5341928.10989855, 5341902.76109855, 5341883.30349856, 5341881.36069856, 5341873.55299856, 5341870.89769856, 
5341857.28919856, 5341856.96879856, 5341852.30399856, 5341852.58899856, 5341853.63389856, 5341855.04819856, 5341806.18569857, 5341769.24979858, 5341765.10709858, 5341755.03049858, 5341749.90969858, 5341738.30969858, 5341729.88309858, 5341680.85629858, 5341671.17499858, 5341666.61769858, 5341666.17349858, 5341665.65469858, 5341688.62639859, 5341702.52599859, 5341703.42599859, 5341642.2345986, 5341632.2694986, 5341628.5228986, 5341626.4750986, 5341624.0173986, 5341575.10879861, 5341561.29709861, 5341547.02309861, 
5341521.61259862, 5341510.40929862, 5341508.83949862, 5341514.05839862, 5341480.40409862, 5341479.17859862, 5341475.58149863, 5341477.73399863, 5341448.38579863, 5341447.56479863, 5341475.53469863, 5341471.13449863, 5341460.20499863, 5341449.38029863, 5341448.40539863, 5341454.55019863, 5341428.53139863, 5341426.96889863, 5341423.85289863, 5341422.27699863, 5341418.55689864, 5341415.82649864, 5341414.47069864, 5341413.52939864, 5341413.09629864, 5341408.13489864, 5341406.01619864, 5341399.41439864, 
5341393.85139864, 5341391.56279865, 5341391.80479865, 5341390.32369865, 5341359.99819866, 5341344.80579867, 5341342.38549866, 5341339.60899867, 5341309.01229866, 5341279.52349867, 5341258.12919867, 5341258.22379867, 5341243.22559866, 5341217.09719867, 5341189.81929867, 5341186.44539867, 5341181.85609867, 5341173.52149867, 5341155.20689867, 5341135.40419867, 5341135.59499867, 5341107.82709867, 5341087.97819867, 5341068.15859867, 5341067.98949867, 5341067.12519867, 5341012.28319867, 5341012.42309867, 
5340958.66509867, 5340956.93039867, 5340952.65929867, 5340952.25179867, 5340928.33239867, 5340881.89709867, 5340838.02049867, 5340806.49929867, 5340779.33039867, 5340748.45919867, 5340724.15909867, 5340704.60099867, 5340672.93999867, 5340644.77949867, 5340615.00259867, 5340593.09149867, 5340536.92359867, 5340499.58869867, 5340468.76739867, 5340437.05059867, 5340400.02999867, 5340316.96359867, 5340297.80859867, 5340281.69339867, 5340270.66179867, 5340251.88329867, 5340246.39459866, 5340211.51949867, 
5340197.65039866, 5340163.10229866, 5340138.85639866, 5340136.03219866, 5340105.11729866, 5340037.77999866, 5339982.79619866, 5339951.58519866, 5339923.16229866, 5339923.15229866, 5339863.00879866, 5339839.68329866, 5339827.30109866, 5339821.48219866, 5339809.98659866, 5339792.70079866, 5339757.59259866, 5339727.19469866, 5339709.47539866, 5339688.47559866, 5339650.11829866, 5339577.89529866, 5339576.03069866, 5339573.81149866, 5339572.10629866, 5339562.73409866, 5339548.67559866, 5339521.20029866, 
5339465.25779866, 5339381.10249866, 5339302.08969866, 5339232.75619866, 5339224.84709866, 5339218.93129867, 5339202.75899866, 5339192.72459867, 5339120.83079867, 5339111.28979867, 5339108.76859867, 5339101.21739867, 5339087.56649867, 5339079.35609867, 5339048.53799867, 5338948.60159867, 5338937.31329867, 5338931.20559867, 5338890.56099867, 5338850.82309868, 5338787.78469868, 5338788.42849868, 5338789.78189868, 5338803.71029868, 5338805.97239868, 5338808.23489868, 5338811.86749868, 5338814.10049868, 
5338822.46799869, 5338826.67859869, 5338833.82479868, 5338839.14769869, 5338841.61909869, 5338843.29199869, 5338844.64559869, 5338861.85799869, 5338872.15839869, 5338884.87869869, 5338887.23049869, 5338892.95209869, 5338904.77849869, 5338912.68859869, 5338921.01159869, 5338921.84659869, 5338927.27009869, 5338931.83009869, 5338941.29459869, 5338946.53599869, 5338952.91449869, 5338973.21059869, 5338975.07149869, 5338972.29679869, 5338955.65969869, 5338949.7425987, 5338932.8526987, 5338924.1130987, 
5338920.7091987, 5338927.3597987, 5338931.92969871, 5338931.31359871, 5338931.06039871, 5338930.90239871, 5338928.40889871, 5338920.36289871, 5338914.66859871, 5338910.22959871, 5338865.89849871, 5338862.04489871, 5338860.40549871, 5338858.75909871, 5338851.78259872, 5338850.26759872, 5338845.76339872, 5338840.20139872, 5338833.83149872, 5338800.04079872, 5338737.99539872, 5338643.11829872, 5338633.85329872, 5338624.60229872, 5338618.19579872, 5338610.02259872, 5338599.09019872, 5338392.27499872, 
5338380.50489872, 5338336.33519872, 5338331.74089872, 5338326.07939872, 5338294.76899872, 5338290.62799872, 5338256.96199872, 5338235.15259872, 5338205.61499872, 5338182.63549872, 5338133.19969872, 5338126.04059872, 5338121.12179873, 5338110.91859872, 5338094.50729872, 5338085.36259872, 5338076.91989872, 5338056.69649872, 5338048.16159872, 5338034.04209872, 5337995.71249873, 5337987.19279872, 5337979.59349873, 5337972.82729872, 5337968.43139873, 5337958.60929872, 5337946.75739873, 5337886.34859872, 
5337871.84889872, 5337845.27189873, 5337837.68169873, 5337816.65769873, 5337808.15139873, 5337797.71329873, 5337791.17559873, 5337782.23219873, 5337741.94499873, 5337699.91489873, 5337700.46139873, 5337700.65379873, 5337697.04949873, 5337681.97519873, 5337667.24569873, 5337666.54509873, 5337661.65929873, 5337619.55619873, 5337593.48299873, 5337556.50429873, 5337480.02699873, 5337426.34239873, 5337378.73409873, 5337331.66559873, 5337304.95429873, 5337274.60829873, 5337255.32479873, 5337238.17219873, 
5337219.42959874, 5337203.60529874, 5337190.31989873, 5337173.70759874, 5337159.58589874, 5337151.08579874, 5337122.23959874, 5337120.10599874, 5337119.53409874, 5337103.80099874, 5337086.04309874, 5336953.66259874, 5336841.69179874, 5336768.07989874, 5336761.24429874, 5336742.32779874, 5336678.07689874, 5336658.25139874, 5336652.14859874, 5336569.96219875, 5336564.22279875, 5336564.10889875, 5336563.87369875, 5336563.33519874, 5336566.99549875, 5336567.56979874, 5336568.16489874, 5336581.62569874, 
5336594.31999874, 5336603.99919874, 5336617.27119874, 5336618.00349874, 5336624.72149873, 5336625.46009873, 5336626.47049873, 5336630.01429873, 5336630.32949873, 5336638.33109873, 5336643.43959873, 5336646.34129873, 5336643.50919873, 5336639.03059872, 5336634.85019872, 5336628.90879872, 5336628.20899872, 5336627.79759872, 5336627.08919872, 5336600.19489872, 5336589.09909872, 5336594.60539872, 5336586.06269872, 5336590.97529872, 5336589.92869872, 5336585.26499872, 5336574.93849872, 5336567.26679872, 
5336562.76959872, 5336562.13609872, 5336557.47969872, 5336551.60809872, 5336550.54479872, 5336552.34039872, 5336526.26139872, 5336501.66849872, 5336501.20399872, 5336497.02919872, 5336490.62369872, 5336447.02469872, 5336446.34359872, 5336446.00029872, 5336445.52609872, 5336428.71939872, 5336392.89539871, 5336372.75659871, 5336368.56899871, 5336364.98639871, 5336364.78729871, 5336310.42049871, 5336313.01849871, 5336298.22749871, 5336229.14719871, 5336215.59619871, 5336215.16579871, 5336153.39579871, 
5336162.00059871, 5336162.43409871, 5336092.02619871, 5336075.95059871, 5336072.1004987, 5336065.4196987, 5336133.3975987, 5336133.4061987, 5336134.0419987, 5336136.2195987, 5336124.53449869, 5336103.4176987, 5336100.04069869, 5336094.86829869, 5336085.36669869, 5336059.92459869, 5336028.80789869, 5336003.47899869, 5335986.79319869, 5335972.36409869, 5335939.62509869, 5335907.05489869, 5335904.67969869, 5335825.08859868, 5335807.05109869, 5335735.02079869, 5335688.97769869, 5335683.49489869, 5335682.46569868, 
5335694.23529868, 5335694.79969868, 5335694.97799868, 5335658.70109868, 5335611.94279868, 5335622.42929868, 5335659.84999868, 5335685.74699868, 5335431.47929867, 5335434.33439867, 5335442.31129867, 5335474.16359867, 5335483.51889867, 5335502.78289867, 5335362.46169867, 5335358.05209867, 5335313.36139866, 5335308.64449867, 5335298.00419867, 5335288.67479867, 5335279.34299867, 5335260.65299867, 5335259.27729867, 5335253.08659867, 5335237.18719867, 5335054.22969866, 5335046.55029867, 5335041.91269866, 
5335029.59609867, 5335008.72859867, 5334836.62809866, 5334781.69149866, 5334781.63149867, 5334768.25509867, 5334757.99819867, 5334757.08289867, 5334753.85389867, 5334505.75349866, 5334350.30109866, 5334313.62989866, 5334277.56799866, 5334276.53489866, 5334273.83779866, 5334267.81519866, 5334261.24149866, 5334260.68059866, 5334257.57089866, 5334255.83969866, 5334232.31149866, 5334227.18059866, 5334205.49059866, 5334194.46189867, 5334176.20739866, 5334116.91939866, 5334080.52999867, 5334070.08009867, 
5334056.88929867, 5334051.58119867, 5334032.40139867, 5334016.33269867, 5333996.67759867, 5333995.53779867, 5333993.10939867, 5333984.30679867, 5333957.67159867, 5333939.61019867, 5333938.66819867, 5333935.58369867, 5333924.77239867, 5333920.19269867, 5333916.98579867, 5333890.21799867, 5333889.42379867, 5333825.83119867, 5333831.81769867, 5333826.98469867, 5333782.41329867, 5333738.20849867, 5333704.86099867, 5333696.61609867, 5333689.92779867, 5333688.72949867, 5333683.55299867, 5333678.63299867, 
5333673.63259867, 5333668.62929867, 5333663.75479867, 5333658.73819867, 5333645.92139867, 5333640.56559867, 5333637.99349867, 5333633.48749867, 5333632.12389867, 5333630.56709867, 5333624.11579867, 5333578.36429867, 5333573.50849867, 5333558.32499867, 5333554.00439867, 5333534.13779867, 5333480.22709867, 5333473.05299867, 5333445.70949867, 5333274.03459867, 5333276.68149867, 5333296.39099866, 5333349.49039866, 5333354.96529866, 5333331.21179866, 5333105.65049866, 5333038.84219865, 5333023.14729865, 
5333023.11859865, 5333023.10839865, 5333023.11819865, 5333019.48589865, 5333012.95079864, 5333006.31189863, 5333003.26939863, 5333003.09879863, 5333021.09399863, 5333025.61839863, 5333026.15629863, 5333028.97819863, 5333032.23599863, 5333050.98819863, 5333054.84079863, 5333056.74999862, 5333057.11619862, 5333058.66579862, 5333059.81439862, 5333084.66179862, 5333118.40209861, 5333120.15139861, 5333126.26819861, 5333133.21149861, 5333183.66819861, 5333233.7376986, 5333271.2116986, 5333292.1764986, 
5333288.2924986, 5333286.3381986, 5333289.6660986, 5333294.7788986, 5333310.8416986, 5333370.95179859, 5333425.05289859, 5333431.83789859, 5333520.00489859, 5333527.62049858, 5333550.50379858, 5333564.13729858, 5333574.69849858, 5333586.87929858, 5333592.44829858, 5333616.91059858, 5333647.47989858, 5333648.76639858, 5333649.39489858, 5333672.98749858, 5333689.96179858, 5333754.81049857, 5333843.20739857, 5333846.09819857, 5333888.38639857, 5333911.66349857, 5333924.66349857, 5333956.80819856, 5333960.56669857, 
5334022.09859856, 5334046.24369857, 5334100.70819856, 5334122.65769856, 5334144.11289856, 5334165.23829856, 5334186.43699856, 5334201.66999856, 5334216.91739856, 5334217.83869856, 5334223.02639856, 5334239.63649856, 5334250.89459856, 5334255.59199856, 5334257.17479856, 5334262.81859856, 5334264.98649856, 5334274.66069856, 5334278.61419856, 5334278.85219856, 5334293.44449856, 5334297.08749856, 5334306.23019856, 5334314.48679856, 5334319.01829856, 5334322.60039856, 5334324.18229856, 5334327.06199856, 
5334328.34989856, 5334333.29839856, 5334339.70709856, 5334341.65909856, 5334357.17739856, 5334359.21679855, 5334361.15799855, 5334362.92699856, 5334362.33869855, 5334370.60829855, 5334369.28689855, 5334375.03859855, 5334380.88649855, 5334384.83209855, 5334386.86289855, 5334390.29599855, 5334396.72649855, 5334403.16809855, 5334409.62639855, 5334416.11669855, 5334419.61509855, 5334425.44669855, 5334432.50739855, 5334444.78939855, 5334436.46129854, 5334428.03089854, 5334425.43219854, 5334418.08339854, 
5334406.98979854, 5334406.14459854, 5334403.84049854, 5334393.32179854, 5334391.38309854, 5334383.24969853, 5334384.59909853, 5334385.67919853, 5334388.71279853, 5334389.76819853, 5334389.47489853, 5334389.05089853, 5334384.98609853, 5334381.74909853, 5334381.53059853, 5334374.62989853, 5334361.05859853, 5334336.77109853, 5334333.29889853, 5334330.35909853, 5334330.75489853, 5334323.72909853, 5334307.81629853, 5334303.66279853, 5334303.30849853, 5334298.49619853, 5334332.55349853, 5334360.52029852, 
5334391.80769852, 5334418.42369852, 5334422.08869852, 5334449.24059852, 5334478.35179852, 5334511.12139852, 5334539.91349852, 5334540.20799852, 5334547.72229852, 5334551.09939852, 5334554.72659852, 5334575.12449852, 5334634.47859852, 5334702.51819852, 5334721.01519852, 5334739.81019852, 5334757.29179852, 5334776.96099852, 5334796.94289852, 5334822.19809852, 5334850.98349851, 5334916.27489852, 5334911.26619852, 5334973.36959851, 5334996.83849852, 5335020.05909851, 5335034.44789851, 5335051.55009851, 
5335069.25489851, 5335074.67609851, 5335085.43209851, 5335104.93179851, 5335124.41639851, 5335142.79699851, 5335164.36589851, 5335183.78149851, 5335202.93959851, 5335226.44989851, 5335247.93559851, 5335271.75899851, 5335295.60679851, 5335305.24239851, 5335308.36079851, 5335324.95649851, 5335334.79979851, 5335335.02149851, 5335353.00399851, 5335355.10709851, 5335357.41439851, 5335357.20609851, 5335357.19679851, 5335369.95359851, 5335382.02999851, 5335400.63789851, 5335458.32619851, 5335492.19709851, 
5335487.82319851, 5335535.6559985, 5335554.2636985, 5335554.06269851, 5335552.1401985, 5335591.8806985, 5335620.7724985, 5335666.5384985, 5335709.2430985, 5335710.0651985, 5335729.7433985, 5335734.0229985, 5335735.3689985, 5335746.1535985, 5335750.2059985, 5335753.1938985, 5335755.0124985, 5335781.7005985, 5335789.0422985, 5335815.6991985, 5335825.5880985, 5335841.7941985, 5335847.6242985, 5335856.24119849, 5335865.92279849, 5335883.37959849, 5335908.16839849, 5335929.69719849, 5335932.70209849, 
5335950.75869849, 5335974.00819849, 5335986.00659849, 5335988.45529848, 5335989.15099848, 5336016.91999848, 5336050.68199848, 5336052.90189847, 5336057.29849847, 5336062.57009847, 5336071.18589847, 5336128.06429847, 5336180.30989847, 5336192.01019847, 5336195.79889847, 5336195.92529847, 5336196.70109847, 5336201.44489847, 5336200.01749847, 5336204.62509847, 5336204.97109847, 5336208.18779847, 5336208.72589847, 5336212.16109847, 5336215.29939847, 5336218.56219847, 5336227.89939848, 5336239.60599848, 
5336242.36349848, 5336244.63949848, 5336253.00669848, 5336261.85929848, 5336265.98719848, 5336266.95409848, 5336270.90699848, 5336271.72679848, 5336280.99919849, 5336328.67949849, 5336343.97229849, 5336345.32909849, 5336358.79779849, 5336399.71049849, 5336413.17139849, 5336441.40899849, 5336504.5310985, 5336543.9843985, 5336575.6642985, 5336609.3099985, 5336622.3543985, 5336638.7736985, 5336655.0900985, 5336663.3999985, 5336671.5458985, 5336672.9899985, 5336675.0708985, 5336689.18609851, 5336693.53529851, 
5336703.28189851, 5336708.94579851, 5336717.29559851, 5336731.21929851, 5336739.13569851, 5336745.03319851, 5336758.75099851, 5336772.37179851, 5336785.89579851, 5336799.31049851, 5336812.63349851, 5336825.83289851, 5336838.95039851, 5336851.97999851, 5336864.87879851, 5336877.69389851, 5336890.38669851, 5336902.98259851, 5336915.47899852, 5336927.87119852, 5336940.18199852, 5336949.56909852, 5336964.32849852, 5336979.15979852, 5336999.70539852, 5337010.78989852, 5337021.83939852, 5337031.76289852, 
5337032.96269852, 5337044.55769852, 5337055.53659852, 5337067.71649852, 5337088.21859853, 5337127.02109853, 5337152.00949853, 5337166.92279853, 5337185.81439853, 5337216.01499853, 5337283.50179854, 5337291.80789854, 5337307.02309854, 5337312.48799854, 5337352.51679853, 5337355.57679853, 5337360.24479853, 5337366.81359853, 5337399.72549853, 5337403.87569853, 5337406.88719853, 5337421.66269853, 5337427.84919853, 5337434.71309853, 5337444.72279853, 5337456.93409853, 5337474.34339853, 5337483.55479853, 
5337510.84349853, 5337524.75419853, 5337538.46519853, 5337558.36919853, 5337570.76779853, 5337592.59419853, 5337619.04809853, 5337640.33649853, 5337653.12459853, 5337656.39799853, 5337671.23789853, 5337689.65079853, 5337704.77159852, 5337728.04019852, 5337737.69129852, 5337754.44959852, 5337771.21659852, 5337789.21969852, 5337807.77599852, 5337841.61109852, 5337851.86179852, 5337853.70489852, 5337856.03779852, 5337941.93719852, 5337984.59759851, 5338008.04379851, 5338015.97329851, 5338034.15739851, 
5338040.33419851, 5338048.65359851, 5338054.63259851, 5338060.28639851, 5338065.54649851, 5338066.41929851, 5338069.19379851, 5338070.10809851, 5338083.08529851, 5338087.37539851, 5338090.87739851, 5338157.92269852, 5338204.91119852, 5338205.99869852, 5338207.17969852, 5338208.42439852, 5338209.74299852, 5338211.12539852, 5338212.55249852, 5338214.16249852, 5338215.81809852, 5338217.49929852, 5338219.19639852, 5338220.88899852, 5338222.57709852, 5338224.25099852, 5338225.89009852, 5338227.47459852, 
5338229.00459852, 5338230.47889852, 5338231.85829852, 5338233.16159852, 5338308.18429852, 5338327.42149852, 5338329.03039852, 5338330.62859852, 5338356.02149852, 5338359.13929851, 5338391.26629852, 5338413.31979852, 5338429.49239852, 5338451.45049852, 5338465.08449852, 5338465.12329852, 5338471.42559852, 5338489.83239852, 5338505.28359852, 5338533.03209852, 5338568.42959852, 5338591.44879852, 5338596.15479852, 5338603.33199852, 5338609.86119851, 5338628.44439851, 5338678.51099851, 5338680.90439851, 
5338694.19369851, 5338695.58829851, 5338749.86019851, 5338815.35279852, 5338816.11159852, 5338906.60099852, 5338913.97049852, 5338916.50209852, 5338919.09079852, 5338927.30599852, 5338930.13769852, 5338981.23019852, 5339038.61739852, 5339060.98209852, 5339114.69489852, 5339198.83139853, 5339263.06209852, 5339358.14049852, 5339439.28689852, 5339504.47129852, 5339573.74779852, 5339575.07279852, 5339579.02719852, 5339635.95059853, 5339640.69959853, 5339667.33659853, 5339686.09049853, 5339696.38679853, 
5339697.64689853, 5339703.24069853, 5339710.73239853, 5339753.83469853, 5339759.97639854, 5339807.12859854, 5339833.88209854, 5339839.94019854, 5339842.51559854, 5339883.91819854, 5339920.66239854, 5339953.71959854, 5340003.52859854, 5340015.73979854, 5340029.02339854, 5340054.29499854, 5340130.10619855, 5340134.81439854, 5340137.75149855, 5340183.07959854, 5340202.15709854, 5340219.24739853, 5340227.79989853, 5340236.55019853, 5340254.95389853, 5340278.87919852, 5340299.43119852, 5340313.00709852, 
5340333.25919852, 5340369.38569852, 5340396.09589852, 5340418.87129852, 5340445.78629852, 5340471.45379852, 5340497.02309852, 5340531.62539852, 5340575.89799852, 5340593.45529852, 5340613.39009852, 5340635.21819852, 5340665.36159852, 5340705.86369852, 5340737.33159852, 5340762.99279852, 5340810.32829852, 5340851.71769852, 5340916.22779853, 5340961.04379853, 5340995.98709852, 5341018.46139853, 5341046.65119853, 5341086.97649853, 5341121.82749852, 5341148.87829853, 5341169.20159853, 5341189.32629852, 
5341218.57389853, 5341255.58039853, 5341272.69389853, 5341301.42669853, 5341325.22639852, 5341342.67619852, 5341367.32659853, 5341391.04679852, 5341406.48879852, 5341435.96889852, 5341459.45369852, 5341480.92059852, 5341505.63939852, 5341548.23229852, 5341576.15269852, 5341604.28729852, 5341634.67839852, 5341674.49039852, 5341696.68199852, 5341717.32669851, 5341743.78629851, 5341766.87879851, 5341787.84599851, 5341814.36389851, 5341826.45529851, 5341837.23469851, 5341844.21949851, 5341842.82879851, 
5341843.39199852, 5341845.38489852, 5341847.34579852, 5341856.29619853, 5341861.65769854, 5341865.46979854, 5341868.29049854, 5341888.99669854))",NA
vablock_stadtbezirk.23,20,Hadern,9223789.35113,Hadern,51637,56,18,"list(c(684377.10340069, 684366.74030069, 684365.84570069, 684354.16870069, 684346.09410069, 684317.88900069, 684298.15970069, 684283.32220069, 684267.28210069, 684258.89720069, 684195.02120069, 684154.23000069, 684142.37200069, 684071.90210069, 684058.50110069, 684013.25420068, 684008.00690068, 684000.12440068, 684008.61210068, 684006.39910068, 683996.08880068, 683984.89850068, 683975.72390068, 683973.70450068, 683969.01220068, 683941.87030068, 683928.09170068, 683914.16400068, 683908.40290068, 683903.57810068, 
683892.95680068, 683885.06870068, 683879.51820068, 683874.26510068, 683871.62630068, 683861.39120068, 683857.35550068, 683843.18560068, 683829.10520068, 683815.10440068, 683808.22290068, 683801.20240068, 683791.61310068, 683760.22780068, 683760.84400068, 683678.79180068, 683680.95710068, 683659.44130068, 683629.34790068, 683558.49540068, 683523.62270068, 683522.34690068, 683504.18030068, 683484.71610067, 683475.59940067, 683465.25840067, 683458.44460067, 683416.79330067, 683416.46780067, 683415.71660067, 
683413.36830067, 683416.18320067, 683418.24360067, 683424.31730067, 683427.15850067, 683427.56460067, 683429.58030067, 683423.28070067, 683420.79080067, 683414.17060067, 683408.90700067, 683408.62090067, 683410.94420067, 683411.67650067, 683412.56250067, 683413.25440067, 683416.10270067, 683417.54060067, 683418.58260067, 683419.72960067, 683419.92540067, 683419.92440067, 683419.84450067, 683419.62600067, 683417.69410067, 683417.61340067, 683416.56850067, 683416.90130067, 683420.19610067, 683425.19960067, 
683427.48780067, 683427.99500067, 683433.98740067, 683437.74190067, 683446.57640067, 683460.62860067, 683468.45970067, 683473.99090067, 683486.04870068, 683491.91050068, 683494.61190068, 683496.51410068, 683499.69330068, 683500.02660068, 683500.07930068, 683500.12120068, 683500.12900068, 683500.15200068, 683500.16130068, 683500.45050068, 683491.00160068, 683486.05990068, 683484.65870068, 683467.17070067, 683466.33250067, 683467.63150068, 683468.39930067, 683468.44790067, 683468.47400067, 683408.73780067, 
683345.00150067, 683344.55620067, 683344.44580067, 683344.02660067, 683342.39610067, 683339.84760067, 683337.90580067, 683337.19690067, 683337.36980067, 683338.87330067, 683344.01590067, 683344.76600067, 683351.99650067, 683355.03800067, 683356.87350067, 683358.12160067, 683360.76020067, 683361.05030067, 683361.81420067, 683361.27510067, 683359.37210067, 683350.89960067, 683348.04390067, 683344.17060067, 683343.64850067, 683341.72790067, 683343.66150067, 683343.78670067, 683344.22840067, 683347.42690067, 
683348.93060067, 683350.71970067, 683349.34580067, 683353.85860067, 683357.02100067, 683364.84610067, 683366.17730067, 683372.30010067, 683374.47370067, 683378.87210067, 683378.97240067, 683380.20580067, 683381.21480067, 683380.27850067, 683375.06690067, 683370.57660067, 683368.65600067, 683364.67940067, 683361.59350067, 683359.43180067, 683358.88850067, 683358.43510067, 683356.58640067, 683355.22070067, 683354.67730067, 683353.81410067, 683352.99770067, 683351.63250067, 683346.44330067, 683415.21820067, 
683445.71530067, 683516.88760068, 683524.64910068, 683600.74060068, 683664.08170068, 683762.64120068, 683842.78060068, 683844.46700068, 683933.75860068, 683967.84730068, 684022.27240069, 684095.00240069, 684120.77970069, 684142.28170069, 684162.63900069, 684200.42140069, 684224.50400069, 684233.21880069, 684208.65000069, 684212.59290069, 684214.07750069, 684219.62880069, 684216.06170069, 684180.14210069, 684094.35130069, 684019.80120069, 683958.38310068, 683953.98570068, 683980.29950068, 684198.93520069, 
684219.10000069, 684225.15240069, 684257.72390069, 684290.43190069, 684323.13980069, 684363.37900069, 684371.97510069, 684405.92910069, 684432.86970069, 684524.93090069, 684544.4537007, 684563.4572007, 684590.5364007, 684610.4305007, 684632.0581007, 684634.2802007, 684649.6632007, 684652.0819007, 684661.3184007, 684684.6268007, 684686.4220007, 684693.1034007, 684695.8089007, 684715.2803007, 684784.4306007, 684790.4309007, 684793.8912007, 684794.7404007, 684796.0790007, 684799.1166007, 684797.9905007, 
684798.5041007, 684799.6305007, 684805.5990007, 684809.2708007, 685127.80120071, 685170.51990071, 685170.80820071, 685169.93770071, 685178.45390071, 685179.67340071, 685189.23920071, 685195.21620071, 685205.21250071, 685385.85060071, 685702.55770072, 685720.43260072, 685777.75010072, 686056.42390072, 686047.76070072, 686049.99470072, 686055.32860072, 686087.15420072, 686108.09520073, 686112.22900073, 686111.97580073, 686114.10990073, 686116.72900073, 686114.90020073, 686133.73980073, 686135.36700073, 
686136.74970073, 686136.86090073, 686137.42270073, 686137.00800073, 686139.19940073, 686155.45330073, 686156.83550073, 686174.69930073, 686175.76570073, 686183.24580073, 686222.07200073, 686228.85450073, 686222.62890073, 686220.86450073, 686221.63360073, 686222.85590073, 686224.14250073, 686226.08680073, 686228.17290073, 686255.31430073, 686258.20460073, 686260.07260073, 686261.84100073, 686257.82740073, 686253.51330073, 686251.01650073, 686249.45190073, 686243.44840073, 686243.74010073, 686243.91940073, 
686241.18610073, 686235.14090073, 686231.46590073, 686228.68570073, 686195.85160073, 686121.72510072, 686048.71470072, 685960.06890072, 685879.49930072, 685853.16490072, 685821.09580072, 685767.54170072, 685694.47100072, 685634.16170072, 685583.26180072, 685577.52880072, 685520.46790071, 685462.04350071, 685431.83660071, 685397.58570071, 685347.19860071, 685292.45520071, 685243.15840071, 685239.43760071, 685139.17450071, 684826.7128007, 684794.5198007, 684746.5358007, 684673.5945007, 684434.33440069, 
684427.98110069, 684377.10340069, 5333780.18459838, 5333809.71679838, 5333812.17629838, 5333807.69149838, 5333804.59649838, 5333794.58719838, 5333788.03879838, 5333783.12009838, 5333777.87369839, 5333775.19659839, 5333755.15949839, 5333742.58989839, 5333738.92779839, 5333716.5317984, 5333704.4909984, 5333663.8993984, 5333658.8449984, 5333651.4942984, 5333642.1859984, 5333641.6887984, 5333639.3623984, 5333636.8446984, 5333634.7774984, 5333634.2186984, 5333632.9246984, 5333625.3903984, 5333621.5641984, 
5333617.7121984, 5333616.11759841, 5333614.8883984, 5333612.2013984, 5333610.20279841, 5333608.79649841, 5333607.4617984, 5333606.84899841, 5333604.47029841, 5333603.52299841, 5333600.23079841, 5333596.96199841, 5333593.70009841, 5333592.09849841, 5333590.39439841, 5333588.07069841, 5333582.04819841, 5333572.39429841, 5333575.93339842, 5333566.20999842, 5333558.98849842, 5333548.22169842, 5333523.61109842, 5333513.18979842, 5333512.80929842, 5333508.49929842, 5333503.86959842, 5333501.80389842, 5333499.25019843, 
5333497.63419842, 5333491.70099843, 5333491.66739843, 5333491.58909843, 5333491.22759843, 5333469.10889843, 5333452.90909843, 5333392.75059843, 5333371.94959843, 5333368.97279843, 5333353.97959843, 5333312.33709843, 5333224.64939843, 5333166.89679843, 5333108.87899843, 5333065.17669843, 5333036.92159843, 5333028.15519843, 5333021.86449843, 5333016.79079843, 5332996.29129843, 5332985.34909843, 5332978.39469843, 5332969.52309843, 5332965.78849843, 5332961.96609843, 5332957.60039843, 5332953.70949843, 
5332932.97119843, 5332923.82049843, 5332919.34619843, 5332916.98719843, 5332889.42389843, 5332848.72309843, 5332837.49479843, 5332829.84949843, 5332794.71839843, 5332787.24989843, 5332743.95879843, 5332708.09979843, 5332680.76749843, 5332661.61659843, 5332612.57459843, 5332572.93979843, 5332535.05739843, 5332464.66009842, 5332414.78269842, 5332386.21559843, 5332382.30459843, 5332378.36569842, 5332377.70419843, 5332376.60449842, 5332375.34419843, 5332351.81309843, 5332273.26959843, 5332233.44829843, 
5332224.72749843, 5332115.10269843, 5332073.63839843, 5332021.65729843, 5331991.35829843, 5331989.35909843, 5331988.43959843, 5331975.65139843, 5331961.88689843, 5331941.78609843, 5331938.42129843, 5331922.24219843, 5331913.75189843, 5331899.96169843, 5331883.18269843, 5331865.45059843, 5331860.25309843, 5331846.86059843, 5331822.79069843, 5331820.23779843, 5331795.48849843, 5331784.73879843, 5331775.91419843, 5331768.29789843, 5331747.61749843, 5331741.72479843, 5331726.51359843, 5331707.50699843, 
5331693.96199843, 5331662.32679843, 5331642.63979843, 5331618.05909843, 5331613.50509843, 5331583.33349843, 5331562.96449843, 5331561.65329843, 5331558.18259843, 5331554.17359844, 5331552.31059843, 5331550.05819843, 5331526.04129843, 5331447.12759843, 5331401.18959843, 5331388.38469843, 5331385.04369843, 5331369.68909843, 5331359.63529843, 5331328.98139843, 5331328.20489843, 5331318.12789843, 5331309.96309843, 5331285.20999843, 5331254.58249843, 5331237.79429843, 5331229.29269843, 5331211.67379843, 
5331188.70909843, 5331163.85799843, 5331131.89329843, 5331122.48799843, 5331110.38649843, 5331089.02759843, 5331075.52559843, 5331047.11899843, 5331023.67449843, 5330985.02049843, 5330933.20149844, 5330934.37029843, 5330934.88909843, 5330936.11019843, 5330936.23189843, 5330939.01829842, 5330940.41909842, 5330941.28029842, 5330943.46309841, 5331013.54609841, 5330967.55999841, 5330955.75029841, 5330936.8701984, 5330917.8665984, 5330912.6431984, 5330908.2796984, 5330904.1544984, 5330896.51119839, 5330891.62919839, 
5330889.33469839, 5330810.89609839, 5330809.35849839, 5330808.75589839, 5330806.50989839, 5330799.71699839, 5330731.35149839, 5330567.3936984, 5330425.8318984, 5330307.9337984, 5330299.02469841, 5330256.7001984, 5329905.8383984, 5329915.40839839, 5329918.27649839, 5329935.72899839, 5329950.69109839, 5329965.66499839, 5329986.53009839, 5329995.24999839, 5330007.45109838, 5330018.86979838, 5330059.14039838, 5330065.60779838, 5330077.33019838, 5330088.80179838, 5330101.43439837, 5330111.34259837, 5330112.36039837, 
5330119.05619837, 5330112.95719837, 5330088.34789837, 5330024.18189837, 5330019.44969837, 5330000.83639837, 5330002.29239837, 5330013.69569837, 5329920.34089837, 5329916.08189837, 5329913.72569837, 5329913.14739837, 5329912.23489837, 5329910.16449836, 5329908.49959837, 5329908.15919837, 5329909.81399837, 5329903.51929837, 5329882.98429836, 5329951.50949835, 5329969.29169835, 5329969.34299835, 5329977.02539835, 5329979.10949835, 5329979.40729835, 5329981.74179834, 5329985.46629835, 5329993.34779834, 
5330137.33179833, 5330352.02089832, 5330343.21949832, 5330389.59929832, 5330615.1275983, 5330625.7592983, 5330646.9439983, 5330651.2639983, 5330677.0333983, 5330674.8855983, 5330669.7534983, 5330669.5734983, 5330666.9452983, 5330669.0783983, 5330671.3283983, 5330686.7718983, 5330688.4164983, 5330690.43219829, 5330690.1462983, 5330690.3684983, 5330691.2529983, 5330694.0908983, 5330695.32689829, 5330695.5370983, 5330698.25239829, 5330698.6144983, 5330701.06749829, 5330732.48429829, 5330737.97239829, 
5330766.45889829, 5330791.83869829, 5330836.56109829, 5330849.59389829, 5330858.82749829, 5330871.18819829, 5330881.91319829, 5331006.36539829, 5331029.09159829, 5331051.72509829, 5331094.22479829, 5331449.84249829, 5331756.15279829, 5331788.76369829, 5331896.56249829, 5332215.35569829, 5332255.49149829, 5332274.79129829, 5332404.45129829, 5332863.10809829, 5333150.61959829, 5333313.90949829, 5333313.44099829, 5333308.73099829, 5333298.8984983, 5333279.7140983, 5333255.56319831, 5333321.07179831, 
5333376.93109831, 5333443.65799831, 5333518.08799832, 5333568.39059832, 5333608.07329832, 5333612.51069832, 5333653.23219832, 5333687.51489833, 5333700.53399833, 5333715.62079833, 5333730.19079833, 5333736.57189833, 5333739.47409834, 5333739.95279834, 5333752.24169834, 5333752.51179836, 5333751.39789836, 5333744.14479836, 5333726.06759837, 5333646.69659838, 5333644.48059838, 5333780.18459838))",3.485872533261034
vablock_stadtbezirk.24,13,Bogenhausen,23712962.05774,Bogenhausen,95475,40,13,"list(c(700340.62560104, 700309.85930104, 700218.09630104, 700193.91950104, 700110.09120104, 700105.51750104, 700092.01700104, 700086.72630104, 700055.14730103, 700004.23240103, 699993.69150103, 699982.07790103, 699971.21520103, 699960.38940103, 699959.29390103, 699953.50640103, 699949.45950103, 699928.93890103, 699918.56480103, 699908.25070103, 699897.99650103, 699867.19450103, 699867.20090103, 699874.09310103, 699874.04270103, 699845.91970103, 699820.31150103, 699774.95030103, 699717.89920103, 699663.29000102, 
699659.06000102, 699653.77000102, 699649.53000102, 699612.88760102, 699572.96540102, 699535.30890102, 699517.28790102, 699496.40880102, 699457.23480102, 699438.56470102, 699421.22770102, 699387.01980102, 699352.04000102, 699329.36000102, 699309.34000102, 699294.99880102, 699291.02590102, 699261.94800101, 699212.19040101, 699160.33070101, 699109.03750101, 699049.55220101, 698990.91380101, 698963.99880101, 698959.95330101, 698933.72890101, 698880.668701, 698829.853701, 698800.500701, 698780.033201, 
698731.830701, 698681.100201, 698635.444301, 698629.322801, 698622.969801, 698397.37030099, 698322.33980099, 698146.92500099, 698027.21740099, 697877.52150098, 697870.57580098, 697868.32590098, 697868.20860098, 697867.06180098, 697869.84340098, 697868.53020098, 697863.50640098, 697858.14430098, 697853.00350098, 697848.12060098, 697843.55820098, 697838.83990098, 697807.16070098, 697801.16550098, 697793.94980098, 697792.87000098, 697792.90000098, 697794.06000098, 697795.33940098, 697795.35090098, 697788.43250098, 
697784.95250098, 697807.71410098, 697808.78000098, 697803.08000098, 697802.35000098, 697804.16000098, 697807.25000098, 697828.53000098, 697875.15000098, 697922.70000098, 697946.24000098, 697982.77000098, 698006.62000098, 698034.66000098, 698048.52000098, 698062.64000099, 698065.53000099, 698069.52000099, 698076.70000099, 698090.38000099, 698101.72000099, 698103.59000099, 698104.86240099, 698128.50180099, 698133.39000099, 698143.50000099, 698146.05900099, 698158.75170099, 698162.40170099, 698157.09000099, 
698154.59000099, 698150.55170099, 697864.37030098, 697860.42200098, 697602.62920097, 697600.73960097, 697599.13860097, 697598.75050097, 697431.06030097, 697374.93640097, 697368.89780097, 697338.08980097, 697330.47000097, 697305.91710097, 697253.20980097, 697162.84200096, 697151.73860096, 697150.71380096, 697131.35180096, 697129.30260096, 697075.82830096, 697074.71450096, 697070.95540096, 697070.04060096, 697075.97570096, 696978.55880096, 696873.56070096, 696875.13200096, 696875.63400096, 696872.10810096, 
696867.31650096, 696857.14650096, 696857.15240096, 696827.10900096, 696824.18060096, 696700.34050095, 696684.72570095, 696686.43800095, 696692.68780095, 696698.04140095, 696692.69530095, 696673.60100095, 696663.68590095, 696657.17600095, 696643.17060095, 696547.66100095, 696543.75160095, 696534.77890095, 696531.25100095, 696525.63700095, 696361.08470094, 696339.87430094, 696338.87030094, 696332.81350094, 696288.94620094, 696281.95520094, 696253.21040094, 696179.76430094, 696144.06910094, 696131.81170094, 
696125.63070094, 696081.73350094, 696002.79490094, 695996.24180094, 695960.51550093, 695954.06080093, 695956.43020093, 695959.51320093, 695977.31300094, 695992.99790094, 695998.54090094, 696001.14890094, 696006.27250094, 696009.42750094, 696031.79890094, 696035.94120094, 696039.22260094, 696043.37840094, 696044.43960094, 695912.70730093, 695901.94900093, 695842.41840093, 695766.41580093, 695716.26990093, 695696.10010093, 695612.62520093, 695608.88740093, 695604.00450093, 695593.75260093, 695583.23110093, 
695576.54280093, 695574.20050093, 695561.25740093, 695558.39020093, 695556.51090093, 695556.07630093, 695550.75590092, 695542.00650092, 695541.06770092, 695538.93430092, 695538.32360092, 695533.11330092, 695520.85770092, 695505.88870092, 695502.24880092, 695494.18670092, 695485.92410092, 695470.95170092, 695455.93970092, 695453.37510092, 695440.93300092, 695428.47360092, 695425.97750092, 695410.99470092, 695402.47850092, 695398.19310092, 695396.05550092, 695381.07220092, 695374.51990092, 695366.10830092, 
695353.45660092, 695350.46680092, 695345.55520092, 695343.15860092, 695341.18560092, 695339.68710092, 695335.26940092, 695345.95600092, 695347.68040092, 695349.27710092, 695350.79260092, 695351.34740092, 695349.85690092, 695352.89430092, 695355.82510092, 695355.38490092, 695359.50550092, 695365.10870092, 695370.07220092, 695373.49130092, 695375.14820092, 695376.49800092, 695374.44420092, 695376.31540092, 695368.03420092, 695346.18700092, 695344.06730092, 695340.81070092, 695331.29440092, 695321.66150092, 
695317.92000092, 695312.10710092, 695300.73360092, 695297.90020092, 695295.29660092, 695290.16820092, 695275.18040092, 695270.69340092, 695267.95960092, 695233.73040092, 695227.72890092, 695222.87760092, 695177.30920092, 695109.37640092, 695051.29800091, 694993.97250091, 694918.37910091, 694829.36000091, 694824.45020091, 694774.67820091, 694726.24950091, 694712.20160091, 694660.4719009, 694644.2798009, 694597.6034009, 694563.6589009, 694553.2451009, 694542.4165009, 694512.3352009, 694507.2739009, 
694507.3154009, 694506.9010009, 694506.0427009, 694504.7636009, 694497.0540009, 694497.5086009, 694492.3256009, 694487.9988009, 694481.7400009, 694479.8772009, 694479.3992009, 694474.7950009, 694468.5479009, 694464.1127009, 694458.5506009, 694456.4390009, 694455.8709009, 694412.1650009, 694386.8571009, 694344.6822009, 694060.50660089, 694050.94460089, 694035.22940089, 693827.79120089, 693792.99080089, 693750.28000088, 693729.62970088, 693723.36340088, 693717.20920088, 693708.71250088, 693689.09920088, 
693611.05170088, 693515.13780088, 693502.96110088, 693450.97110088, 693430.72510088, 693351.75290088, 693349.55210088, 693322.45960087, 693277.34200087, 693279.62270087, 693250.68500087, 693249.44370087, 693244.44960087, 693239.38810087, 693238.99860087, 693181.30190087, 693150.28020087, 693141.51330087, 693132.41020087, 693126.72280087, 693123.73980087, 693120.90250087, 693117.56840087, 693114.76250087, 693107.88120087, 693105.01330087, 693102.65980087, 693096.17370087, 693096.05730087, 693089.58140087, 
693088.89340087, 693088.00150087, 693084.83930087, 693084.26210087, 693083.81640087, 693082.89590087, 693081.03180087, 693080.11990087, 693078.25930087, 693076.44720087, 693072.83740087, 693067.44100087, 693066.48190087, 693065.80810087, 693064.44820087, 693065.15650087, 693056.79450087, 693053.29100087, 693028.45480087, 693029.54690087, 693026.67010087, 693027.63030087, 693026.70260087, 693021.98060087, 693081.84930087, 693080.92150087, 693081.76110087, 693078.91260087, 693080.27800087, 693081.30940087, 
693081.17820087, 693085.21570087, 693085.35730087, 693087.67530087, 693088.20110087, 693090.39520087, 693091.01880087, 693093.95240087, 693094.53290087, 693094.69750087, 693078.49690087, 693077.43600087, 693077.51910087, 693078.84770087, 693081.20600087, 693083.74290087, 693084.65670087, 693089.13390087, 693094.34150087, 693100.25330087, 693106.68800087, 693113.48770087, 693120.45900087, 693127.44990087, 693134.28420087, 693140.84360087, 693146.94600087, 693152.40340087, 693155.73730087, 693157.13980087, 
693159.38870087, 693161.19230087, 693164.31310087, 693179.93570087, 693181.25090087, 693182.71060087, 693184.56440087, 693186.59310087, 693188.81040087, 693191.28640087, 693193.97050087, 693196.82930087, 693199.67240087, 693202.61610087, 693204.18340087, 693205.62100087, 693207.04790087, 693208.75590087, 693211.87540087, 693220.31370087, 693225.96000087, 693271.61450087, 693275.13550087, 693276.52280087, 693278.09140087, 693279.94570087, 693281.93990087, 693284.00910087, 693286.07930087, 693288.52640087, 
693292.18790087, 693294.00830087, 693301.34680087, 693308.97910087, 693311.89970087, 693314.44260087, 693316.99650087, 693317.47320087, 693318.65950087, 693319.14620087, 693321.29530088, 693323.14680088, 693324.92360088, 693327.51080088, 693409.59870088, 693420.42740088, 693429.85300088, 693508.06970088, 693530.85010088, 693643.37140088, 693638.60520088, 693634.44280088, 693628.60730088, 693626.83170088, 693625.66540088, 693624.03230088, 693622.12450088, 693621.06190088, 693619.35720088, 693616.81240088, 
693612.56140088, 693623.45470088, 693628.14850088, 693627.22570088, 693625.10340088, 693625.23900088, 693625.42940088, 693625.44400088, 693625.46330088, 693625.46400088, 693625.76830088, 693625.97410088, 693622.96730088, 693622.96200088, 693622.93330088, 693622.83920088, 693659.56140088, 693670.11520088, 693725.11140088, 693725.59840088, 693767.47910089, 693768.60720089, 693778.38320089, 693785.79920089, 693795.93980089, 693817.18500089, 693889.92480089, 693902.35570089, 693902.29970089, 693901.45940089, 
693900.92910089, 693899.62390089, 693898.36720089, 693897.82850089, 693898.31900089, 693899.55570089, 693899.57450089, 693900.48890089, 693902.20510089, 693901.91060089, 693901.70380089, 693903.75770089, 693904.50270089, 693976.89310089, 694090.63020089, 694229.4820009, 694390.1795009, 694512.2039009, 694687.86440091, 694862.19750091, 694863.19920091, 694864.38370091, 694865.57870091, 694866.83550091, 694870.82600091, 694875.15940091, 694884.97880091, 694894.85480091, 694899.63140091, 694904.10160091, 
694889.28180091, 694826.54650091, 694781.20810091, 694782.15090091, 694767.44820091, 694769.83120091, 694809.41600091, 694821.78730091, 694823.32760091, 694867.79880091, 694888.28880091, 694949.37620091, 694977.37180091, 695009.42770091, 695059.07480091, 695070.06210092, 695198.19780092, 695200.15600092, 695199.76850092, 695198.59060092, 695212.69790092, 695219.07950092, 695222.74900092, 695225.41950092, 695231.92730092, 695241.80790092, 695246.55030092, 695242.69270092, 695274.32360092, 695384.05940092, 
695483.34500092, 695537.29440093, 695614.64210093, 695614.71860093, 695615.46790093, 695647.62440093, 695678.35220093, 695885.35980093, 695884.74280093, 695883.83130093, 695882.12810093, 695884.42830093, 695896.46660093, 695904.12090093, 695907.83900093, 695911.59920093, 695913.30350093, 695935.19850094, 695951.15360094, 695987.42670094, 696005.02270094, 696014.19270094, 696021.65150094, 696029.20010094, 696060.19300094, 696092.35540094, 696097.33980094, 696146.67270094, 696222.90120094, 696298.84280094, 
696325.51340094, 696352.31080094, 696371.42000095, 696379.22300095, 696406.13630095, 696433.04550095, 696459.87430095, 696497.09950095, 696507.00230095, 696531.35820095, 696602.88660095, 696617.81420095, 696674.47510095, 696734.09190095, 696798.79430096, 696816.48850096, 696846.84510096, 696877.18640096, 696937.82390096, 696965.50860096, 697006.83820096, 697014.67070096, 697065.25010096, 697120.45120096, 697120.96470096, 697124.38840096, 697134.09140096, 697138.67530096, 697199.37490097, 697207.43070097, 
697229.50040097, 697246.97000097, 697264.20160097, 697266.80460097, 697286.20700097, 697342.85670097, 697370.74080097, 697385.28680097, 697401.50250097, 697422.81870097, 697424.20790097, 697429.27220097, 697489.70000097, 697582.57270097, 697763.76010098, 697778.60360098, 697830.78850098, 697865.42200098, 697945.21550098, 697968.66210098, 697975.65250098, 697985.49220098, 698006.78180098, 698025.57990099, 698058.82190099, 698075.38410099, 698076.05790099, 698092.92850099, 698110.21070099, 698110.70280099, 
698145.18010099, 698143.23230099, 698161.13580099, 698218.19130099, 698273.56960099, 698283.30080099, 698271.34770099, 698249.65990099, 698218.11780099, 698189.38490099, 698151.42740099, 698159.96350099, 698163.36860099, 698175.38050099, 698190.79800099, 698195.47050099, 698196.33820099, 698196.16290099, 698194.68230099, 698192.91750099, 698207.30360099, 698209.24800099, 698213.30580099, 698204.87310099, 698205.29410099, 698210.03990099, 698231.54150099, 698240.30080099, 698241.93590099, 698245.81290099, 
698246.27440099, 698247.27680099, 698245.99340099, 698242.20750099, 698237.80770099, 698221.11720099, 698213.59710099, 698215.09350099, 698220.26580099, 698221.88890099, 698222.96890099, 698223.64370099, 698233.69030099, 698250.65430099, 698264.77860099, 698271.65740099, 698281.20000099, 698294.27730099, 698306.04240099, 698313.68930099, 698322.46870099, 698326.74860099, 698333.45820099, 698342.73730099, 698347.34050099, 698352.08040099, 698353.01670099, 698346.55490099, 698344.77940099, 698342.58420099, 
698339.07810099, 698336.83370099, 698337.48190099, 698338.92690099, 698342.50900099, 698339.61960099, 698339.22670099, 698336.04260099, 698331.52130099, 698329.55870099, 698326.11160099, 698326.87930099, 698428.43840099, 698523.624501, 698526.640001, 698526.750801, 698597.703101, 698608.312701, 698620.453601, 698664.120101, 698706.113601, 698710.608401, 698857.50070101, 698858.65440101, 698858.07400101, 698857.38170101, 698872.04750101, 698874.83280101, 698880.88250101, 698883.69680101, 698886.27370101, 
698896.20590101, 698897.69800101, 698899.65880101, 698911.08460101, 698932.96780101, 698989.00780101, 699051.52940101, 699119.45830101, 699161.91530101, 699175.90310101, 699177.94750101, 699179.54050101, 699181.40290101, 699183.10620101, 699184.61610101, 699185.94880101, 699186.87370101, 699188.03120101, 699189.07860101, 699190.27010101, 699191.59510101, 699193.02890101, 699194.65640101, 699196.17280101, 699198.03240101, 699200.08240101, 699269.28450102, 699323.66200102, 699340.21300102, 699373.90350102, 
699374.59450102, 699381.30450102, 699415.24970102, 699442.63150102, 699516.71640102, 699578.39170102, 699594.85800102, 699628.67140102, 699632.33830102, 699646.07240102, 699655.42300102, 699663.32960103, 699667.58110103, 699672.17870103, 699676.84170103, 699679.82300103, 699683.77110103, 699686.61210103, 699688.86060103, 699690.59020103, 699691.80660103, 699692.68470103, 699692.55870103, 699692.01560103, 699691.02770103, 699688.86230103, 699688.09980103, 699686.55760103, 699684.87200103, 699683.53210103, 
699682.90640103, 699683.13470103, 699684.44760103, 699686.96130103, 699688.92910103, 699690.55950103, 699693.73000103, 699696.15500103, 699698.86410103, 699701.34420103, 699702.96790103, 699704.37360103, 699705.43590103, 699705.46210103, 699705.71670103, 699706.01780103, 699733.41010103, 699735.87120103, 699737.34890103, 699738.78160103, 699740.04370103, 699742.37480103, 699747.45990103, 699748.10240103, 699748.09910103, 699747.48070103, 699741.80550103, 699744.68660103, 699751.31360103, 699752.58250103, 
699752.67970103, 699751.98810103, 699751.63220103, 699748.65690103, 699742.68790103, 699737.03890103, 699726.21100103, 699720.10340103, 699718.13420103, 699717.20590103, 699715.43120103, 699711.09130103, 699707.49080103, 699703.63940103, 699700.60310103, 699697.32270103, 699694.46180103, 699689.40470103, 699689.96180103, 699689.96040103, 699690.25280103, 699691.54480103, 699692.70990103, 699693.49850103, 699693.47850103, 699692.86030103, 699691.60910103, 699689.21250103, 699685.23160103, 699682.25660103, 
699681.50170103, 699680.59450103, 699679.47650103, 699677.89020103, 699676.20900103, 699673.77650103, 699757.74620103, 699771.59370103, 699898.14990103, 700233.95700104, 700280.03130104, 700289.79110104, 700347.00970104, 700389.06940104, 700428.59890104, 700429.19310104, 700430.59500104, 700402.62670104, 700358.16870104, 700316.07380104, 700294.84970104, 700264.79900104, 700262.97180104, 700261.59230104, 700246.44790104, 700234.02000104, 700212.96590104, 700209.55670104, 700229.83270104, 700014.11960103, 
700057.75520103, 700058.80120103, 700110.22630104, 700165.17960104, 700188.86450104, 700195.61320104, 700206.60320104, 700254.32480104, 700265.80710104, 700368.01410104, 700364.86240104, 700340.62560104, 5339842.57219729, 5339870.2863973, 5339951.6026973, 5339978.56509731, 5340072.03019731, 5340077.12539731, 5340092.18429732, 5340093.86989732, 5340099.04979732, 5340107.14779732, 5340108.12929732, 5340109.20899732, 5340110.21679733, 5340111.21459733, 5340111.32169733, 5340111.85489733, 5340111.91609733, 
5340112.25659733, 5340112.42299733, 5340112.59079733, 5340112.76129733, 5340113.25919734, 5340113.15739733, 5340005.85759733, 5340005.81509734, 5339982.17959734, 5339960.67339734, 5339897.97009734, 5339839.19929735, 5339850.71999735, 5339851.61999735, 5339852.72999736, 5339853.62999735, 5339861.35849736, 5339869.77699736, 5339877.71849736, 5339881.52019737, 5339885.99109737, 5339894.38329737, 5339898.37969737, 5339902.08749737, 5339909.40889738, 5339916.89999738, 5339921.75999738, 5339926.03999738, 
5339927.93289738, 5339928.44849738, 5339932.21829739, 5339938.66969739, 5339945.3908974, 5339952.0533974, 5339956.89469741, 5339961.65819741, 5339963.84849741, 5339964.17169741, 5339966.26859742, 5339970.50649742, 5339974.55539742, 5339976.90089743, 5339978.91719743, 5339983.67339743, 5339988.67929744, 5339993.18099744, 5339993.87469744, 5339994.59889744, 5340020.24769746, 5340025.82069747, 5340039.13859748, 5340046.31379749, 5340054.8428975, 5340046.41619751, 5340033.5873975, 5340032.4918975, 5340022.11949751, 
5340013.1909975, 5340010.1573975, 5339998.5608975, 5339986.1697975, 5339974.30999751, 5339963.02099751, 5339952.49479751, 5339941.60089751, 5339942.63549751, 5339931.56329751, 5339918.25159751, 5339896.80999751, 5339896.42999751, 5339885.20999751, 5339873.14619751, 5339873.03139751, 5339873.33039751, 5339873.48399751, 5339795.93479751, 5339784.09999751, 5339738.47999751, 5339714.67999751, 5339699.26999751, 5339691.75999751, 5339666.25999751, 5339624.3699975, 5339581.6199975, 5339560.4099975, 5339527.50999749, 
5339506.01999749, 5339480.74999749, 5339468.25999749, 5339455.53999749, 5339452.92999749, 5339450.10999749, 5339448.66999749, 5339450.21999749, 5339449.53999748, 5339448.53999748, 5339447.86899749, 5339430.05039748, 5339424.99999748, 5339414.51999748, 5339411.87959748, 5339388.95229748, 5339377.20549748, 5339350.68999748, 5339338.17999748, 5339318.02399748, 5339273.48949751, 5339272.87399751, 5339232.72549753, 5339232.43199753, 5339232.17959753, 5339232.12449753, 5339205.86319754, 5339197.10679755, 
5339196.17099755, 5339191.28329755, 5339190.07399755, 5339186.25679755, 5339177.95179755, 5339163.75719756, 5339162.01409757, 5339161.85409756, 5339158.82899757, 5339158.49899756, 5339150.09929757, 5339149.92479757, 5339149.33619757, 5339149.18999757, 5339099.19919757, 5339094.28899758, 5339089.54819758, 5339056.49099759, 5339045.97099759, 5339045.52339759, 5339044.93639759, 5339043.67949759, 5339043.52959759, 5339039.96669759, 5339039.59239759, 5339024.2369976, 5339022.4072976, 5339019.0509976, 
5339004.8215976, 5338990.5675976, 5338990.8498976, 5338991.7496976, 5338992.2119976, 5338992.5160976, 5338993.1682976, 5338997.88549761, 5338998.07329761, 5338998.53389761, 5338998.68649761, 5338998.96779761, 5339006.99889763, 5338948.77829763, 5338946.04669763, 5338948.19219763, 5338965.33619763, 5338968.05629763, 5338979.25689764, 5339001.75219764, 5339012.67359764, 5339016.97829764, 5339019.14879764, 5339034.58899765, 5339075.53249765, 5339078.76949765, 5339096.95969766, 5339100.74099766, 5339100.56339766, 
5339100.31359766, 5339107.57409766, 5339128.49929766, 5339141.35569765, 5339147.33299765, 5339159.11739765, 5339166.37349765, 5339217.69379765, 5339236.46119765, 5339251.35559765, 5339270.23419765, 5339275.05959765, 5339318.28049766, 5339321.81199766, 5339341.36409766, 5339366.26399767, 5339382.71969768, 5339389.33249767, 5339416.72999768, 5339399.68009768, 5339377.37629768, 5339380.70369768, 5339384.11879768, 5339386.28899769, 5339387.04849769, 5339391.24849769, 5339392.23079769, 5339392.87429769, 
5339389.91509768, 5339365.30129769, 5339365.12319769, 5339365.10389769, 5339338.99029769, 5339331.02029769, 5339331.39919769, 5339332.31329769, 5339333.34789769, 5339333.54539769, 5339333.99009769, 5339334.43679769, 5339335.38839769, 5339336.17839769, 5339336.2591977, 5339336.6378977, 5339337.1749977, 5339337.2881977, 5339338.1440977, 5339338.6819977, 5339338.9563977, 5339339.0938977, 5339340.5651977, 5339341.2889977, 5339342.2201977, 5339344.0715977, 5339344.5168977, 5339345.2283977, 5339345.6062977, 
5339345.90049771, 5339346.0924977, 5339346.7395977, 5339390.7637977, 5339398.5973977, 5339411.4790977, 5339434.4619977, 5339444.6490977, 5339455.9389977, 5339474.1927977, 5339490.8883977, 5339504.2786977, 5339508.4524977, 5339514.1253977, 5339521.5248977, 5339529.0130977, 5339536.2717977, 5339561.4790977, 5339580.3006977, 5339588.2206977, 5339595.0418977, 5339613.0315977, 5339614.7898977, 5339617.4576977, 5339625.2942977, 5339633.2115977, 5339636.2861977, 5339641.0810977, 5339650.4305977, 5339652.7607977, 
5339654.8399977, 5339659.1448977, 5339671.73919771, 5339675.47719771, 5339677.75489771, 5339704.16139771, 5339708.78639771, 5339713.55079771, 5339631.96039771, 5339510.00499772, 5339405.78039772, 5339302.86689773, 5339166.74819773, 5339006.84199774, 5338997.50259774, 5338908.33669775, 5338814.03919775, 5338778.69559775, 5338685.15849775, 5338659.64849776, 5338590.87159776, 5338540.76149776, 5338524.02159776, 5338505.75499776, 5338452.50599777, 5338443.52209777, 5338440.78199777, 5338438.07309776, 
5338435.47109777, 5338433.04769777, 5338421.57479777, 5338419.67099777, 5338410.37229777, 5338402.61459777, 5338391.37519777, 5338390.89149777, 5338391.08289777, 5338385.73689777, 5338382.45819777, 5338381.21259777, 5338379.05259777, 5338373.91459777, 5338372.57089777, 5338276.37459777, 5338221.10859778, 5338145.07109778, 5337632.6252978, 5337615.3276978, 5337586.9807978, 5337212.93059782, 5337150.15859782, 5337072.95799782, 5337035.71779782, 5337024.43859783, 5337013.34389782, 5336998.02899783, 
5336962.69289783, 5336822.07509783, 5336649.22029784, 5336627.28939784, 5336533.64759784, 5336497.20669785, 5336354.83219785, 5336350.93279785, 5336303.13919785, 5336223.15009786, 5336221.87809786, 5336171.97169786, 5336172.74359786, 5336164.41979786, 5336155.97809786, 5336156.21309786, 5336048.82039786, 5335988.52729786, 5335968.32949787, 5335946.35139787, 5335931.48929787, 5335922.23779787, 5335912.35169787, 5335899.90029787, 5335888.24019787, 5335844.72279787, 5335827.25509787, 5335806.53949787, 
5335750.09429787, 5335744.60659787, 5335686.90059787, 5335680.92039787, 5335672.98129787, 5335645.13509787, 5335640.19809787, 5335636.24719787, 5335628.27249787, 5335612.39289787, 5335604.44939787, 5335588.48579787, 5335572.82329787, 5335541.10299787, 5335503.38939787, 5335497.19639787, 5335497.28009787, 5335489.05959787, 5335488.85719787, 5335446.23109787, 5335430.47089787, 5335338.92919788, 5335338.64159787, 5335327.95969788, 5335327.71699788, 5335324.29779788, 5335306.77329788, 5335290.66459787, 
5335287.24529787, 5335287.01789787, 5335276.37709787, 5335276.01019787, 5335275.74029787, 5335275.25469787, 5335274.12159787, 5335274.59749787, 5335273.92749787, 5335275.58959787, 5335274.50439787, 5335273.39779787, 5335268.22789787, 5335267.19969787, 5335264.77389787, 5335204.70769787, 5335197.77939787, 5335190.77639787, 5335183.92229787, 5335177.34859787, 5335172.86379787, 5335171.25789787, 5335165.85669787, 5335161.21579787, 5335157.49429787, 5335154.71359787, 5335153.06469787, 5335152.40329787, 
5335152.78429787, 5335154.36279787, 5335156.83129787, 5335160.25279787, 5335164.61989787, 5335168.23329787, 5335169.75939787, 5335172.95009787, 5335175.49279787, 5335181.75019787, 5335228.90319786, 5335231.60669787, 5335234.19579787, 5335236.69039787, 5335238.82099787, 5335240.73899786, 5335242.43699786, 5335243.93309786, 5335245.05599786, 5335245.80799786, 5335246.29379786, 5335246.39539786, 5335246.49179786, 5335246.35739786, 5335246.20399786, 5335245.54519786, 5335243.29279786, 5335241.78199786, 
5335229.59459786, 5335225.29829786, 5335223.61099786, 5335221.64049786, 5335219.79129786, 5335218.20769786, 5335216.75719786, 5335215.53699786, 5335214.41149786, 5335212.93319786, 5335212.45379786, 5335212.73569786, 5335213.02899786, 5335214.10309786, 5335215.36229786, 5335216.85209786, 5335217.20079786, 5335218.08729786, 5335218.43639785, 5335220.29089786, 5335222.33409786, 5335224.74479786, 5335234.33299786, 5335212.43099785, 5335209.51269785, 5335206.97239785, 5335185.79729784, 5335179.48659784, 
5335148.33699783, 5335129.18969783, 5335113.19329784, 5335085.80139784, 5335073.64129784, 5335073.77589783, 5335062.32339784, 5335047.41039784, 5335035.19189783, 5335024.45599784, 5335010.61459784, 5334991.08139784, 5334971.78919784, 5334969.98059784, 5334966.17139784, 5334966.70929784, 5334966.05399784, 5334963.72949784, 5334958.15949784, 5334950.77019784, 5334949.20889783, 5334936.79179784, 5334935.10879783, 5334935.25259784, 5334934.99119784, 5334933.56019784, 5334929.82409783, 5334915.66689783, 
5334911.67539783, 5334890.90069783, 5334892.01059783, 5334885.16739783, 5334884.98119783, 5334883.46429782, 5334944.02449783, 5334942.74759782, 5334939.98249782, 5334995.59319782, 5335004.31819782, 5335006.78819781, 5335006.77549782, 5335005.43169782, 5335004.81229782, 5335005.31629782, 5335006.55839782, 5335007.82059782, 5335008.37279782, 5335009.43439782, 5335010.37089782, 5335010.50779782, 5335022.40429782, 5335030.50079782, 5335047.58129782, 5335054.26229782, 5335039.08869781, 5335015.1764978, 
5334989.42369779, 5334969.05599778, 5334966.35999777, 5334962.47179776, 5334966.74249775, 5334952.31869775, 5334935.82989775, 5334919.08239775, 5334902.02019775, 5334883.71389775, 5334863.82489775, 5334865.58139775, 5334867.16929774, 5334867.86539775, 5334843.95129774, 5334841.09869774, 5334829.02449775, 5334820.27679775, 5334815.36999775, 5334812.54379775, 5334804.60199775, 5334672.79029775, 5334631.62729775, 5334626.51259775, 5334631.69209775, 5334637.47559775, 5334652.90769774, 5334662.37089774, 
5334671.17079774, 5334681.45819773, 5334684.81999773, 5334723.91879772, 5334724.51509772, 5334728.30349772, 5334740.57869772, 5334732.96829772, 5334729.76249772, 5334728.08299772, 5334726.86529772, 5334724.25489772, 5334720.99479772, 5334719.67729772, 5334718.56689772, 5334710.91619772, 5334720.63349771, 5334729.5079977, 5334737.2701977, 5334745.58529769, 5334744.73809769, 5334736.44939769, 5334733.74319769, 5334728.91329769, 5334685.52409767, 5334687.25409767, 5334689.80959767, 5334694.46849767, 
5334694.50789767, 5334694.73009767, 5334694.86969767, 5334694.93779767, 5334695.00399767, 5334699.53439767, 5334701.88199767, 5334703.59469767, 5334717.29079766, 5334727.54379766, 5334732.88689766, 5334737.22209766, 5334742.31149766, 5334766.41399766, 5334788.51019766, 5334803.86879766, 5334811.69229765, 5334823.75899765, 5334835.74929764, 5334839.34129764, 5334841.74429764, 5334842.66049764, 5334842.99519763, 5334842.92479763, 5334841.72299763, 5334839.29679763, 5334835.10409763, 5334833.98909762, 
5334831.24599762, 5334823.20619762, 5334821.52409762, 5334815.15249761, 5334808.45019761, 5334801.1755976, 5334799.1828976, 5334799.2742976, 5334802.4079976, 5334797.12629759, 5334795.72309759, 5334792.07239759, 5334790.68569758, 5334782.87529758, 5334774.24679758, 5334774.16669758, 5334773.62949758, 5334775.52909758, 5334779.35159758, 5334775.61779757, 5334774.08209757, 5334769.88759757, 5334768.17879757, 5334766.50109756, 5334766.24229756, 5334764.34939756, 5334758.81259756, 5334756.15519756, 5334754.76439756, 
5334711.53079755, 5334638.41709755, 5334633.09719755, 5334613.66099755, 5334664.71519755, 5334749.13489754, 5334895.25139753, 5334907.23849752, 5334949.39509752, 5334977.77229752, 5335043.14169751, 5335062.05159751, 5335070.89879751, 5335078.79809751, 5335093.60679751, 5335102.77099751, 5335151.0531975, 5335168.5450975, 5335169.2567975, 5335182.8544975, 5335196.8340975, 5335197.1111975, 5335219.15479749, 5335219.56879749, 5335234.22629749, 5335280.99159749, 5335326.37819748, 5335335.41249748, 5335338.65149748, 
5335344.69779748, 5335352.44109749, 5335356.14679749, 5335355.25659749, 5335383.27539749, 5335394.50909749, 5335434.10029749, 5335484.93299749, 5335503.19029749, 5335522.51129749, 5335523.92579749, 5335535.70919749, 5335549.90379749, 5335553.15659749, 5335553.60319749, 5335554.52299749, 5335610.07229749, 5335627.48279749, 5335642.46009749, 5335705.92929749, 5335735.75639749, 5335741.52469748, 5335763.71199748, 5335778.31139748, 5335808.07189748, 5335829.65089748, 5335848.70089749, 5335862.18959748, 
5335906.09419749, 5335926.13789749, 5335946.24319749, 5335975.54709749, 5335975.24959749, 5335981.22669748, 5335996.38629749, 5336049.08909749, 5336149.40009748, 5336225.16629748, 5336264.74659748, 5336319.55719748, 5336394.70899748, 5336457.62719748, 5336496.85129748, 5336533.26989748, 5336560.18239748, 5336602.38809747, 5336647.21849747, 5336681.34009747, 5336727.62819747, 5336756.67989747, 5336818.85609747, 5336854.38819747, 5336898.07359747, 5336966.45899747, 5336989.89269747, 5337004.97699747, 
5337029.74169747, 5337040.88199747, 5337045.71329747, 5337090.48869747, 5337149.31889747, 5337227.56629747, 5337269.17519747, 5337394.33299747, 5337432.91109747, 5337405.85949746, 5337387.29879746, 5337386.70569746, 5337387.96109746, 5337372.70169745, 5337369.31339745, 5337362.09149745, 5337328.29639745, 5337297.19449744, 5337293.86489744, 5337184.94939743, 5337184.10369743, 5337180.75789743, 5337176.68719743, 5337177.09029743, 5337180.87249743, 5337188.95619743, 5337192.73959743, 5337196.20279743, 
5337209.44859743, 5337211.47809743, 5337218.69899743, 5337234.38739742, 5337257.76339742, 5337337.12449742, 5337424.65449741, 5337524.54529741, 5337584.2307974, 5337603.8910974, 5337606.6936974, 5337609.1402974, 5337612.1036974, 5337615.1758974, 5337618.2006974, 5337621.1738974, 5337623.6214974, 5337627.1336974, 5337629.9162974, 5337632.7514974, 5337635.5898974, 5337638.3716974, 5337641.2418974, 5337643.6897974, 5337646.4477974, 5337649.2257974, 5337755.15189739, 5337838.43879739, 5337863.82569739, 
5337927.24899738, 5337928.24629738, 5337937.92719738, 5337987.06459738, 5338032.64299738, 5338147.31319737, 5338251.37009736, 5338279.13669736, 5338336.18499736, 5338343.52439736, 5338373.46109736, 5338378.79119736, 5338384.44499736, 5338388.09479736, 5338392.61959736, 5338398.54679736, 5338403.19699736, 5338410.76759736, 5338417.98479735, 5338424.73849735, 5338430.94139736, 5338436.44389735, 5338441.89309735, 5338447.68349735, 5338452.61689735, 5338457.15249736, 5338464.41429735, 5338469.32909736, 
5338477.03629736, 5338484.82829736, 5338490.43129735, 5338495.42989735, 5338498.04039735, 5338500.30279736, 5338502.06169735, 5338503.95939735, 5338505.52399736, 5338507.63959736, 5338507.82479735, 5338507.40059735, 5338507.45789735, 5338508.17209735, 5338509.59839735, 5338511.87199735, 5338515.04569735, 5338518.00829735, 5338519.01109735, 5338551.90859735, 5338556.26839735, 5338559.15859735, 5338562.93779735, 5338567.49109735, 5338588.44119735, 5338602.13149735, 5338604.66879735, 5338606.82059735, 
5338609.60909735, 5338626.05339735, 5338639.16749735, 5338647.81329735, 5338651.19579735, 5338654.35239735, 5338657.20819735, 5338658.12519735, 5338662.31329735, 5338671.63969735, 5338680.44809735, 5338699.09409735, 5338717.85909735, 5338727.80859735, 5338731.34479735, 5338736.57929735, 5338746.25909735, 5338753.65579735, 5338761.07279735, 5338765.79899735, 5338770.08529735, 5338773.36699735, 5338778.03459735, 5338779.91799735, 5338784.82249735, 5338792.20059735, 5338798.84689735, 5338804.12539735, 
5338807.76819735, 5338811.60969735, 5338815.64809735, 5338818.72119735, 5338823.44079735, 5338828.99919735, 5338831.37559735, 5338842.83659735, 5338850.48829735, 5338858.16179735, 5338865.99719735, 5338873.42869735, 5338879.06919736, 5338872.80039735, 5338871.65789735, 5338859.99979734, 5338765.7401973, 5338865.0140973, 5338886.0420973, 5339009.15179729, 5339103.35339729, 5339182.85929729, 5339184.05339729, 5339186.87039729, 5339216.95039729, 5339262.92779729, 5339304.3532973, 5339330.0869973, 5339358.2796973, 
5339360.2197973, 5339361.7169973, 5339377.8440973, 5339391.0360973, 5339413.50579731, 5339417.00589731, 5339426.7051973, 5339603.30269732, 5339629.79509732, 5339630.43679732, 5339661.90709731, 5339695.61569731, 5339710.12419731, 5339714.25839731, 5339720.86929731, 5339749.5089973, 5339756.4487973, 5339818.36479729, 5339821.15399729, 5339842.57219729))",1.3616129876931133
vablock_stadtbezirk.25,9,Neuhausen-Nymphenburg,12914863.75724,Neuhausen - Nymphenburg,NA,79,9,"list(c(689485.67240079, 689471.04900079, 689446.06370079, 689443.62270079, 689437.85830079, 689428.33080079, 689426.65640079, 689423.54020079, 689419.85910079, 689416.65530079, 689412.97070079, 689409.26990079, 689405.54080079, 689402.02540079, 689397.97480079, 689388.42510079, 689373.78040079, 689365.78320079, 689345.47100079, 689337.89360079, 689318.48170079, 689302.02780079, 689288.89130079, 689280.52360079, 689257.10200079, 689250.25080079, 689243.37290079, 689236.44600079, 689229.49370079, 689223.70490079, 
689222.55910079, 689217.97980079, 689197.43410079, 689195.16460079, 689188.31580079, 689180.62080079, 689173.77810079, 689173.27790079, 689126.82550078, 689027.75880078, 689002.73670078, 688996.11520078, 688981.95330078, 688940.62070078, 688853.33840078, 688793.47150078, 688779.26620078, 688744.97850078, 688728.90910078, 688706.05270078, 688689.92010078, 688686.41710078, 688582.41730077, 688587.46100077, 688571.99000077, 688567.56180077, 688565.62830077, 688549.43990077, 688547.85190077, 688544.39370077, 
688503.11280077, 688496.74990077, 688495.03560077, 688495.25270077, 688493.57960077, 688489.43650077, 688471.30420077, 688469.81800077, 688468.10550077, 688465.86410077, 688399.14700077, 688288.83660077, 688246.36450077, 688220.36100077, 688203.90480077, 688196.17870077, 688191.21900077, 688186.64490076, 688179.25710076, 688176.06490076, 688138.62620076, 688110.95810076, 687898.68550076, 687871.78490076, 687862.37870076, 687583.02790075, 687507.97320075, 687475.79090075, 687450.96890075, 687431.32320075, 
687383.62550075, 687366.58920075, 687350.39060075, 687254.33310075, 687128.07670074, 687119.83170074, 687110.80990074, 687106.61780074, 687102.82910074, 687089.48120074, 687076.21960074, 687063.09610074, 687050.61810074, 687037.49590074, 687025.12680074, 687002.73440074, 686990.11050074, 686978.36730074, 686966.78690074, 686951.49470074, 686928.36030074, 686896.49840074, 686842.87450074, 686752.30020074, 686667.13360073, 686633.44980073, 686601.58350073, 686554.42550073, 686490.08040073, 686379.34470073, 
686341.73450073, 686269.74640073, 686166.68270073, 686121.73330072, 686021.18480072, 685988.87860072, 685967.93780072, 685967.86450072, 685956.48420072, 685939.38050072, 685913.70430072, 685901.07030072, 685880.01420072, 685832.69010072, 685812.42840072, 685782.93480072, 685758.72330072, 685736.48410072, 685705.91420072, 685671.63770072, 685641.13810071, 685618.06820071, 685626.70140071, 685670.06320072, 685674.19760072, 685656.81640072, 685579.75830071, 685579.21510071, 685572.46530071, 685565.72850071, 
685559.02430071, 685552.41370071, 685545.85610071, 685539.38190071, 685532.96890071, 685526.64050071, 685520.35930071, 685451.20990071, 685444.48080071, 685437.54310071, 685430.40840071, 685423.19180071, 685415.90430071, 685408.60970071, 685380.80220071, 685367.69340071, 685343.66840071, 685325.77390071, 685322.79000071, 685297.72760071, 685281.92370071, 685276.73180071, 685273.57040071, 685273.32620071, 685272.85810071, 685272.74100071, 685282.05920071, 685283.79980071, 685284.29840071, 685286.80850071, 
685291.80250071, 685286.30410071, 685278.40730071, 685278.56920071, 685278.64860071, 685275.74010071, 685271.21790071, 685271.35030071, 685271.51940071, 685272.42410071, 685246.77400071, 685246.64870071, 685230.79880071, 685230.92420071, 685207.10600071, 685131.77740071, 685131.24530071, 685130.41960071, 685129.85800071, 685129.22240071, 685128.44630071, 685128.26270071, 685127.77780071, 685127.63110071, 685127.77870071, 685128.47920071, 685128.82340071, 685125.97380071, 685125.82090071, 685105.5416007, 
685105.7034007, 685101.1146007, 685101.0966007, 685100.9436007, 685090.9251007, 685091.1085007, 685087.9640007, 685088.1469007, 685077.6263007, 685077.6082007, 685077.4456007, 685070.6600007, 685070.8027007, 685068.01180071, 685067.8796007, 685034.7093007, 685033.6017007, 685030.2627007, 685023.5440007, 685018.1260007, 685013.9505007, 685005.6693007, 684992.5207007, 684974.4590007, 684956.1034007, 684938.7965007, 684923.4218007, 684907.5569007, 684891.5848007, 684872.2957007, 684863.2498007, 684861.4436007, 
684853.2911007, 684843.1750007, 684832.9711007, 684822.8152007, 684812.6129007, 684803.7950007, 684802.4901007, 684791.9303007, 684781.2493007, 684776.2092007, 684769.8088007, 684768.5369007, 684757.6057007, 684722.9263007, 684714.8011007, 684688.0503007, 684660.8070007, 684659.0918007, 684627.8066007, 684626.0007007, 684605.1698007, 684588.85170069, 684568.34300069, 684565.50210069, 684559.42780069, 684551.23220069, 684542.35530069, 684539.53660069, 684536.82250069, 684532.53650069, 684530.42650069, 
684523.29460069, 684518.49130069, 684518.37020069, 684517.63440069, 684517.15320069, 684520.65400069, 684524.55490069, 684525.93480069, 684532.20190069, 684533.60880069, 684538.29980069, 684543.68160069, 684544.58840069, 684547.98290069, 684561.06040069, 684563.89370069, 684565.41580069, 684569.59180069, 684570.01210069, 684570.16340069, 684569.89610069, 684569.38810069, 684568.62610069, 684567.30920069, 684565.83780069, 684562.23520069, 684562.59830069, 684565.51150069, 684568.00610069, 684601.8845007, 
684609.2844007, 684629.4716007, 684640.4158007, 684653.9157007, 684694.8070007, 684718.4245007, 684745.1160007, 684755.9175007, 684767.2054007, 684787.1385007, 684813.6500007, 684833.4681007, 684848.9969007, 684881.6473007, 684943.2205007, 684960.4370007, 684969.5446007, 684981.1969007, 684989.7789007, 684999.3428007, 685017.0685007, 685030.9705007, 685049.3421007, 685069.1297007, 685082.0236007, 685095.1890007, 685111.67530071, 685129.69900071, 685149.27640071, 685178.70280071, 685205.94320071, 
685234.53010071, 685284.73260071, 685282.18860071, 685396.61370071, 685458.39310071, 685522.65440071, 685606.42480071, 685647.26780072, 685658.68020072, 685659.39050072, 685708.58500072, 685876.88590072, 685967.22240072, 686003.50100072, 686056.43380072, 686068.73720072, 686070.87660072, 686082.94570072, 686082.81470072, 686114.85510072, 686114.96890072, 686127.63060072, 686134.69860072, 686141.23810072, 686149.95570073, 686151.25310073, 686151.25960073, 686164.93110073, 686165.95600073, 686176.17450073, 
686187.31690073, 686210.18920073, 686220.78300073, 686226.70390073, 686225.22940073, 686255.95170073, 686302.33260073, 686346.67390073, 686351.02470073, 686374.40640073, 686377.41760073, 686375.19000073, 686725.23350074, 686765.86940074, 686815.72050074, 686866.14840074, 686893.20620074, 686916.80500074, 686967.52400074, 687013.94660074, 687062.54470074, 687211.51520075, 687253.03150075, 687292.78750075, 687333.87160075, 687370.63630075, 687410.39850075, 687420.80800075, 687425.58610075, 687454.01770075, 
687542.61470075, 687652.65280076, 687675.32080076, 687806.28800076, 687896.67970076, 687997.05920076, 688092.84970076, 688127.97820076, 688158.49190076, 688191.59680077, 688211.29740077, 688246.06740077, 688261.26570077, 688283.08170077, 688298.35060077, 688319.63380077, 688340.25570077, 688353.70590077, 688366.29490077, 688378.23480077, 688458.15600077, 688492.28660077, 688525.42980077, 688546.36290077, 688570.62860077, 688569.06020077, 688569.59060077, 688603.08560077, 688611.53380077, 688632.51590077, 
688630.85980077, 688630.44530077, 688679.87920078, 688721.84260078, 688758.91410078, 688784.76200078, 688818.82870078, 688862.50090078, 688867.52040078, 688883.02680078, 688886.21000078, 688910.33280078, 688918.49920078, 688952.97210078, 688960.65870078, 689032.58130078, 689040.30810078, 689050.43910078, 689098.19200078, 689120.79100078, 689146.91730078, 689175.49960079, 689328.06690079, 689335.28140079, 689339.21620079, 689419.17520079, 689510.23440079, 689523.43530079, 689569.94480079, 689573.21150079, 
689575.84910079, 689613.47160079, 689916.5708008, 689929.3936008, 689942.5422008, 690084.9257008, 689951.6795008, 689785.0039008, 689593.59260079, 689592.96830079, 689675.9594008, 689721.5025008, 689837.1979008, 689827.3725008, 689829.2304008, 689838.2028008, 689852.3373008, 689874.2803008, 689903.5505008, 689928.8056008, 689876.1462008, 689847.3679008, 689820.3833008, 689780.2836008, 689665.9705008, 689637.43680079, 689607.60120079, 689577.38280079, 689554.93810079, 689537.30170079, 689485.67240079, 
5338343.2640981, 5338369.9924981, 5338401.7014981, 5338399.1626981, 5338392.1835981, 5338382.6865981, 5338381.6242981, 5338379.7795981, 5338377.8384981, 5338376.3448981, 5338374.8359981, 5338373.4197981, 5338372.1920981, 5338371.2086981, 5338370.2782981, 5338368.5764981, 5338366.1238981, 5338364.5885981, 5338359.07269811, 5338356.53649811, 5338346.69569811, 5338338.36989811, 5338331.58309811, 5338327.73469811, 5338316.94959811, 5338315.54249811, 5338314.30429811, 5338313.29419811, 5338312.42099811, 
5338311.74369811, 5338311.60869811, 5338311.99949811, 5338313.73089811, 5338313.92279811, 5338316.04879811, 5338322.42439812, 5338328.50129811, 5338328.95699811, 5338307.96659812, 5338263.25029813, 5338251.53809812, 5338248.43859813, 5338241.82389813, 5338222.47859813, 5338181.83679813, 5338153.49239814, 5338147.41559814, 5338132.75959814, 5338123.20289814, 5338111.66779814, 5338103.55379814, 5338102.01559814, 5338056.16979815, 5338049.00999815, 5338041.27139815, 5338039.06469815, 5338038.10109815, 
5338030.02419815, 5338029.68209815, 5338028.53659815, 5338009.98589816, 5338007.10589816, 5338011.53179815, 5338011.61029815, 5338016.00789815, 5338026.75569815, 5338073.80509816, 5338077.26019816, 5338080.61569816, 5338083.93069816, 5338049.86509816, 5338006.90879817, 5338021.38259817, 5338080.94629817, 5338120.80839817, 5338147.37679817, 5338162.61989817, 5338178.82929817, 5338209.78609817, 5338223.16029817, 5338215.58959817, 5338211.32319818, 5338187.25339819, 5338154.70639819, 5338153.74359819, 
5338122.79039821, 5338110.01499821, 5338102.66879821, 5338097.44129821, 5338093.30119822, 5338083.26619822, 5338079.36149822, 5338075.15539822, 5338047.56969822, 5338010.12299823, 5338008.75199823, 5338007.72749823, 5338007.39699823, 5338007.16489823, 5338008.03109823, 5338009.76479823, 5338012.36089824, 5338015.68539824, 5338020.08289824, 5338025.17559824, 5338036.39159824, 5338042.38249824, 5338048.53089824, 5338055.15159824, 5338062.40469824, 5338072.40039824, 5338086.88009824, 5338112.36609825, 
5338176.22719825, 5338234.22839826, 5338087.16069826, 5337970.43999826, 5337965.43399826, 5337958.09079827, 5337945.95809827, 5337943.37349827, 5337941.64849828, 5337937.33429828, 5337934.53369829, 5337930.51069829, 5337929.61729829, 5337929.24269829, 5337927.15109829, 5337927.1861983, 5337928.7413983, 5337935.5371983, 5337936.9168983, 5337937.3302983, 5337942.3704983, 5337947.5360983, 5337955.0541983, 5337841.92799831, 5337857.01469831, 5337862.22359831, 5337868.04859831, 5337857.17299831, 5337731.77129831, 
5337720.04339831, 5337712.75869831, 5337712.05699831, 5337708.69959831, 5337695.52959831, 5337695.59839832, 5337697.25619832, 5337699.09459832, 5337701.12429832, 5337703.31779832, 5337705.68419832, 5337708.23399832, 5337711.01639832, 5337713.93219832, 5337716.91989832, 5337751.21299832, 5337754.07069832, 5337756.35929832, 5337758.03919832, 5337759.15799832, 5337759.54379832, 5337759.32889832, 5337756.90269833, 5337753.77899832, 5337743.20809833, 5337736.21649833, 5337734.42949833, 5337719.40269833, 
5337709.21309833, 5337705.86949833, 5337703.82519833, 5337703.67559833, 5337703.36709833, 5337703.29249833, 5337688.72239833, 5337686.00059833, 5337685.28399833, 5337681.67749833, 5337674.50279833, 5337672.30699833, 5337668.48579833, 5337665.08929833, 5337663.56119833, 5337663.20739833, 5337662.66049833, 5337661.57479833, 5337661.60139833, 5337653.80029833, 5337630.46019833, 5337630.59539833, 5337616.16499833, 5337616.02979833, 5337594.48259833, 5337525.78499834, 5337526.08449834, 5337526.47249834, 
5337526.50059834, 5337526.37569834, 5337526.00509834, 5337525.83779834, 5337524.92809834, 5337524.07169834, 5337523.36689834, 5337522.08319834, 5337521.72629834, 5337515.00949834, 5337515.08359834, 5337469.25459834, 5337469.21089834, 5337458.83649834, 5337458.78579834, 5337458.85979834, 5337436.32549834, 5337436.24259834, 5337429.64389834, 5337429.57099834, 5337405.79949834, 5337405.74879834, 5337405.81249834, 5337390.42989834, 5337390.36539834, 5337384.18029834, 5337384.23519834, 5337397.43759834, 
5337397.87469834, 5337394.72169834, 5337389.44489834, 5337385.18969834, 5337382.41979835, 5337376.92769834, 5337369.77499834, 5337360.51299835, 5337352.25879835, 5337345.51089835, 5337340.79129835, 5337336.97679835, 5337333.15839835, 5337329.70329835, 5337328.91919835, 5337328.78769835, 5337328.18449835, 5337327.63379835, 5337327.53989835, 5337327.73879835, 5337328.25049835, 5337328.94649835, 5337329.04559835, 5337330.12359835, 5337331.48699836, 5337332.42019836, 5337333.59059836, 5337333.87109836, 
5337336.25409836, 5337343.80459836, 5337345.80859836, 5337352.36009836, 5337364.61469836, 5337362.15559836, 5337310.30919836, 5337306.82559836, 5337266.76859837, 5337231.15129837, 5337176.77799837, 5337169.27279837, 5337148.63989837, 5337120.79049837, 5337090.58369837, 5337077.16229837, 5337064.13529837, 5337043.66059837, 5337033.59969837, 5336985.12039837, 5336936.33039837, 5336922.03529837, 5336892.74209837, 5336873.23719837, 5336795.09789837, 5336773.70459837, 5336766.22699837, 5336729.74699837, 
5336722.07699837, 5336699.68209837, 5336673.43999837, 5336669.54229837, 5336657.37059837, 5336613.62009837, 5336603.27969837, 5336596.41479837, 5336580.25679837, 5336578.25199837, 5336576.12519837, 5336574.37479837, 5336573.05379837, 5336571.89449837, 5336570.70449837, 5336570.08439837, 5336570.06549837, 5336568.60289837, 5336556.86839837, 5336557.51189837, 5336442.40149837, 5336421.64789837, 5336363.38539836, 5336335.51419836, 5336305.19399836, 5336223.90979836, 5336179.83979836, 5336131.64609836, 
5336113.02799836, 5336095.41589836, 5336068.72669836, 5336033.24979836, 5336006.95819835, 5335986.96209836, 5335946.83879835, 5335872.57529835, 5335853.38779835, 5335842.49459835, 5335828.14479835, 5335818.10329835, 5335806.05879835, 5335786.97419835, 5335773.05299835, 5335755.66889835, 5335737.72399834, 5335726.53789834, 5335715.81009834, 5335702.91889834, 5335689.79629834, 5335677.67919834, 5335658.77329834, 5335642.43589834, 5335627.18669834, 5335602.58809833, 5335597.78199833, 5335544.43779833, 
5335535.58209832, 5335519.84769832, 5335490.82889832, 5335476.67929831, 5335473.18179831, 5335474.25789831, 5335457.67689831, 5335425.6025983, 5335414.5037983, 5335410.3005983, 5335404.46679829, 5335401.27059829, 5335418.31779829, 5335416.80559829, 5335415.79969829, 5335411.87159829, 5335412.80679829, 5335411.26309829, 5335410.40159829, 5335411.76129829, 5335410.78569829, 5335410.62649829, 5335410.71679829, 5335408.94259829, 5335410.37369829, 5335408.85129829, 5335407.00659829, 5335404.09039829, 
5335402.57569828, 5335401.85759828, 5335389.97069828, 5335385.91169828, 5335380.02249828, 5335372.46349828, 5335370.99119828, 5335368.11549828, 5335355.25279828, 5335338.03699828, 5335294.98359826, 5335290.43209826, 5335285.45129825, 5335282.11289825, 5335281.44889825, 5335280.85379825, 5335281.98579825, 5335285.20159824, 5335289.52669824, 5335304.60049823, 5335307.76849823, 5335310.06599823, 5335310.37099822, 5335309.33769822, 5335307.39749822, 5335306.75219822, 5335329.81159822, 5335326.60939822, 
5335318.35499821, 5335308.92069821, 5335310.23529821, 5335297.3624982, 5335289.64319819, 5335280.99479819, 5335272.90469818, 5335269.47179818, 5335267.10969818, 5335265.80929818, 5335265.37539818, 5335265.28979817, 5335265.66239817, 5335266.74309817, 5335267.98379817, 5335270.31349817, 5335273.00719817, 5335275.53539817, 5335277.29729817, 5335278.25329817, 5335280.61779816, 5335280.19339816, 5335278.78709816, 5335279.56819816, 5335281.27229815, 5335267.11219816, 5335258.40589816, 5335260.61379815, 
5335252.20879815, 5335253.75709815, 5335279.47919815, 5335286.70719815, 5335289.52459815, 5335290.60879814, 5335290.49409814, 5335290.19899814, 5335289.39679814, 5335288.93149814, 5335303.46679814, 5335348.38059814, 5335357.59919814, 5335359.60079814, 5335360.60579813, 5335414.56789814, 5335427.02659813, 5335542.06659813, 5335556.30049813, 5335574.82659813, 5335652.47809812, 5335683.52309812, 5335708.66809812, 5335748.28759812, 5335958.00359811, 5335969.72889811, 5335976.45549811, 5336088.4934981, 
5336064.7353981, 5336115.7545981, 5336227.8286981, 5336233.4690981, 5336238.36199809, 5336326.59689809, 5336591.72499807, 5336601.18909807, 5336610.90049807, 5336735.53299806, 5336889.23089807, 5337081.47609808, 5337302.67599809, 5337303.32279809, 5337375.22299809, 5337395.47389808, 5337401.42919808, 5337768.20219808, 5337848.25699808, 5337921.60129808, 5337973.47689808, 5338022.85329807, 5338068.00109807, 5338099.41809807, 5338148.72229807, 5338164.17119807, 5338168.85019808, 5338164.73769808, 5338146.18539809, 
5338143.43529809, 5338148.64829809, 5338166.04089809, 5338194.25639809, 5338231.58419809, 5338343.2640981))",NA
vablock_stadtbezirk.26,11,Milbertshofen-Am Hart,13417212.19468,Milbertshofen - Am Hart,77281,58,19,"list(c(692143.60000085, 692137.35670085, 692135.68730085, 692136.71390085, 692133.18770085, 692127.09810085, 692118.45080085, 692106.44710085, 692070.95470085, 692035.93230085, 691979.83880084, 691932.30570084, 691900.89960084, 691851.98920084, 691826.93640084, 691802.67880084, 691805.52190084, 691798.71470084, 691770.05710084, 691768.55890084, 691764.63210084, 691568.48090083, 691487.29670083, 691435.42100083, 691413.35500083, 691401.79720083, 691264.00330083, 691139.77870083, 690954.67230082, 690767.22130082, 
690717.06950082, 690571.15000081, 690546.33980081, 690485.06950081, 690478.08420081, 690462.30800081, 690455.59750081, 690367.08190081, 690400.01280081, 690429.51560081, 690430.53260081, 690476.33890081, 690432.03720081, 690445.16760081, 690450.48860081, 690460.10810081, 690470.94780081, 690413.88090081, 690400.64710081, 690343.02770081, 690321.15300081, 690320.58790081, 690319.90860081, 690319.15430081, 690318.34460081, 690317.48940081, 690316.61840081, 690316.55980081, 690315.77110081, 690314.95870081, 
690318.70100081, 690376.78720081, 690328.47450081, 690319.04010081, 690305.92260081, 690361.68190081, 690371.06360081, 690419.11860081, 690421.59120081, 690476.55360081, 690477.78410081, 690519.71580081, 690522.16430081, 690525.77390081, 690535.07130081, 690560.31100081, 690561.79420081, 690571.78170081, 690610.33740081, 690624.86760082, 690640.55060082, 690670.32260082, 690647.33490082, 690622.07560081, 690618.12990082, 690615.67520081, 690597.92970081, 690590.04190081, 690527.82750081, 690511.89030081, 
690500.62670081, 690499.66240081, 690470.61040081, 690436.34650081, 690431.64990081, 690428.91220081, 690419.22910081, 690396.76560081, 690376.19440081, 690371.56710081, 690337.11480081, 690254.81100081, 690134.8886008, 689925.1976008, 689835.4499008, 689765.8439008, 689705.1667008, 689669.65940079, 689643.95860079, 689641.91820079, 689641.00340079, 689635.52460079, 689608.69690079, 689514.03230079, 689504.82360079, 689498.47060079, 689497.63890079, 689490.94830079, 689484.72250079, 689465.19960079, 
689446.71810079, 689376.78180079, 689323.20720079, 689295.27020079, 689269.68720079, 689238.19840079, 689233.68710079, 689227.68890079, 689223.17760079, 689216.19800079, 689162.68920078, 689136.18160078, 689114.22290078, 689088.66140078, 689089.85630078, 689037.42070078, 688986.83850078, 688962.36980078, 688918.93190078, 688887.64240078, 688886.68030078, 688875.45200078, 688874.57970078, 688873.76650078, 688868.79600078, 688863.04700078, 688855.48730078, 688844.56450078, 688814.46750078, 688806.24260078, 
688800.69120078, 688796.41970078, 688795.26880078, 688795.77780078, 688800.24660078, 688807.63720078, 688817.87170078, 688844.23810078, 688849.90520078, 688854.07660078, 688857.19550078, 688858.61840078, 688857.87380078, 688852.32510078, 688843.17320078, 688830.53920078, 688785.69820078, 688769.13560078, 688751.54910078, 688741.35760078, 688732.98710078, 688727.66250078, 688725.71480078, 688720.61120078, 688715.50010078, 688707.70510078, 688706.05270078, 688728.90910078, 688744.97850078, 688779.26620078, 
688793.47150078, 688853.33840078, 688940.62070078, 688981.95330078, 688996.11520078, 689002.73670078, 689027.75880078, 689126.82550078, 689173.27790079, 689173.77810079, 689180.62080079, 689188.31580079, 689195.16460079, 689197.43410079, 689217.97980079, 689222.55910079, 689223.70490079, 689229.49370079, 689236.44600079, 689243.37290079, 689250.25080079, 689257.10200079, 689280.52360079, 689288.89130079, 689302.02780079, 689318.48170079, 689337.89360079, 689345.47100079, 689365.78320079, 689373.78040079, 
689388.42510079, 689397.97480079, 689402.02540079, 689405.54080079, 689409.26990079, 689412.97070079, 689416.65530079, 689419.85910079, 689423.54020079, 689426.65640079, 689428.33080079, 689437.85830079, 689443.62270079, 689446.06370079, 689471.04900079, 689485.67240079, 689537.30170079, 689554.93810079, 689577.38280079, 689607.60120079, 689637.43680079, 689665.9705008, 689780.2836008, 689820.3833008, 689847.3679008, 689876.1462008, 689928.8056008, 689969.5909008, 690003.1106008, 690053.1824008, 
690104.1559008, 690156.23800081, 690215.38380081, 690275.06180081, 690334.35160081, 690453.01180081, 690397.21890081, 690370.27200081, 690372.17400081, 690385.48190081, 690383.62470081, 690379.61020081, 690378.56500081, 690374.36310081, 690369.12750081, 690364.66920081, 690361.08920081, 690360.31310081, 690357.66900081, 690354.42500081, 690351.44990081, 690348.96360081, 690348.96220081, 690347.05390081, 690345.69150081, 690344.82760081, 690344.54580081, 690343.63230081, 690337.63310081, 690302.25730081, 
690269.28050081, 690182.29920081, 690192.08720081, 690400.25370081, 690614.63070082, 690706.13410082, 690770.55880082, 690817.53180082, 690873.52280082, 690936.69560082, 691103.68190083, 691109.14820083, 691165.38640083, 691210.30650083, 691255.39640083, 691265.52180083, 691289.82320083, 691295.23590083, 691382.24680083, 691466.06530083, 691549.29580084, 691722.86450084, 691767.29080084, 691821.83680084, 691876.16610084, 692029.66540085, 692148.49970085, 692179.25200085, 692148.17210085, 692136.42470085, 
692106.70730085, 692084.24780085, 692075.04110085, 692073.82620085, 692049.68290085, 692048.48570085, 692033.41240085, 692028.42390085, 692053.64300085, 692053.57240085, 692055.13640085, 692056.94380085, 692079.08110085, 692086.50970085, 692102.62070085, 692118.90310085, 692127.52600085, 692135.94910085, 692152.77880085, 692168.26500085, 692170.32670085, 692178.83200085, 692187.50630085, 692205.11330085, 692213.66510085, 692222.67460085, 692239.92110085, 692254.15230085, 692255.55630085, 692257.32700085, 
692274.38000085, 692291.52840085, 692308.38280085, 692325.39730085, 692342.09090085, 692384.32140085, 692389.02650085, 692391.96800085, 692394.14530085, 692395.79390085, 692397.59590085, 692399.61920085, 692403.45520085, 692406.24590085, 692406.62680085, 692408.97070085, 692409.56870085, 692410.51930085, 692411.13570085, 692411.03050085, 692410.90950085, 692409.85830085, 692408.53450085, 692408.48250085, 692407.19610085, 692405.86780085, 692404.55960085, 692403.39070085, 692403.25190085, 692401.95370085, 
692400.50750085, 692399.46110085, 692399.30140085, 692399.07170085, 692397.62520085, 692396.18910085, 692394.74180085, 692393.30460085, 692391.94580085, 692391.79910085, 692408.77370085, 692433.72170085, 692440.62000085, 692465.06390086, 692467.47190085, 692467.68800085, 692476.68910085, 692443.40920085, 692449.25960085, 692455.20940085, 692456.51940085, 692475.25030085, 692480.83180085, 692483.38310085, 692484.54900085, 692484.61910086, 692486.23380086, 692487.44800085, 692221.74050085, 692094.55780085, 
692144.91780085, 692147.02620085, 692172.57950085, 692197.53680085, 692216.46210085, 692223.15330085, 692225.96970085, 692227.54470085, 692223.98310085, 692213.70860085, 692212.51160085, 692211.65260085, 692211.01420085, 692210.96420085, 692208.49760085, 692208.63060085, 692208.48940085, 692208.04280085, 692206.68490085, 692202.90290085, 692196.68080085, 692191.89950085, 692187.19020085, 692186.12930085, 692186.43990085, 692182.36960085, 692182.31140085, 692182.28410085, 692181.69560085, 692180.66290085, 
692179.86840085, 692179.93370085, 692178.33030085, 692178.85320085, 692176.78860085, 692176.59170085, 692174.21740085, 692178.37270085, 692177.81910085, 692174.66750085, 692167.88940085, 692146.30760085, 692145.95990085, 692143.60000085, 5344442.98099792, 5344458.60939792, 5344462.92759792, 5344464.30919792, 5344475.17999792, 5344485.06959792, 5344498.36169792, 5344514.02439792, 5344553.12119792, 5344589.92079792, 5344647.93879793, 5344702.68799793, 5344741.82749793, 5344800.65669794, 5344828.70729794, 
5344867.42729794, 5344867.90809794, 5344879.12439794, 5344926.33079794, 5344928.82469794, 5344928.16159794, 5344894.77859795, 5344880.57879796, 5344871.50609796, 5344868.50539796, 5344863.33959796, 5344841.41559797, 5344820.19799798, 5344793.09039799, 5344769.47899801, 5344763.83629801, 5344747.37929802, 5344744.57839802, 5344739.08499802, 5344722.90619802, 5344686.37889802, 5344670.85059802, 5344465.82859803, 5344369.71299803, 5344368.10069803, 5344365.63909803, 5344254.39779803, 5344236.20999803, 
5344202.26509803, 5344188.52119803, 5344163.63579803, 5344135.69409803, 5344057.80839803, 5344039.74679803, 5343961.09779803, 5343931.23489803, 5343930.58229803, 5343930.03529803, 5343929.61539803, 5343929.33349804, 5343929.18999803, 5343929.19589804, 5343929.20759804, 5343929.36289804, 5343929.66139803, 5343927.89619804, 5343900.37439803, 5343725.97969803, 5343685.10399804, 5343558.58039804, 5343128.52359803, 5343056.20389803, 5342682.63969803, 5342662.92429803, 5342236.02629803, 5342226.96969803, 
5341900.38739803, 5341880.91769803, 5341834.50959803, 5341715.44929803, 5341518.77699803, 5341507.22319802, 5341429.36549802, 5341129.57189802, 5341016.74989802, 5340895.09229802, 5340665.14939802, 5340661.15629802, 5340656.79889802, 5340656.13609802, 5340655.72109802, 5340652.72069802, 5340651.38159802, 5340640.85099803, 5340638.14789803, 5340636.24669803, 5340636.07919803, 5340631.16679803, 5340634.83409803, 5340634.67119803, 5340634.56459803, 5340634.22749803, 5340633.42509804, 5340637.35429804, 
5340638.24379804, 5340638.98689804, 5340634.51539805, 5340628.00819805, 5340616.61879807, 5340611.76709807, 5340611.57379808, 5340603.08839808, 5340598.04039808, 5340593.68769808, 5340598.25309808, 5340597.84679808, 5340595.39919808, 5340592.53219808, 5340583.21059809, 5340583.49929809, 5340583.70009809, 5340583.72749809, 5340583.93689809, 5340584.13409809, 5340584.75479809, 5340578.3873981, 5340554.2679981, 5340541.4166981, 5340534.7619981, 5340528.65899811, 5340521.04409811, 5340519.95709811, 5340518.50039811, 
5340517.41389811, 5340515.72159811, 5340503.03369811, 5340496.52229811, 5340491.93129812, 5340488.05389812, 5340475.68329811, 5340461.15849812, 5340447.61689812, 5340442.47329812, 5340430.76909813, 5340423.72519813, 5340402.85709813, 5340159.30009813, 5340140.38439813, 5340122.74979813, 5340055.11289813, 5339995.44549813, 5339935.94819813, 5339867.73869813, 5339699.68019813, 5339646.21389813, 5339601.22629813, 5339549.96219814, 5339500.82969813, 5339452.62499813, 5339400.57869814, 5339352.44839814, 
5339301.86559814, 5339184.21269813, 5339153.13679813, 5339121.46439813, 5339091.77969813, 5339060.80989813, 5339010.49709813, 5338959.03109813, 5338911.41969813, 5338862.84119813, 5338722.04189814, 5338662.66889814, 5338586.02139814, 5338535.49799814, 5338484.50679814, 5338440.15069814, 5338420.75099814, 5338367.03309814, 5338299.58539814, 5338158.77699814, 5338111.66779814, 5338123.20289814, 5338132.75959814, 5338147.41559814, 5338153.49239814, 5338181.83679813, 5338222.47859813, 5338241.82389813, 
5338248.43859813, 5338251.53809812, 5338263.25029813, 5338307.96659812, 5338328.95699811, 5338328.50129811, 5338322.42439812, 5338316.04879811, 5338313.92279811, 5338313.73089811, 5338311.99949811, 5338311.60869811, 5338311.74369811, 5338312.42099811, 5338313.29419811, 5338314.30429811, 5338315.54249811, 5338316.94959811, 5338327.73469811, 5338331.58309811, 5338338.36989811, 5338346.69569811, 5338356.53649811, 5338359.07269811, 5338364.5885981, 5338366.1238981, 5338368.5764981, 5338370.2782981, 5338371.2086981, 
5338372.1920981, 5338373.4197981, 5338374.8359981, 5338376.3448981, 5338377.8384981, 5338379.7795981, 5338381.6242981, 5338382.6865981, 5338392.1835981, 5338399.1626981, 5338401.7014981, 5338369.9924981, 5338343.2640981, 5338231.58419809, 5338194.25639809, 5338166.04089809, 5338148.64829809, 5338143.43529809, 5338146.18539809, 5338164.73769808, 5338168.85019808, 5338164.17119807, 5338148.72229807, 5338099.41809807, 5338134.43359807, 5338156.49769807, 5338177.05519806, 5338191.17979806, 5338200.22219806, 
5338206.11249805, 5338207.60399805, 5338204.60599805, 5338194.29949804, 5338384.69769804, 5338549.89219804, 5338550.20799804, 5338552.40519804, 5338558.44899804, 5338571.51589804, 5338575.46789804, 5338590.78429804, 5338610.06139804, 5338629.54159804, 5338649.21849804, 5338653.71209804, 5338669.12069804, 5338688.86459804, 5338708.64319804, 5338728.48309804, 5338728.49309804, 5338748.39569804, 5338768.36829804, 5338788.35939804, 5338800.43639804, 5338823.35239804, 5338832.88259804, 5338881.53299805, 
5338916.27999805, 5339016.86669805, 5339038.69129805, 5339040.44859804, 5339042.09099802, 5339054.64179802, 5339075.96899802, 5339098.04139802, 5339125.18879801, 5339155.987798, 5339233.40199799, 5339235.85689799, 5339260.87849799, 5339275.05559799, 5339283.91969799, 5339285.49579798, 5339289.37539798, 5339290.29779798, 5339295.38439798, 5339294.34539797, 5339287.89879796, 5339268.31979795, 5339263.31749795, 5339259.12469795, 5339259.65429794, 5339267.99389793, 5339274.92429793, 5339276.72119792, 
5339605.39339793, 5339729.76939792, 5340035.25799793, 5340288.85239793, 5340412.89789793, 5340428.36329793, 5340701.35419793, 5340714.88349793, 5340891.07559793, 5340982.91559793, 5340985.67389793, 5340986.91819793, 5340985.99909793, 5340986.14839793, 5340988.97849793, 5340989.92859793, 5340991.97569793, 5340994.06689793, 5340995.17649792, 5340996.25829792, 5340998.39839792, 5341000.38379792, 5341000.64449792, 5341001.72759792, 5341002.83819792, 5341005.11129792, 5341006.20799792, 5341007.36279792, 
5341009.56459792, 5341011.38179791, 5341011.56699792, 5341011.84669792, 5341014.46819791, 5341017.15139791, 5341020.28779791, 5341023.42839791, 5341026.49919791, 5341034.24939791, 5341055.63139791, 5341068.99349791, 5341078.85479791, 5341086.36479791, 5341094.56119791, 5341103.75649791, 5341121.1256979, 5341135.5314979, 5341137.5673979, 5341154.19119791, 5341160.66979791, 5341170.9349979, 5341187.7101979, 5341195.79119791, 5341204.53209791, 5341221.33369791, 5341236.1436979, 5341236.7120979, 5341250.95089791, 
5341265.7479979, 5341280.28839791, 5341293.31379791, 5341294.8196979, 5341309.35839791, 5341325.38089791, 5341337.0689979, 5341338.85439791, 5341341.40759791, 5341357.45469791, 5341373.46859791, 5341389.5018979, 5341405.54859791, 5341420.61739791, 5341422.58309791, 5341419.80109791, 5341415.7013979, 5341414.5900979, 5341562.0362979, 5341576.7698979, 5341578.0815979, 5341632.7588979, 5341636.9054979, 5341676.1296979, 5341716.0976979, 5341724.8566979, 5341850.4174979, 5341887.9127979, 5341905.0928979, 
5341912.9531979, 5341913.4256979, 5341924.3564979, 5341934.7078979, 5341890.35749792, 5341868.49119793, 5342389.10809792, 5342400.70109792, 5342662.79729792, 5342921.75299791, 5343120.11819792, 5343188.51989791, 5343225.95219791, 5343265.91229791, 5343265.69029791, 5343265.05769791, 5343264.98409791, 5343264.92769791, 5343264.88589791, 5343264.88399791, 5343264.74819791, 5343283.12869792, 5343302.88919792, 5343322.52299791, 5343362.42159791, 5343459.99939791, 5343621.43299791, 5343745.51949792, 5343868.31099791, 
5343896.26259791, 5343896.25479791, 5343998.67429792, 5344000.16329791, 5344000.86279791, 5344015.93149791, 5344042.62789791, 5344060.41229791, 5344061.04539791, 5344101.32839792, 5344101.26859791, 5344156.44529791, 5344158.66959791, 5344224.84479792, 5344227.11739791, 5344231.29949791, 5344255.35799792, 5344306.91169791, 5344434.67059791, 5344434.60689792, 5344442.98099792))",2.458560318836454
vablock_stadtbezirk.27,12,Schwabing-Freimann,25674767.45549,Schwabing - Freimann,77092,30,6,"list(c(694974.91160091, 694907.44730091, 694881.24410091, 694872.36920091, 694822.73160091, 694782.53280091, 694778.21570091, 694767.21400091, 694742.6668009, 694747.4646009, 694751.5874009, 694752.25850091, 694754.09850091, 694756.21440091, 694757.73540091, 694758.66200091, 694758.76090091, 694758.86770091, 694758.63780091, 694757.03930091, 694753.95370091, 694744.2228009, 694739.6537009, 694715.1475009, 694693.3112009, 694687.2700009, 694675.7061009, 694657.6729009, 694628.7276009, 694620.1806009, 
694613.9531009, 694585.3440009, 694552.8361009, 694527.3010009, 694504.2807009, 694494.2822009, 694487.9563009, 694476.9584009, 694453.3635009, 694436.1867009, 694436.1822009, 694433.1965009, 694429.0211009, 694385.8227009, 694351.1593009, 694317.5898009, 694274.30810089, 694267.10240089, 694136.99980089, 694119.98300089, 694099.44440089, 694096.57120089, 694095.69740089, 694076.60030089, 694076.10570089, 694072.62140089, 694065.10430089, 694055.16860089, 694039.06390089, 694030.32900089, 693981.39730089, 
693978.97880089, 693969.63190089, 693960.43710089, 693952.17860089, 693944.13230089, 693934.99490089, 693926.36740089, 693917.28580089, 693909.57910089, 693901.56980089, 693892.30590089, 693883.76050089, 693874.66980089, 693864.85690089, 693855.76800088, 693846.97100088, 693837.74330088, 693831.50300088, 693828.96920088, 693824.97200088, 693822.29230088, 693816.70540088, 693813.19850088, 693804.26070088, 693794.68480088, 693785.85180088, 693776.84510088, 693767.95390088, 693759.34570088, 693751.00510088, 
693738.48210088, 693698.05030088, 693681.96010088, 693660.26100088, 693647.09200088, 693671.56330088, 693684.75660088, 693760.81360088, 693757.82500088, 693757.53100088, 693755.65120088, 693742.10670088, 693610.18040088, 693612.81100088, 693613.48690088, 693616.42030088, 693620.23210088, 693636.98810088, 693640.18170088, 693644.23160088, 693606.69790088, 693539.15460088, 693525.46210088, 693513.36670088, 693525.44490088, 693532.79100088, 693545.60510088, 693553.82400088, 693555.88160088, 693560.31210088, 
693563.82310088, 693571.07360088, 693579.39390088, 693587.08610088, 693595.16010088, 693603.52010088, 693611.67730088, 693614.60590088, 693655.36880088, 693660.00840088, 693683.10360088, 693687.99470088, 693694.80210088, 693703.30010088, 693719.82560088, 693730.27280088, 693733.95030088, 693745.90860088, 693754.67640088, 693775.38560088, 693777.65240088, 693789.57730088, 693793.54730088, 693809.52850088, 693813.39920088, 693816.65140088, 693822.61270088, 693826.08620088, 693833.21150088, 693862.68620089, 
693866.21930089, 693869.63040089, 693873.37750089, 693922.99390089, 693940.21770089, 693948.72250089, 693968.37870089, 693972.13030089, 693975.57330089, 693977.63230089, 693931.89050089, 693926.87030089, 693855.34770088, 693819.57660088, 693774.95540088, 693766.35110088, 693756.95130088, 693694.84170088, 693668.22770088, 693614.47710088, 693605.34770088, 693578.70210088, 693583.07070088, 693583.55730088, 693584.08540088, 693586.41150088, 693575.12600088, 693557.38950088, 693539.59350088, 693522.37200088, 
693496.82030088, 693479.01290088, 693480.64270088, 693481.91440088, 693485.19610088, 693491.80490088, 693496.14190088, 693262.71880087, 693264.68200087, 693264.99370087, 693271.50800087, 693280.02380087, 693284.53930087, 693270.04340087, 693271.19080087, 693246.39110087, 693248.75910087, 693253.78200087, 693261.53410087, 693264.25940087, 693276.17700087, 693224.57820087, 693211.46680087, 693201.14730087, 693175.24080087, 693149.56270087, 693124.10980087, 693097.63820087, 693054.47750087, 693008.61120087, 
692804.94510086, 692798.97410086, 692754.91890086, 692654.81150086, 692558.47440086, 692426.15120085, 692403.30840085, 692327.14330085, 692305.58050085, 692261.13220085, 692250.05040085, 692246.61600085, 692243.60090085, 692241.49440085, 692230.72150085, 692228.59550085, 692227.54470085, 692225.96970085, 692223.15330085, 692216.46210085, 692197.53680085, 692172.57950085, 692147.02620085, 692144.91780085, 692094.55780085, 692221.74050085, 692487.44800085, 692486.23380086, 692484.61910086, 692484.54900085, 
692483.38310085, 692480.83180085, 692475.25030085, 692456.51940085, 692455.20940085, 692449.25960085, 692443.40920085, 692476.68910085, 692467.68800085, 692467.47190085, 692465.06390086, 692440.62000085, 692433.72170085, 692408.77370085, 692391.79910085, 692391.94580085, 692393.30460085, 692394.74180085, 692396.18910085, 692397.62520085, 692399.07170085, 692399.30140085, 692399.46110085, 692400.50750085, 692401.95370085, 692403.25190085, 692403.39070085, 692404.55960085, 692405.86780085, 692407.19610085, 
692408.48250085, 692408.53450085, 692409.85830085, 692410.90950085, 692411.03050085, 692411.13570085, 692410.51930085, 692409.56870085, 692408.97070085, 692406.62680085, 692406.24590085, 692403.45520085, 692399.61920085, 692397.59590085, 692395.79390085, 692394.14530085, 692391.96800085, 692389.02650085, 692384.32140085, 692342.09090085, 692325.39730085, 692308.38280085, 692291.52840085, 692274.38000085, 692257.32700085, 692255.55630085, 692254.15230085, 692239.92110085, 692222.67460085, 692213.66510085, 
692205.11330085, 692187.50630085, 692178.83200085, 692170.32670085, 692168.26500085, 692152.77880085, 692135.94910085, 692127.52600085, 692118.90310085, 692102.62070085, 692086.50970085, 692079.08110085, 692056.94380085, 692055.13640085, 692053.57240085, 692053.64300085, 692028.42390085, 692033.41240085, 692048.48570085, 692049.68290085, 692073.82620085, 692075.04110085, 692084.24780085, 692106.70730085, 692136.42470085, 692148.17210085, 692179.25200085, 692180.00510085, 692190.29140085, 692160.96090085, 
692117.46820085, 692087.98470085, 692035.61140085, 691914.26970084, 691960.01020084, 691987.91180084, 692013.57000085, 692016.55350085, 692031.14000085, 692052.82000085, 692046.13070085, 692032.97280085, 692023.51560085, 692020.04030085, 692021.91640085, 691925.75380084, 691908.81490084, 691776.12460084, 691765.08480084, 691758.19520084, 691760.05090084, 691760.76520084, 691799.87350084, 691801.75950084, 691803.88440084, 691838.25460084, 691837.66390084, 691832.60170084, 691824.49690084, 691879.17130084, 
691878.56290084, 691870.40950084, 691869.06350084, 691861.50710084, 691859.89800084, 691852.83090084, 691851.60040084, 691850.67250084, 691838.93230084, 691820.34970084, 691939.92500084, 692074.80730085, 692072.80060085, 692072.08910085, 692064.33850085, 692064.16030085, 692057.03870085, 692044.92950085, 692038.45600085, 692033.81050085, 692014.70750085, 692012.61780085, 692011.72230085, 692020.34030085, 692025.66090085, 692030.57660085, 692035.70540085, 692041.44910085, 692047.97460085, 692055.73300085, 
692066.30080085, 692145.31440085, 692215.55430085, 692225.72390085, 692243.16820085, 692243.29730085, 692265.85000085, 692265.94020085, 692275.83360085, 692286.92550085, 692307.97900085, 692326.99210085, 692451.08260086, 692452.44820086, 692459.31810086, 692466.85150086, 692473.84970086, 692488.73010086, 692489.39020086, 692498.84440086, 692508.54110086, 692520.23470086, 692520.60380086, 692520.43730086, 692520.34900086, 692520.24410086, 692518.74000086, 692518.36640086, 692518.58700086, 692519.36560086, 
692520.57100086, 692530.39800086, 692535.57380086, 692541.99550086, 692551.34140086, 692553.79080086, 692556.42170086, 692558.63990086, 692560.88490086, 692567.55960086, 692571.15560086, 692573.49720086, 692575.11930086, 692576.65610086, 692580.02480086, 692582.37970086, 692590.99710086, 692595.35070086, 692598.79500086, 692607.35480086, 692612.03800086, 692612.23950086, 692615.72030086, 692618.52910086, 692618.93850086, 692619.81360086, 692621.32290086, 692621.28740086, 692621.19180086, 692618.61020086, 
692614.58980086, 692613.18840086, 692611.95770086, 692609.40290086, 692602.32650086, 692601.15830086, 692599.25970086, 692595.48620086, 692589.99990086, 692579.57070086, 692571.10520086, 692571.93270086, 692571.60860086, 692569.62450086, 692567.02850086, 692573.35350086, 692655.55570086, 692682.92070086, 692704.77010086, 692725.54510086, 692735.47270086, 692740.10010086, 692743.87200086, 692750.97930086, 692769.59100086, 692791.93510086, 692797.52530086, 692831.69160086, 692871.97300086, 692878.15830086, 
692904.56240087, 692931.21430087, 692968.43760087, 693022.12890087, 693137.25670087, 693227.91450087, 693244.44960087, 693249.44370087, 693250.68500087, 693279.62270087, 693277.34200087, 693322.45960087, 693349.55210088, 693351.75290088, 693430.72510088, 693450.97110088, 693502.96110088, 693515.13780088, 693611.05170088, 693689.09920088, 693708.71250088, 693717.20920088, 693723.36340088, 693729.62970088, 693750.28000088, 693792.99080089, 693827.79120089, 694035.22940089, 694050.94460089, 694060.50660089, 
694344.6822009, 694386.8571009, 694412.1650009, 694455.8709009, 694456.4390009, 694458.5506009, 694464.1127009, 694468.5479009, 694474.7950009, 694479.3992009, 694479.8772009, 694481.7400009, 694487.9988009, 694492.3256009, 694497.5086009, 694497.0540009, 694504.7636009, 694506.0427009, 694506.9010009, 694507.3154009, 694507.2739009, 694512.3352009, 694542.4165009, 694553.2451009, 694563.6589009, 694597.6034009, 694644.2798009, 694660.4719009, 694712.20160091, 694726.24950091, 694774.67820091, 694824.45020091, 
694829.36000091, 694918.37910091, 694993.97250091, 695051.29800091, 695109.37640092, 695177.30920092, 695222.87760092, 695227.72890092, 695233.73040092, 695267.95960092, 695270.69340092, 695275.18040092, 695290.16820092, 695295.29660092, 695297.90020092, 695300.73360092, 695312.10710092, 695317.92000092, 695321.66150092, 695331.29440092, 695340.81070092, 695344.06730092, 695346.18700092, 695368.03420092, 695376.31540092, 695381.06120092, 695388.34260092, 695411.72790092, 695415.76560092, 695417.63960092, 
695421.08130092, 695473.27740092, 695489.87700092, 695501.14900092, 695507.04310092, 695515.61160092, 695523.02760092, 695527.69780092, 695531.50110092, 695535.11390092, 695537.93110092, 695550.04380092, 695564.78070093, 695580.10180093, 695597.36190093, 695581.38660093, 695559.54680092, 695563.68320092, 695562.69960093, 695564.70480093, 695568.52050093, 695573.43960093, 695566.03630093, 695563.44020093, 695554.08930092, 695539.64820092, 695536.99040092, 695523.55700092, 695518.60860092, 695439.54810092, 
695449.65270092, 695446.52050092, 695423.55170092, 695430.10040092, 695433.90860092, 695434.23750092, 695435.09210092, 695442.05420092, 695444.29140092, 695472.72110092, 695514.31520092, 695554.84490092, 695598.60870093, 695638.02820093, 695672.64310093, 695706.79040093, 695739.91720093, 695773.80170093, 695806.09540093, 695840.09780093, 695872.97250093, 695905.19550093, 695931.75960093, 695937.08650093, 695968.29000093, 695999.54270093, 696027.23390094, 696041.98930094, 696051.14410094, 696047.92650094, 
696046.07760094, 696053.37940094, 696082.36070094, 696121.18360094, 696127.53230094, 696137.19780094, 696148.62780094, 696172.32380094, 696176.63050094, 696194.64090094, 696233.94540094, 696311.39130094, 696340.08460094, 696372.71080094, 696395.28040094, 696474.94010095, 696511.23860095, 696547.35650095, 696626.42600095, 696686.61520095, 696690.43820095, 696691.96890095, 696692.56620095, 696720.66590095, 696721.81100095, 696722.80060095, 696724.13330095, 696724.39840095, 696739.31940095, 696745.84410095, 
696753.26330095, 696777.10240095, 696829.37150095, 696842.07210096, 696868.99200095, 696890.53200096, 696899.47550096, 696900.85760096, 696892.05660096, 696877.63110096, 696877.40130096, 696720.23370095, 696705.36720095, 696702.26420095, 696695.19390095, 696681.21980095, 696653.03680095, 696647.57190095, 696621.58560095, 696618.12380095, 696597.32440095, 696594.99230095, 696592.61590095, 696523.39580095, 696482.65710095, 696294.60770094, 696287.98880094, 696280.10070094, 696272.68550094, 696266.26990094, 
696265.56120094, 696265.72210094, 696269.31950094, 696301.32100094, 696306.79170094, 696307.39600094, 696294.62260094, 696285.30280094, 696278.20820094, 696128.19500094, 696117.24980094, 696116.15970094, 696107.26020094, 696105.18930094, 696098.08770094, 696015.95360093, 696005.23830093, 695989.27880093, 695978.65870093, 695976.33150093, 695969.45830093, 695966.26320093, 695963.52070093, 695960.29890093, 695960.19430093, 695959.40860093, 695958.64110093, 695957.82360093, 695951.42990093, 695940.09040093, 
695940.70040093, 695938.69930093, 695941.77830093, 695958.94480093, 695980.70210093, 696004.03190093, 696023.40900093, 696024.85650093, 696010.76860093, 695996.18540093, 695988.32390093, 695926.36900093, 695861.34320093, 695815.35990093, 695814.01420093, 695738.06930093, 695663.94130093, 695596.07910092, 695548.95330092, 695543.02050092, 695540.73540092, 695532.10910092, 695516.57450092, 695515.95560092, 695513.00000092, 695511.13060092, 695509.35040092, 695491.54550092, 695489.74510092, 695487.92140092, 
695473.13950092, 695468.84490092, 695463.59910092, 695451.74290092, 695409.08070092, 695398.35520092, 695390.80760092, 695336.25230092, 695205.96900092, 695207.39280092, 695083.84120091, 694974.91160091, 5345089.52109772, 5345110.76169772, 5345068.35229772, 5345049.17969772, 5345052.49829773, 5345053.52019773, 5345053.63249773, 5345052.21099773, 5345049.04849773, 5344999.28659773, 5344975.46849773, 5344971.60139773, 5344963.92689773, 5344955.39239773, 5344948.26569773, 5344941.23579773, 5344938.20699773, 
5344934.71799773, 5344928.07299773, 5344917.79109773, 5344917.61119773, 5344917.05649773, 5344916.79549773, 5344915.39789774, 5344918.16789774, 5344918.57369774, 5344918.91519774, 5344918.95669774, 5344918.07489774, 5344917.81099774, 5344917.67649774, 5344918.91279774, 5344920.31469775, 5344919.54849775, 5344918.86709775, 5344918.67439775, 5344918.55499775, 5344917.10389775, 5344913.90599776, 5344910.49319776, 5344910.49299775, 5344910.33989776, 5344910.12589776, 5344912.61779776, 5344918.32859776, 
5344922.82089776, 5344923.70139777, 5344924.18159777, 5344938.07209778, 5344881.31039778, 5344824.83849778, 5344816.93069778, 5344814.48219778, 5344760.93319778, 5344759.54699778, 5344749.78649778, 5344728.72149778, 5344673.86849778, 5344674.61749779, 5344675.02289779, 5344677.28409779, 5344677.39639779, 5344677.82359779, 5344678.27729779, 5344678.60899779, 5344677.59629779, 5344676.34789779, 5344674.77249779, 5344672.93929779, 5344670.95899779, 5344668.72299779, 5344666.20349779, 5344665.5865978, 
5344664.5935978, 5344663.9045978, 5344663.5981978, 5344663.6834978, 5344663.7278978, 5344663.4229978, 5344663.2281978, 5344662.7013978, 5344662.3477978, 5344661.8303978, 5344661.5063978, 5344661.2307978, 5344661.7194978, 5344662.8178978, 5344664.4693978, 5344667.0939978, 5344670.3143978, 5344673.1886978, 5344677.25749781, 5344670.71059781, 5344733.13799781, 5344805.49199781, 5344851.56949781, 5344859.85239781, 5344864.30969781, 5344890.0470978, 5344904.24229781, 5344905.6417978, 5344914.5446978, 
5344978.56559781, 5344945.82029782, 5344936.15349781, 5344933.67759782, 5344922.96279781, 5344923.79399782, 5344875.30569781, 5344866.05219781, 5344854.34989781, 5344838.05149782, 5344806.38829782, 5344799.08739782, 5344788.14589782, 5344778.49489782, 5344772.86409782, 5344760.21049782, 5344750.46369782, 5344748.02389782, 5344740.07329782, 5344731.55749782, 5344715.98449782, 5344698.99919782, 5344683.18279782, 5344667.27889782, 5344651.18249782, 5344635.07819782, 5344629.11459782, 5344546.10229781, 
5344538.69379781, 5344503.38409781, 5344495.90919781, 5344485.50409781, 5344473.06049781, 5344448.85829781, 5344433.56469781, 5344428.18129781, 5344410.67509781, 5344395.92049781, 5344358.8930978, 5344354.8383978, 5344333.5106978, 5344325.4182978, 5344291.4784978, 5344282.8543978, 5344274.6840978, 5344258.1518978, 5344250.2102978, 5344235.8754978, 5344177.6130978, 5344169.4235978, 5344161.5394978, 5344153.5084978, 5344064.63369779, 5344033.17699779, 5344017.11769779, 5343976.94439779, 5343968.79329779, 
5343960.33999779, 5343954.77529779, 5343961.67999779, 5343931.07759779, 5343933.8233978, 5343935.5810978, 5343938.64679781, 5343939.3257978, 5343939.87309781, 5343942.74449781, 5343943.75759781, 5343945.82999782, 5343945.95349782, 5343945.88359782, 5343883.86359782, 5343879.86909782, 5343875.32569782, 5343859.36669782, 5343856.43469782, 5343852.18009782, 5343849.23369782, 5343847.89659782, 5343847.85629783, 5343848.40179782, 5343826.96789783, 5343818.77159783, 5343801.67759783, 5343770.91959782, 
5343753.95989783, 5343676.97449784, 5343653.23959784, 5343649.48149784, 5343607.26329784, 5343541.68489784, 5343482.73069784, 5343479.03059784, 5343467.99589784, 5343463.25709784, 5343431.44789784, 5343404.19459784, 5343363.91529784, 5343351.31019784, 5343286.74619784, 5343280.18489784, 5343279.06399785, 5343278.76389785, 5343278.81939785, 5343278.20149785, 5343278.37959785, 5343279.22609785, 5343283.74999786, 5343283.87639786, 5343279.81819787, 5343279.69979787, 5343278.81389788, 5343282.78099788, 
5343286.62599789, 5343278.3389979, 5343276.9185979, 5343272.14239791, 5343270.75229791, 5343268.01189791, 5343267.32019791, 5343267.10549791, 5343266.91719791, 5343266.78499791, 5343266.11029791, 5343265.97769791, 5343265.91229791, 5343225.95219791, 5343188.51989791, 5343120.11819792, 5342921.75299791, 5342662.79729792, 5342400.70109792, 5342389.10809792, 5341868.49119793, 5341890.35749792, 5341934.7078979, 5341924.3564979, 5341913.4256979, 5341912.9531979, 5341905.0928979, 5341887.9127979, 5341850.4174979, 
5341724.8566979, 5341716.0976979, 5341676.1296979, 5341636.9054979, 5341632.7588979, 5341578.0815979, 5341576.7698979, 5341562.0362979, 5341414.5900979, 5341415.7013979, 5341419.80109791, 5341422.58309791, 5341420.61739791, 5341405.54859791, 5341389.5018979, 5341373.46859791, 5341357.45469791, 5341341.40759791, 5341338.85439791, 5341337.0689979, 5341325.38089791, 5341309.35839791, 5341294.8196979, 5341293.31379791, 5341280.28839791, 5341265.7479979, 5341250.95089791, 5341236.7120979, 5341236.1436979, 
5341221.33369791, 5341204.53209791, 5341195.79119791, 5341187.7101979, 5341170.9349979, 5341160.66979791, 5341154.19119791, 5341137.5673979, 5341135.5314979, 5341121.1256979, 5341103.75649791, 5341094.56119791, 5341086.36479791, 5341078.85479791, 5341068.99349791, 5341055.63139791, 5341034.24939791, 5341026.49919791, 5341023.42839791, 5341020.28779791, 5341017.15139791, 5341014.46819791, 5341011.84669792, 5341011.56699792, 5341011.38179791, 5341009.56459792, 5341007.36279792, 5341006.20799792, 5341005.11129792, 
5341002.83819792, 5341001.72759792, 5341000.64449792, 5341000.38379792, 5340998.39839792, 5340996.25829792, 5340995.17649792, 5340994.06689793, 5340991.97569793, 5340989.92859793, 5340988.97849793, 5340986.14839793, 5340985.99909793, 5340986.91819793, 5340985.67389793, 5340982.91559793, 5340891.07559793, 5340714.88349793, 5340701.35419793, 5340428.36329793, 5340412.89789793, 5340288.85239793, 5340035.25799793, 5339729.76939792, 5339605.39339793, 5339276.72119792, 5339268.67179792, 5339158.82499792, 
5339154.15049793, 5339147.26519793, 5339142.68639793, 5339134.38309793, 5339115.22809794, 5338825.60719794, 5338675.27049794, 5338539.69179794, 5338521.40169794, 5338430.56689794, 5338346.64299793, 5338314.35229794, 5338296.61709794, 5338232.61739794, 5338172.07079794, 5338103.50759794, 5338094.98939794, 5338093.31639794, 5338091.47509795, 5338091.40459795, 5338042.46929795, 5338026.07199795, 5338019.19739796, 5337750.28689795, 5337741.99049795, 5337732.92159795, 5337622.30419795, 5337613.62749795, 
5337539.21099795, 5337428.31269795, 5337423.62819795, 5337414.95849795, 5337306.68729795, 5337288.81699795, 5337182.70219795, 5337162.70779795, 5337075.02959795, 5337059.76919795, 5337045.41919795, 5336828.78749795, 5336710.01169795, 5336692.67039795, 5336659.36549794, 5336652.21949794, 5336649.67959794, 5336624.30089794, 5336623.73359794, 5336597.27189794, 5336554.88879794, 5336556.64619794, 5336539.88869794, 5336470.93729794, 5336463.41889794, 5336455.07439794, 5336452.60069794, 5336437.35149794, 
5336432.20539794, 5336430.57329794, 5336431.13689794, 5336434.28259794, 5336443.16229794, 5336440.44649794, 5336419.38469793, 5336405.97199793, 5336403.06319793, 5336399.45229793, 5336400.24799792, 5336395.76249792, 5336395.74449792, 5336393.78389792, 5336436.39359792, 5336465.80909792, 5336483.23519792, 5336575.03779791, 5336574.40009791, 5336571.17419791, 5336567.61649791, 5336558.54289791, 5336530.16099791, 5336528.89579791, 5336547.00099791, 5336560.05649791, 5336573.48399791, 5336574.45159791, 
5336575.47349791, 5336575.64479791, 5336575.80629791, 5336577.41919791, 5336578.82479791, 5336580.26269791, 5336581.49129791, 5336582.30459791, 5336586.95909791, 5336589.73179791, 5336592.37389791, 5336597.54469791, 5336598.64169791, 5336599.96589791, 5336601.09379791, 5336602.5530979, 5336607.4089979, 5336610.1322979, 5336612.4361979, 5336614.9719979, 5336618.1549979, 5336624.1422979, 5336628.1868979, 5336642.5821979, 5336652.7992979, 5336660.9103979, 5336681.6623979, 5336692.7522979, 5336693.2304979, 
5336702.2611979, 5336711.0576979, 5336712.8753979, 5336718.1442979, 5336729.4733979, 5336738.0892979, 5336746.4523979, 5336779.8102979, 5336808.7095979, 5336821.0355979, 5336826.1614979, 5336833.4059979, 5336851.3028979, 5336854.2897979, 5336859.0903979, 5336869.9336979, 5336886.5045979, 5336914.2966979, 5336933.5253979, 5336933.3471979, 5336934.1643979, 5336939.1628979, 5336945.1441979, 5336945.2500979, 5336945.2272979, 5336944.2616979, 5336941.15359789, 5336934.35879789, 5336925.48179789, 5336918.85309789, 
5336908.86289789, 5336884.16079789, 5336834.78579789, 5336785.12599789, 5336774.81479789, 5336692.42849789, 5336571.01769788, 5336522.24429788, 5336473.83719788, 5336412.02879788, 5336365.35819788, 5336304.36339787, 5336231.94069787, 5336174.53139786, 5336164.41979786, 5336172.74359786, 5336171.97169786, 5336221.87809786, 5336223.15009786, 5336303.13919785, 5336350.93279785, 5336354.83219785, 5336497.20669785, 5336533.64759784, 5336627.28939784, 5336649.22029784, 5336822.07509783, 5336962.69289783, 
5336998.02899783, 5337013.34389782, 5337024.43859783, 5337035.71779782, 5337072.95799782, 5337150.15859782, 5337212.93059782, 5337586.9807978, 5337615.3276978, 5337632.6252978, 5338145.07109778, 5338221.10859778, 5338276.37459777, 5338372.57089777, 5338373.91459777, 5338379.05259777, 5338381.21259777, 5338382.45819777, 5338385.73689777, 5338391.08289777, 5338390.89149777, 5338391.37519777, 5338402.61459777, 5338410.37229777, 5338419.67099777, 5338421.57479777, 5338433.04769777, 5338435.47109777, 
5338438.07309776, 5338440.78199777, 5338443.52209777, 5338452.50599777, 5338505.75499776, 5338524.02159776, 5338540.76149776, 5338590.87159776, 5338659.64849776, 5338685.15849775, 5338778.69559775, 5338814.03919775, 5338908.33669775, 5338997.50259774, 5339006.84199774, 5339166.74819773, 5339302.86689773, 5339405.78039772, 5339510.00499772, 5339631.96039771, 5339713.55079771, 5339708.78639771, 5339704.16139771, 5339677.75489771, 5339675.47719771, 5339671.73919771, 5339659.1448977, 5339654.8399977, 
5339652.7607977, 5339650.4305977, 5339641.0810977, 5339636.2861977, 5339633.2115977, 5339625.2942977, 5339617.4576977, 5339614.7898977, 5339613.0315977, 5339595.0418977, 5339588.2206977, 5339608.0808977, 5339627.8390977, 5339683.2942977, 5339690.86789769, 5339701.5789977, 5339729.5027977, 5339833.12009769, 5339857.99189769, 5339884.17809769, 5339883.67799769, 5339896.50489769, 5339907.56459769, 5339914.52959769, 5339920.20229769, 5339925.58989769, 5339929.80219769, 5339941.71369769, 5339960.47769768, 
5339976.45169768, 5339996.33829768, 5340013.05789768, 5340025.37769768, 5340033.78449769, 5340034.35629768, 5340036.07579768, 5340039.32669768, 5340043.53179768, 5340046.80429768, 5340047.92369768, 5340052.03139768, 5340058.37289768, 5340059.54049769, 5340065.44139769, 5340056.86359769, 5340097.33629769, 5340117.66329769, 5340119.18249769, 5340130.93149769, 5340142.64999769, 5340149.46269769, 5340150.01609769, 5340151.72109769, 5340165.47609769, 5340169.93769769, 5340226.22219769, 5340320.77599769, 
5340408.74379768, 5340501.33019768, 5340590.81909768, 5340681.59949767, 5340776.63719767, 5340871.19009767, 5340967.39009767, 5341059.92759766, 5341156.46049766, 5341250.55639766, 5341345.46909766, 5341424.30529765, 5341440.27569765, 5341535.99899765, 5341631.85219765, 5341727.16149765, 5341815.05659764, 5341912.42619764, 5342026.47999764, 5342127.42879764, 5342216.08179764, 5342316.08349764, 5342411.22259764, 5342422.99369764, 5342439.69909763, 5342459.44569763, 5342499.86299763, 5342505.26989763, 
5342527.88539763, 5342577.82729763, 5342650.08989762, 5342670.86229762, 5342694.43619762, 5342710.99249761, 5342768.86579761, 5342797.7111976, 5342826.3998976, 5342894.7843976, 5342959.43169759, 5342963.54569759, 5342965.15119759, 5342965.90029759, 5343001.13369759, 5343002.60769759, 5343003.88539759, 5343005.60339759, 5343006.75489759, 5343038.59849759, 5343052.01879759, 5343066.51009758, 5343117.09099758, 5343230.21509758, 5343231.52749758, 5343315.46629758, 5343413.50979757, 5343510.89319757, 
5343609.43429757, 5343708.08719757, 5343809.78609757, 5343817.16779757, 5343901.63739759, 5343909.81269759, 5343911.49829759, 5343915.32879759, 5343922.88779759, 5343938.19119759, 5343941.15949759, 5343955.27469759, 5343957.15469759, 5343968.4472976, 5343969.4768976, 5343970.53389759, 5344001.2505976, 5344021.1906976, 5344116.59929762, 5344126.05139762, 5344136.97729762, 5344144.10429762, 5344149.18859762, 5344152.98429762, 5344154.76219762, 5344165.70229762, 5344187.38869762, 5344199.59909762, 5344202.08409762, 
5344207.05829762, 5344210.68819762, 5344213.45659762, 5344271.91649763, 5344276.10989763, 5344276.59729763, 5344279.96929763, 5344280.71839763, 5344283.44159763, 5344315.06159764, 5344345.64369764, 5344383.74039764, 5344413.99249764, 5344420.26719764, 5344439.84809764, 5344448.94939764, 5344461.25319764, 5344475.31989764, 5344476.71699764, 5344487.32579764, 5344497.71519764, 5344524.50949764, 5344543.48609764, 5344580.92439764, 5344605.27899765, 5344633.79759765, 5344646.42919765, 5344669.78949764, 
5344693.49229764, 5344718.50929764, 5344748.44019764, 5344755.41299764, 5344762.53769764, 5344771.36259764, 5344782.56159764, 5344795.56959765, 5344805.56659765, 5344815.45729765, 5344811.72129765, 5344834.77109766, 5344863.54889767, 5344886.96759767, 5344904.55179767, 5344906.76149767, 5344907.61279768, 5344890.24059767, 5344895.74869768, 5344895.96489768, 5344897.01029768, 5344897.67139768, 5344898.30089768, 5344904.60869768, 5344905.24659768, 5344905.89149768, 5344911.12489768, 5344912.64599768, 
5344914.50149768, 5344918.73229768, 5344933.21689768, 5344936.85739768, 5344939.41849768, 5344957.93709769, 5345004.0034977, 5345010.8330977, 5345051.93259771, 5345089.52109772))",0.7782908732423598
